brand,paint_range,paint_name,product_code,variant,size_ml,upc,ean,barcode,barcode_type,image_url,source_url,barcode_source_url,barcode_status,product_type,source_barcode,notes,retrieved_at_utc
Army Painter,Colour Primer,Colour Primer: Aegis Suit Satin Varnish,CP3027,,,,5713799302716,5713799302716,EAN-13,https://cdn.shopify.com/s/files/1/0781/9850/5747/files/CP3027S_0.jpg?v=1750957881,https://thearmypainter.com/products/colour-primers-colour-primer-aegis-suit-satin-varnish-cp3027s,https://thearmypainter.com/products/colour-primers-colour-primer-aegis-suit-satin-varnish-cp3027s,published;check_digit_valid,varnish,5713799302716,Volume not established from listing.,2026-10-02
Army Painter,Colour Primer,Colour Primer: Alien Purple,CP3019,,,,5713799301917,5713799301917,EAN-13,https://cdn.shopify.com/s/files/1/0781/9850/5747/files/CP3019S_0.jpg?v=1750957881,https://thearmypainter.com/products/colour-primers-colour-primer-alien-purple-cp3019s,https://thearmypainter.com/products/colour-primers-colour-primer-alien-purple-cp3019s,published;check_digit_valid,primer,5713799301917,Volume not established from listing.,2026-10-02
Army Painter,Colour Primer,Colour Primer: Angel Green,CP3020,,,,5713799302013,5713799302013,EAN-13,https://cdn.shopify.com/s/files/1/0781/9850/5747/files/CP3020S_0.jpg?v=1750957881,https://thearmypainter.com/products/colour-primers-colour-primer-angel-green-cp3020s,https://thearmypainter.com/products/colour-primers-colour-primer-angel-green-cp3020s,published;check_digit_valid,primer,5713799302013,Volume not established from listing.,2026-10-02
Army Painter,Colour Primer,Colour Primer: Anti Shine Matt Varnish,CP3003,,400,,5713799300316,5713799300316,EAN-13,https://cdn.shopify.com/s/files/1/0781/9850/5747/files/CP3003S_0.jpg?v=1750957881,https://thearmypainter.com/products/colour-primers-colour-primer-anti-shine-matt-varnish-cp3003s,https://thearmypainter.com/products/colour-primers-colour-primer-anti-shine-matt-varnish-cp3003s,published;check_digit_valid,varnish,5713799300316,Volume not established from listing. Additional listing: https://gnomishbazaar.com/products/the-army-painter-colour-primer-matt-varnish-400ml-cp3003,2026-10-02
Army Painter,Colour Primer,Colour Primer: Army Green,CP3005,,,,5713799300514,5713799300514,EAN-13,https://cdn.shopify.com/s/files/1/0781/9850/5747/files/CP3005S_0.jpg?v=1750957881,https://thearmypainter.com/products/colour-primers-colour-primer-army-green-cp3005s,https://thearmypainter.com/products/colour-primers-colour-primer-army-green-cp3005s,published;check_digit_valid,primer,5713799300514,Volume not established from listing.,2026-10-02
Army Painter,Colour Primer,Colour Primer: Ash Grey,CP3029,,400,,5713799302914,5713799302914,EAN-13,https://cdn.shopify.com/s/files/1/0781/9850/5747/files/CP3029S_0.jpg?v=1750957881,https://thearmypainter.com/products/colour-primers-colour-primer-ash-grey-cp3029s,https://thearmypainter.com/products/colour-primers-colour-primer-ash-grey-cp3029s,published;check_digit_valid,primer,5713799302914,Volume not established from listing. Additional listing: https://gnomishbazaar.com/products/the-army-painter-colour-primer-ash-grey-400ml-cp3029,2026-10-02
Army Painter,Colour Primer,Colour Primer: Barbarian Flesh,CP3007,,,,5713799300712,5713799300712,EAN-13,https://cdn.shopify.com/s/files/1/0781/9850/5747/files/CP3007S_0.jpg?v=1750957881,https://thearmypainter.com/products/colour-primers-colour-primer-barbarian-flesh-cp3007s,https://thearmypainter.com/products/colour-primers-colour-primer-barbarian-flesh-cp3007s,published;check_digit_valid,primer,5713799300712,Volume not established from listing.,2026-10-02
Army Painter,Colour Primer,Colour Primer: Brainmatter Beige,CP3031,,,,5713799303119,5713799303119,EAN-13,https://cdn.shopify.com/s/files/1/0781/9850/5747/files/CP3031S_0.jpg?v=1750957881,https://thearmypainter.com/products/colour-primers-colour-primer-brainmatter-beige-cp3031s,https://thearmypainter.com/products/colour-primers-colour-primer-brainmatter-beige-cp3031s,published;check_digit_valid,primer,5713799303119,Volume not established from listing.,2026-10-02
Army Painter,Colour Primer,Colour Primer: Daemonic Yellow,CP3015,,,,5713799301511,5713799301511,EAN-13,https://cdn.shopify.com/s/files/1/0781/9850/5747/files/CP3015S_0.jpg?v=1750957881,https://thearmypainter.com/products/colour-primers-colour-primer-daemonic-yellow-cp3015s,https://thearmypainter.com/products/colour-primers-colour-primer-daemonic-yellow-cp3015s,published;check_digit_valid,primer,5713799301511,Volume not established from listing.,2026-10-02
Army Painter,Colour Primer,Colour Primer: Desert Yellow,CP3011,,,,5713799301115,5713799301115,EAN-13,https://cdn.shopify.com/s/files/1/0781/9850/5747/files/CP3011S_0.jpg?v=1750957881,https://thearmypainter.com/products/colour-primers-colour-primer-desert-yellow-cp3011s,https://thearmypainter.com/products/colour-primers-colour-primer-desert-yellow-cp3011s,published;check_digit_valid,primer,5713799301115,Volume not established from listing.,2026-10-02
Army Painter,Colour Primer,Colour Primer: Dragon Red,CP3018,,,,5713799301818,5713799301818,EAN-13,https://cdn.shopify.com/s/files/1/0781/9850/5747/files/CP3018S_0.jpg?v=1750957881,https://thearmypainter.com/products/colour-primers-colour-primer-dragon-red-cp3018s,https://thearmypainter.com/products/colour-primers-colour-primer-dragon-red-cp3018s,published;check_digit_valid,primer,5713799301818,Volume not established from listing.,2026-10-02
Army Painter,Colour Primer,Colour Primer: Fur Brown,CP3016,,,,5713799301610,5713799301610,EAN-13,https://cdn.shopify.com/s/files/1/0781/9850/5747/files/CP3016S_0.jpg?v=1750957881,https://thearmypainter.com/products/colour-primers-colour-primer-fur-brown-cp3016s,https://thearmypainter.com/products/colour-primers-colour-primer-fur-brown-cp3016s,published;check_digit_valid,primer,5713799301610,Volume not established from listing.,2026-10-02
Army Painter,Colour Primer,Colour Primer: Greedy Gold,CP3028,,,,5713799302815,5713799302815,EAN-13,https://cdn.shopify.com/s/files/1/0781/9850/5747/files/CP3028S_0.jpg?v=1750957881,https://thearmypainter.com/products/colour-primers-colour-primer-greedy-gold-cp3028s,https://thearmypainter.com/products/colour-primers-colour-primer-greedy-gold-cp3028s,published;check_digit_valid,primer,5713799302815,Volume not established from listing.,2026-10-02
Army Painter,Colour Primer,Colour Primer: Greenskin,CP3014,,,,5713799301412,5713799301412,EAN-13,https://cdn.shopify.com/s/files/1/0781/9850/5747/files/CP3014S_0.jpg?v=1750957881,https://thearmypainter.com/products/colour-primers-colour-primer-greenskin-cp3014s,https://thearmypainter.com/products/colour-primers-colour-primer-greenskin-cp3014s,published;check_digit_valid,primer,5713799301412,Volume not established from listing.,2026-10-02
Army Painter,Colour Primer,Colour Primer: Gun Metal,CP3025,,,,5713799302518,5713799302518,EAN-13,https://cdn.shopify.com/s/files/1/0781/9850/5747/files/CP3025S_0.jpg?v=1750957881,https://thearmypainter.com/products/colour-primers-colour-primer-gun-metal-cp3025s,https://thearmypainter.com/products/colour-primers-colour-primer-gun-metal-cp3025s,published;check_digit_valid,primer,5713799302518,Volume not established from listing.,2026-10-02
Army Painter,Colour Primer,Colour Primer: Leather Brown,CP3004,,,,5713799300415,5713799300415,EAN-13,https://cdn.shopify.com/s/files/1/0781/9850/5747/files/CP3004S_0.jpg?v=1750957881,https://thearmypainter.com/products/colour-primers-colour-primer-leather-brown-cp3004s,https://thearmypainter.com/products/colour-primers-colour-primer-leather-brown-cp3004s,published;check_digit_valid,primer,5713799300415,Volume not established from listing.,2026-10-02
Army Painter,Colour Primer,Colour Primer: Matt Black,CP3001,,400,,5713799300118,5713799300118,EAN-13,https://cdn.shopify.com/s/files/1/0781/9850/5747/files/CP3001S_0.jpg?v=1750957881,https://thearmypainter.com/products/colour-primers-colour-primer-matt-black-cp3001s,https://thearmypainter.com/products/colour-primers-colour-primer-matt-black-cp3001s,published;check_digit_valid,primer,5713799300118,Volume not established from listing. Additional listing: https://gnomishbazaar.com/products/the-army-painter-colour-primer-matt-black-400ml-cp3001,2026-10-02
Army Painter,Colour Primer,Colour Primer: Matt White,CP3002,,400,,5713799300217,5713799300217,EAN-13,https://cdn.shopify.com/s/files/1/0781/9850/5747/files/CP3002S_0.jpg?v=1750957881,https://thearmypainter.com/products/colour-primers-colour-primer-matt-white-cp3002s,https://thearmypainter.com/products/colour-primers-colour-primer-matt-white-cp3002s,published;check_digit_valid,primer,5713799300217,Volume not established from listing. Additional listing: https://gnomishbazaar.com/products/the-army-painter-colour-primer-matt-white-cp3002,2026-10-02
Army Painter,Colour Primer,Colour Primer: Necrotic Flesh,CP3013,,,,5713799301313,5713799301313,EAN-13,https://cdn.shopify.com/s/files/1/0781/9850/5747/files/CP3013S_0.jpg?v=1750957881,https://thearmypainter.com/products/colour-primers-colour-primer-necrotic-flesh-cp3013s,https://thearmypainter.com/products/colour-primers-colour-primer-necrotic-flesh-cp3013s,published;check_digit_valid,primer,5713799301313,Volume not established from listing.,2026-10-02
Army Painter,Colour Primer,Colour Primer: Oak Brown,CP3030,,,,5713799303010,5713799303010,EAN-13,https://cdn.shopify.com/s/files/1/0781/9850/5747/files/CP3030S_0.jpg?v=1750957882,https://thearmypainter.com/products/colour-primers-colour-primer-oak-brown-cp3030s,https://thearmypainter.com/products/colour-primers-colour-primer-oak-brown-cp3030s,published;check_digit_valid,primer,5713799303010,Volume not established from listing.,2026-10-02
Army Painter,Colour Primer,Colour Primer: Plate Mail Metal,CP3008,,,,5713799300811,5713799300811,EAN-13,https://cdn.shopify.com/s/files/1/0781/9850/5747/files/CP3008S_0.jpg?v=1750957881,https://thearmypainter.com/products/colour-primers-colour-primer-plate-mail-metal-cp3008s,https://thearmypainter.com/products/colour-primers-colour-primer-plate-mail-metal-cp3008s,published;check_digit_valid,primer,5713799300811,Volume not established from listing.,2026-10-02
Army Painter,Colour Primer,Colour Primer: Pure Red,CP3006,,,,5713799300613,5713799300613,EAN-13,https://cdn.shopify.com/s/files/1/0781/9850/5747/files/CP3006S_0.jpg?v=1750957881,https://thearmypainter.com/products/colour-primers-colour-primer-pure-red-cp3006s,https://thearmypainter.com/products/colour-primers-colour-primer-pure-red-cp3006s,published;check_digit_valid,primer,5713799300613,Volume not established from listing.,2026-10-02
Army Painter,Colour Primer,Colour Primer: Skeleton Bone,CP3012,,,,5713799301214,5713799301214,EAN-13,https://cdn.shopify.com/s/files/1/0781/9850/5747/files/CP3012S_0.jpg?v=1750957881,https://thearmypainter.com/products/colour-primers-colour-primer-skeleton-bone-cp3012s,https://thearmypainter.com/products/colour-primers-colour-primer-skeleton-bone-cp3012s,published;check_digit_valid,primer,5713799301214,Volume not established from listing.,2026-10-02
Army Painter,Colour Primer,Colour Primer: Ultramarine Blue,CP3022,,,,5713799302211,5713799302211,EAN-13,https://cdn.shopify.com/s/files/1/0781/9850/5747/files/CP3022S_0.jpg?v=1750957881,https://thearmypainter.com/products/colour-primers-colour-primer-ultramarine-blue-cp3022s,https://thearmypainter.com/products/colour-primers-colour-primer-ultramarine-blue-cp3022s,published;check_digit_valid,primer,5713799302211,Volume not established from listing.,2026-10-02
Army Painter,Colour Primer,Colour Primer: Uniform Grey,CP3010,,400,,5713799301016,5713799301016,EAN-13,https://cdn.shopify.com/s/files/1/0781/9850/5747/files/CP3010S_0.jpg?v=1750957881,https://thearmypainter.com/products/colour-primers-colour-primer-uniform-grey-cp3010s,https://thearmypainter.com/products/colour-primers-colour-primer-uniform-grey-cp3010s,published;check_digit_valid,primer,5713799301016,Volume not established from listing. Additional listing: https://gnomishbazaar.com/products/the-army-painter-colour-primer-uniform-grey-400ml-cp3010,2026-10-02
Army Painter,Colour Primer,Colour Primer: Wolf Grey,CP3021,,,,5713799302112,5713799302112,EAN-13,https://cdn.shopify.com/s/files/1/0781/9850/5747/files/CP3021S_0.jpg?v=1750957881,https://thearmypainter.com/products/colour-primers-colour-primer-wolf-grey-cp3021s,https://thearmypainter.com/products/colour-primers-colour-primer-wolf-grey-cp3021s,published;check_digit_valid,primer,5713799302112,Volume not established from listing.,2026-10-02
Army Painter,GameMaster,GameMaster Terrain Primer: Desert & Arid Wastes,GM3005,,300,,5713799300590,5713799300590,EAN-13,https://cdn.shopify.com/s/files/1/0781/9850/5747/files/GM3005P_0.jpg?v=1750957882,https://thearmypainter.com/products/gamemaster-gamemaster-terrain-primer-desert-arid-wastes-gm3005p,https://thearmypainter.com/products/gamemaster-gamemaster-terrain-primer-desert-arid-wastes-gm3005p,published;check_digit_valid,primer,5713799300590,,2026-10-02
Army Painter,GameMaster,GameMaster Terrain Primer: Dungeon & Subterrain,GM3001,,300,,5713799300194,5713799300194,EAN-13,https://cdn.shopify.com/s/files/1/0781/9850/5747/files/GM3001P_0.jpg?v=1750957882,https://thearmypainter.com/products/gamemaster-gamemaster-terrain-primer-dungeon-subterrain-gm3001p,https://thearmypainter.com/products/gamemaster-gamemaster-terrain-primer-dungeon-subterrain-gm3001p,published;check_digit_valid,primer,5713799300194,,2026-10-02
Army Painter,GameMaster,GameMaster Terrain Primer: Ruins & Cliffs,GM3002,,300,,5713799300293,5713799300293,EAN-13,https://cdn.shopify.com/s/files/1/0781/9850/5747/files/GM3002P_0.jpg?v=1750957882,https://thearmypainter.com/products/gamemaster-gamemaster-terrain-primer-ruins-cliffs-gm3002p,https://thearmypainter.com/products/gamemaster-gamemaster-terrain-primer-ruins-cliffs-gm3002p,published;check_digit_valid,primer,5713799300293,,2026-10-02
Army Painter,GameMaster,GameMaster Terrain Primer: Snow & Tundra,GM3004,,300,,5713799300491,5713799300491,EAN-13,https://cdn.shopify.com/s/files/1/0781/9850/5747/files/GM3004P_0.jpg?v=1750957882,https://thearmypainter.com/products/gamemaster-gamemaster-terrain-primer-snow-tundra-gm3004p,https://thearmypainter.com/products/gamemaster-gamemaster-terrain-primer-snow-tundra-gm3004p,published;check_digit_valid,primer,5713799300491,,2026-10-02
Army Painter,GameMaster,GameMaster Terrain Primer: Wilderness & Woodlands,GM3003,,300,,5713799300392,5713799300392,EAN-13,https://cdn.shopify.com/s/files/1/0781/9850/5747/files/GM3003P_0.jpg?v=1750957882,https://thearmypainter.com/products/gamemaster-gamemaster-terrain-primer-wilderness-woodlands-gm3003p,https://thearmypainter.com/products/gamemaster-gamemaster-terrain-primer-wilderness-woodlands-gm3003p,published;check_digit_valid,primer,5713799300392,,2026-10-02
Army Painter,GameMaster,GameMaster: Matt Sealer,GM3006,,300,,5713799300699,5713799300699,EAN-13,https://cdn.shopify.com/s/files/1/0781/9850/5747/files/GM3006P_0.jpg?v=1750957882,https://thearmypainter.com/products/gamemaster-game-master-matt-sealer-gm3006p,https://thearmypainter.com/products/gamemaster-game-master-matt-sealer-gm3006p,published;check_digit_valid,varnish,5713799300699,,2026-10-02
Army Painter,John Blanche,John Blanche Masterclass: Ashroot,WP4106,,,,5713799410602,5713799410602,EAN-13,https://cdn.shopify.com/s/files/1/0781/9850/5747/files/WP4106-PROMOWeb01.png?v=1773753844,https://thearmypainter.com/products/masterclass-john-blanche-ashroot-wp4106p,https://thearmypainter.com/products/masterclass-john-blanche-ashroot-wp4106p,published;check_digit_valid,paint,5713799410602,Volume not established from listing.,2026-10-02
Army Painter,John Blanche,John Blanche Masterclass: Banshee Brown,WP4005,,,,5713799400504,5713799400504,EAN-13,https://cdn.shopify.com/s/files/1/0781/9850/5747/files/WP4005P_0.png?v=1753488998,https://thearmypainter.com/products/masterclass-jb-banshee-brown-wp4005p,https://thearmypainter.com/products/masterclass-jb-banshee-brown-wp4005p,published;check_digit_valid,paint,5713799400504,Volume not established from listing.,2026-10-02
Army Painter,John Blanche,John Blanche Masterclass: Blanched Berry,WP4014,,,,5713799401402,5713799401402,EAN-13,https://cdn.shopify.com/s/files/1/0781/9850/5747/files/WP4014P_0.png?v=1753488999,https://thearmypainter.com/products/masterclass-jb-blanched-berry-wp4014p,https://thearmypainter.com/products/masterclass-jb-blanched-berry-wp4014p,published;check_digit_valid,paint,5713799401402,Volume not established from listing.,2026-10-02
Army Painter,John Blanche,John Blanche Masterclass: Blighted Green,WP4004,,,,5713799400405,5713799400405,EAN-13,https://cdn.shopify.com/s/files/1/0781/9850/5747/files/WP4004P_0.png?v=1753488998,https://thearmypainter.com/products/masterclass-jb-blighted-green-wp4004p,https://thearmypainter.com/products/masterclass-jb-blighted-green-wp4004p,published;check_digit_valid,paint,5713799400405,Volume not established from listing.,2026-10-02
Army Painter,John Blanche,John Blanche Masterclass: Blood Thorn,WP4117,,,,5713799411715,5713799411715,EAN-13,https://cdn.shopify.com/s/files/1/0781/9850/5747/files/WP4117-PROMOWeb01.png?v=1773753984,https://thearmypainter.com/products/masterclass-john-blanche-blood-thorn-wp4117p,https://thearmypainter.com/products/masterclass-john-blanche-blood-thorn-wp4117p,published;check_digit_valid,paint,5713799411715,Volume not established from listing.,2026-10-02
Army Painter,John Blanche,John Blanche Masterclass: Bloodmoon Red,WP4006,,,,5713799400603,5713799400603,EAN-13,https://cdn.shopify.com/s/files/1/0781/9850/5747/files/WP4006P_0.png?v=1753488998,https://thearmypainter.com/products/masterclass-jb-bloodmoon-red-wp4006p,https://thearmypainter.com/products/masterclass-jb-bloodmoon-red-wp4006p,published;check_digit_valid,paint,5713799400603,Volume not established from listing.,2026-10-02
Army Painter,John Blanche,John Blanche Masterclass: Bramble Grove,WP4108,,,,5713799410800,5713799410800,EAN-13,https://cdn.shopify.com/s/files/1/0781/9850/5747/files/WP4108-PROMOWeb01.png?v=1773752982,https://thearmypainter.com/products/masterclass-john-blanche-bramble-grove-wp4108p,https://thearmypainter.com/products/masterclass-john-blanche-bramble-grove-wp4108p,published;check_digit_valid,paint,5713799410800,Volume not established from listing.,2026-10-02
Army Painter,John Blanche,John Blanche Masterclass: Dewpath,WP4109,,,,5713799410909,5713799410909,EAN-13,https://cdn.shopify.com/s/files/1/0781/9850/5747/files/WP4109-PROMOWeb01.png?v=1773753171,https://thearmypainter.com/products/masterclass-john-blanche-dewpath-wp4109p,https://thearmypainter.com/products/masterclass-john-blanche-dewpath-wp4109p,published;check_digit_valid,paint,5713799410909,Volume not established from listing.,2026-10-02
Army Painter,John Blanche,John Blanche Masterclass: Emberveil,WP4113,,,,5713799411319,5713799411319,EAN-13,https://cdn.shopify.com/s/files/1/0781/9850/5747/files/WP4113-PROMOWeb01.png?v=1773753954,https://thearmypainter.com/products/masterclass-john-blanche-emberveil-wp4113p,https://thearmypainter.com/products/masterclass-john-blanche-emberveil-wp4113p,published;check_digit_valid,paint,5713799411319,Volume not established from listing.,2026-10-02
Army Painter,John Blanche,John Blanche Masterclass: Emperor Gold,WP4009,,,,5713799400900,5713799400900,EAN-13,https://cdn.shopify.com/s/files/1/0781/9850/5747/files/WP4009P_0.png?v=1753488998,https://thearmypainter.com/products/masterclass-jb-emperor-gold-wp4009p,https://thearmypainter.com/products/masterclass-jb-emperor-gold-wp4009p,published;check_digit_valid,paint,5713799400900,Volume not established from listing.,2026-10-02
Army Painter,John Blanche,John Blanche Masterclass: Fiery Vermilion,WP4010,,,,5713799401006,5713799401006,EAN-13,https://cdn.shopify.com/s/files/1/0781/9850/5747/files/WP4010P_0.png?v=1753488998,https://thearmypainter.com/products/masterclass-jb-fiery-vermilion-wp4010p,https://thearmypainter.com/products/masterclass-jb-fiery-vermilion-wp4010p,published;check_digit_valid,paint,5713799401006,Volume not established from listing.,2026-10-02
Army Painter,John Blanche,John Blanche Masterclass: Frostveil,WP4103,,,,5713799410305,5713799410305,EAN-13,https://cdn.shopify.com/s/files/1/0781/9850/5747/files/WP4103-PROMOWeb01.png?v=1773753818,https://thearmypainter.com/products/masterclass-john-blanche-frostveil-wp4103p,https://thearmypainter.com/products/masterclass-john-blanche-frostveil-wp4103p,published;check_digit_valid,paint,5713799410305,Volume not established from listing.,2026-10-02
Army Painter,John Blanche,John Blanche Masterclass: Gladeshard,WP4120,,,,5713799412002,5713799412002,EAN-13,https://cdn.shopify.com/s/files/1/0781/9850/5747/files/WP4120-PROMOWeb01.png?v=1773754061,https://thearmypainter.com/products/masterclass-john-blanche-gladeshard-wp4120p,https://thearmypainter.com/products/masterclass-john-blanche-gladeshard-wp4120p,published;check_digit_valid,paint,5713799412002,Volume not established from listing.,2026-10-02
Army Painter,John Blanche,John Blanche Masterclass: Grim Rust,WP4018,,,,5713799401808,5713799401808,EAN-13,https://cdn.shopify.com/s/files/1/0781/9850/5747/files/WP4018P_0.png?v=1753488999,https://thearmypainter.com/products/masterclass-jb-grim-rust-wp4018p,https://thearmypainter.com/products/masterclass-jb-grim-rust-wp4018p,published;check_digit_valid,paint,5713799401808,Volume not established from listing.,2026-10-02
Army Painter,John Blanche,John Blanche Masterclass: Grimdark Shadow,WP4008,,,,5713799400801,5713799400801,EAN-13,https://cdn.shopify.com/s/files/1/0781/9850/5747/files/WP4008P_0.png?v=1753488998,https://thearmypainter.com/products/masterclass-jb-grimdark-shadow-wp4008p,https://thearmypainter.com/products/masterclass-jb-grimdark-shadow-wp4008p,published;check_digit_valid,paint,5713799400801,Volume not established from listing.,2026-10-02
Army Painter,John Blanche,John Blanche Masterclass: Grove Hollow Shade,WP4121,,,,5713799412101,5713799412101,EAN-13,https://cdn.shopify.com/s/files/1/0781/9850/5747/files/WP4121-PROMOWeb01.png?v=1773753925,https://thearmypainter.com/products/masterclass-john-blanche-grove-hollow-shade-wp4121p,https://thearmypainter.com/products/masterclass-john-blanche-grove-hollow-shade-wp4121p,published;check_digit_valid,paint,5713799412101,Volume not established from listing.,2026-10-02
Army Painter,John Blanche,John Blanche Masterclass: Hearthborn,WP4114,,,,5713799411418,5713799411418,EAN-13,https://cdn.shopify.com/s/files/1/0781/9850/5747/files/WP4114-PROMOWeb01.png?v=1773754145,https://thearmypainter.com/products/masterclass-john-blanche-hearthborn-wp4114p,https://thearmypainter.com/products/masterclass-john-blanche-hearthborn-wp4114p,published;check_digit_valid,paint,5713799411418,Volume not established from listing.,2026-10-02
Army Painter,John Blanche,John Blanche Masterclass: Heavy Metal,WP4019,,,,5713799401907,5713799401907,EAN-13,https://cdn.shopify.com/s/files/1/0781/9850/5747/files/WP4019P_0.png?v=1750957908,https://thearmypainter.com/products/masterclass-jb-heavy-metal-wp4019p,https://thearmypainter.com/products/masterclass-jb-heavy-metal-wp4019p,published;check_digit_valid,paint,5713799401907,Volume not established from listing.,2026-10-02
Army Painter,John Blanche,John Blanche Masterclass: Iceborn,WP4104,,,,5713799410404,5713799410404,EAN-13,https://cdn.shopify.com/s/files/1/0781/9850/5747/files/WP4104-PROMOWeb01.png?v=1773753057,https://thearmypainter.com/products/masterclass-john-blanche-iceborn-wp4104p,https://thearmypainter.com/products/masterclass-john-blanche-iceborn-wp4104p,published;check_digit_valid,paint,5713799410404,Volume not established from listing.,2026-10-02
Army Painter,John Blanche,John Blanche Masterclass: Ironclad Grey,WP4002,,,,5713799400207,5713799400207,EAN-13,https://cdn.shopify.com/s/files/1/0781/9850/5747/files/WP4002P_0.png?v=1753488998,https://thearmypainter.com/products/masterclass-jb-ironclad-grey-wp4002p,https://thearmypainter.com/products/masterclass-jb-ironclad-grey-wp4002p,published;check_digit_valid,paint,5713799400207,Volume not established from listing.,2026-10-02
Army Painter,John Blanche,John Blanche Masterclass: Ivory White,WP4001,,,,5713799400108,5713799400108,EAN-13,https://cdn.shopify.com/s/files/1/0781/9850/5747/files/WP4001P_0.png?v=1753488998,https://thearmypainter.com/products/masterclass-jb-ivory-white-wp4001p,https://thearmypainter.com/products/masterclass-jb-ivory-white-wp4001p,published;check_digit_valid,paint,5713799400108,Volume not established from listing.,2026-10-02
Army Painter,John Blanche,John Blanche Masterclass: Midnight Olive,WP4012,,,,5713799401204,5713799401204,EAN-13,https://cdn.shopify.com/s/files/1/0781/9850/5747/files/WP4012P_0.png?v=1750957908,https://thearmypainter.com/products/masterclass-jb-midnight-olive-wp4012p,https://thearmypainter.com/products/masterclass-jb-midnight-olive-wp4012p,published;check_digit_valid,paint,5713799401204,Volume not established from listing.,2026-10-02
Army Painter,John Blanche,John Blanche Masterclass: Moonbeam Yellow,WP4003,,,,5713799400306,5713799400306,EAN-13,https://cdn.shopify.com/s/files/1/0781/9850/5747/files/WP4003P_0.png?v=1753488998,https://thearmypainter.com/products/masterclass-jb-moonbeam-yellow-wp4003p,https://thearmypainter.com/products/masterclass-jb-moonbeam-yellow-wp4003p,published;check_digit_valid,paint,5713799400306,Volume not established from listing.,2026-10-02
Army Painter,John Blanche,John Blanche Masterclass: Moonpetal,WP4105,,,,5713799410503,5713799410503,EAN-13,https://cdn.shopify.com/s/files/1/0781/9850/5747/files/WP4105-PROMOWeb01.png?v=1773753112,https://thearmypainter.com/products/masterclass-john-blanche-moonpetal-wp4105p,https://thearmypainter.com/products/masterclass-john-blanche-moonpetal-wp4105p,published;check_digit_valid,paint,5713799410503,Volume not established from listing.,2026-10-02
Army Painter,John Blanche,John Blanche Masterclass: Nightroot Shade,WP4112,,,,5713799411210,5713799411210,EAN-13,https://cdn.shopify.com/s/files/1/0781/9850/5747/files/WP4112-PROMOWeb01.png?v=1773754089,https://thearmypainter.com/products/masterclass-john-blanche-nightroot-shade-wp4112p,https://thearmypainter.com/products/masterclass-john-blanche-nightroot-shade-wp4112p,published;check_digit_valid,paint,5713799411210,Volume not established from listing.,2026-10-02
Army Painter,John Blanche,John Blanche Masterclass: Pine Hollow Shade,WP4111,,,,5713799411111,5713799411111,EAN-13,https://cdn.shopify.com/s/files/1/0781/9850/5747/files/WP4111-PROMOWeb01.png?v=1773753005,https://thearmypainter.com/products/masterclass-john-blanche-pine-hollow-shade-wp4111p,https://thearmypainter.com/products/masterclass-john-blanche-pine-hollow-shade-wp4111p,published;check_digit_valid,paint,5713799411111,Volume not established from listing.,2026-10-02
Army Painter,John Blanche,John Blanche Masterclass: Rootpath,WP4119,,,,5713799411906,5713799411906,EAN-13,https://cdn.shopify.com/s/files/1/0781/9850/5747/files/WP4119-PROMOWeb01.png?v=1773753882,https://thearmypainter.com/products/masterclass-john-blanche-rootpath-wp4119p,https://thearmypainter.com/products/masterclass-john-blanche-rootpath-wp4119p,published;check_digit_valid,paint,5713799411906,Volume not established from listing.,2026-10-02
Army Painter,John Blanche,John Blanche Masterclass: Ruddy Terra,WP4015,,,,5713799401501,5713799401501,EAN-13,https://cdn.shopify.com/s/files/1/0781/9850/5747/files/WP4015P_0.png?v=1753488999,https://thearmypainter.com/products/masterclass-jb-ruddy-terra-wp4015p,https://thearmypainter.com/products/masterclass-jb-ruddy-terra-wp4015p,published;check_digit_valid,paint,5713799401501,Volume not established from listing.,2026-10-02
Army Painter,John Blanche,John Blanche Masterclass: Shadow Thorn,WP4107,,,,5713799410701,5713799410701,EAN-13,https://cdn.shopify.com/s/files/1/0781/9850/5747/files/WP4107-PROMOWeb01.png?v=1773753692,https://thearmypainter.com/products/masterclass-john-blanche-shadow-thorn-wp4107p,https://thearmypainter.com/products/masterclass-john-blanche-shadow-thorn-wp4107p,published;check_digit_valid,paint,5713799410701,Volume not established from listing.,2026-10-02
Army Painter,John Blanche,John Blanche Masterclass: Skyshard,WP4110,,,,5713799411005,5713799411005,EAN-13,https://cdn.shopify.com/s/files/1/0781/9850/5747/files/WP4110-PROMOWeb01.png?v=1773753085,https://thearmypainter.com/products/masterclass-john-blanche-skyshard-wp4110p,https://thearmypainter.com/products/masterclass-john-blanche-skyshard-wp4110p,published;check_digit_valid,paint,5713799411005,Volume not established from listing.,2026-10-02
Army Painter,John Blanche,John Blanche Masterclass: Sunburst Ochre,WP4011,,,,5713799401105,5713799401105,EAN-13,https://cdn.shopify.com/s/files/1/0781/9850/5747/files/WP4011P_0.png?v=1750957908,https://thearmypainter.com/products/masterclass-jb-sunburst-ochre-wp4011p,https://thearmypainter.com/products/masterclass-jb-sunburst-ochre-wp4011p,published;check_digit_valid,paint,5713799401105,Volume not established from listing.,2026-10-02
Army Painter,John Blanche,John Blanche Masterclass: Sunpetal,WP4115,,,,5713799411517,5713799411517,EAN-13,https://cdn.shopify.com/s/files/1/0781/9850/5747/files/WP4115-PROMOWeb01.png?v=1773754117,https://thearmypainter.com/products/masterclass-john-blanche-sunpetal-wp4115p,https://thearmypainter.com/products/masterclass-john-blanche-sunpetal-wp4115p,published;check_digit_valid,paint,5713799411517,Volume not established from listing.,2026-10-02
Army Painter,John Blanche,John Blanche Masterclass: Tainted Garden,WP4013,,,,5713799401303,5713799401303,EAN-13,https://cdn.shopify.com/s/files/1/0781/9850/5747/files/WP4013P_0.png?v=1750957908,https://thearmypainter.com/products/masterclass-jb-tainted-garden-wp4013p,https://thearmypainter.com/products/masterclass-jb-tainted-garden-wp4013p,published;check_digit_valid,paint,5713799401303,Volume not established from listing.,2026-10-02
Army Painter,John Blanche,John Blanche Masterclass: The Darkness,WP4000,,,,5713799400009,5713799400009,EAN-13,https://cdn.shopify.com/s/files/1/0781/9850/5747/files/WP4000P_0.png?v=1753488998,https://thearmypainter.com/products/masterclass-jb-the-darkness-wp4000p,https://thearmypainter.com/products/masterclass-jb-the-darkness-wp4000p,published;check_digit_valid,paint,5713799400009,Volume not established from listing.,2026-10-02
Army Painter,John Blanche,John Blanche Masterclass: Thicket Grove,WP4118,,,,5713799411814,5713799411814,EAN-13,https://cdn.shopify.com/s/files/1/0781/9850/5747/files/WP4118-PROMOWeb01.png?v=1773753772,https://thearmypainter.com/products/masterclass-john-blanche-thicket-grove-wp4118p,https://thearmypainter.com/products/masterclass-john-blanche-thicket-grove-wp4118p,published;check_digit_valid,paint,5713799411814,Volume not established from listing.,2026-10-02
Army Painter,John Blanche,John Blanche Masterclass: Turnbull Turquoise,WP4016,,,,5713799401600,5713799401600,EAN-13,https://cdn.shopify.com/s/files/1/0781/9850/5747/files/WP4016P_0.png?v=1753488999,https://thearmypainter.com/products/masterclass-jb-turnbull-turquoise-wp4016p,https://thearmypainter.com/products/masterclass-jb-turnbull-turquoise-wp4016p,published;check_digit_valid,paint,5713799401600,Volume not established from listing.,2026-10-02
Army Painter,John Blanche,John Blanche Masterclass: Umberroot,WP4116,,,,5713799411616,5713799411616,EAN-13,https://cdn.shopify.com/s/files/1/0781/9850/5747/files/WP4116-PROMOWeb01.png?v=1773754014,https://thearmypainter.com/products/masterclass-john-blanche-umberroot-wp4116p,https://thearmypainter.com/products/masterclass-john-blanche-umberroot-wp4116p,published;check_digit_valid,paint,5713799411616,Volume not established from listing.,2026-10-02
Army Painter,John Blanche,John Blanche Masterclass: Vineroot Shade,WP4122,,,,5713799412200,5713799412200,EAN-13,https://cdn.shopify.com/s/files/1/0781/9850/5747/files/WP4122-PROMOWeb01.png?v=1775544745,https://thearmypainter.com/products/masterclass-john-blanche-vineroot-shade-wp4122p,https://thearmypainter.com/products/masterclass-john-blanche-vineroot-shade-wp4122p,published;check_digit_valid,paint,5713799412200,Volume not established from listing.,2026-10-02
Army Painter,John Blanche,John Blanche Masterclass: Vol. 1,WP8079,,,,5713799807907,5713799807907,EAN-13,https://cdn.shopify.com/s/files/1/0781/9850/5747/files/WP8079P_0_83acdcc5-829d-49ad-b41d-806e0e691e8b.png?v=1767954817,https://thearmypainter.com/products/masterclass-john-blanche-volume-1-paint-set-wp8079p,https://thearmypainter.com/products/masterclass-john-blanche-volume-1-paint-set-wp8079p,published;check_digit_valid,paint,5713799807907,Volume not established from listing.,2026-10-02
Army Painter,John Blanche,John Blanche Masterclass: Vol. 2,WP8080,,,,5713799808003,5713799808003,EAN-13,https://cdn.shopify.com/s/files/1/0781/9850/5747/files/WP8080P_0_1522e996-1917-405f-b260-12d1159afe28.png?v=1767954890,https://thearmypainter.com/products/masterclass-john-blanche-volume-2-paint-set-wp8080p,https://thearmypainter.com/products/masterclass-john-blanche-volume-2-paint-set-wp8080p,published;check_digit_valid,paint,5713799808003,Volume not established from listing.,2026-10-02
Army Painter,John Blanche,John Blanche Masterclass: Voodoo Shade,WP4017,,,,5713799401709,5713799401709,EAN-13,https://cdn.shopify.com/s/files/1/0781/9850/5747/files/WP4017P_0.png?v=1753439430,https://thearmypainter.com/products/masterclass-jb-voodoo-shade-wp4017p,https://thearmypainter.com/products/masterclass-jb-voodoo-shade-wp4017p,published;check_digit_valid,paint,5713799401709,Volume not established from listing.,2026-10-02
Army Painter,John Blanche,John Blanche Masterclass: Warm Skin Shade,WP4007,,,,5713799400702,5713799400702,EAN-13,https://cdn.shopify.com/s/files/1/0781/9850/5747/files/WP4007P_0.png?v=1753488998,https://thearmypainter.com/products/masterclass-jb-warm-skin-shade-wp4007p,https://thearmypainter.com/products/masterclass-jb-warm-skin-shade-wp4007p,published;check_digit_valid,paint,5713799400702,Volume not established from listing.,2026-10-02
Army Painter,Speedpaint,Speedpaint Medium,WP2000,,18,,5713799200081,5713799200081,EAN-13,https://cdn.shopify.com/s/files/1/0781/9850/5747/files/WP2000P_0.jpg?v=1750957887,https://thearmypainter.com/products/speedpaint-speedpaint-medium-wp2000p,https://thearmypainter.com/products/speedpaint-speedpaint-medium-wp2000p,published;check_digit_valid,medium/auxiliary,5713799200081,,2026-10-02
Army Painter,Speedpaint,Speedpaint Medium 100 ml,WP2090,,100,,5713799209008,5713799209008,EAN-13,https://cdn.shopify.com/s/files/1/0781/9850/5747/files/WP2090P_0.jpg?v=1750957900,https://thearmypainter.com/products/speedpaint-speedpaint-medium-100-ml-wp2090p,https://thearmypainter.com/products/speedpaint-speedpaint-medium-100-ml-wp2090p,published;check_digit_valid,medium/auxiliary,5713799209008,,2026-10-02
Army Painter,Speedpaint,"Speedpaint, Brazen Copper",WP2073,,,,5713799207301,5713799207301,EAN-13,https://cdn.shopify.com/s/files/1/0781/9850/5747/files/WP2073P_0.jpg?v=1750957899,https://thearmypainter.com/products/speedpaint-speedpaint-brazen-copper-wp2073p,https://thearmypainter.com/products/speedpaint-speedpaint-brazen-copper-wp2073p,published;check_digit_valid,paint,5713799207301,Volume not established from listing.,2026-10-02
Army Painter,Speedpaint,"Speedpaint, Enchanted Steel",WP2072,,,,5713799207202,5713799207202,EAN-13,https://cdn.shopify.com/s/files/1/0781/9850/5747/files/WP2072P_0.jpg?v=1750957899,https://thearmypainter.com/products/speedpaint-speedpaint-enchanted-steel-wp2072p,https://thearmypainter.com/products/speedpaint-speedpaint-enchanted-steel-wp2072p,published;check_digit_valid,paint,5713799207202,Volume not established from listing.,2026-10-02
Army Painter,Speedpaint,"Speedpaint, Polished Silver",WP2071,,,,5713799207103,5713799207103,EAN-13,https://cdn.shopify.com/s/files/1/0781/9850/5747/files/WP2071P_0.jpg?v=1750957900,https://thearmypainter.com/products/speedpaint-speedpaint-polished-silver-wp2071p,https://thearmypainter.com/products/speedpaint-speedpaint-polished-silver-wp2071p,published;check_digit_valid,paint,5713799207103,Volume not established from listing.,2026-10-02
Army Painter,Speedpaint,Speedpaint: Absolution Green,WP2007,,18,,5713799200784,5713799200784,EAN-13,https://cdn.shopify.com/s/files/1/0781/9850/5747/files/WP2007P_0.jpg?v=1750957887,https://thearmypainter.com/products/speedpaint-speedpaint-absolution-green-wp2007p,https://thearmypainter.com/products/speedpaint-speedpaint-absolution-green-wp2007p,published;check_digit_valid,paint,5713799200784,,2026-10-02
Army Painter,Speedpaint,Speedpaint: Aged Hide,WP2036,,18,,5713799203600,5713799203600,EAN-13,https://cdn.shopify.com/s/files/1/0781/9850/5747/files/WP2036P_0.jpg?v=1750957888,https://thearmypainter.com/products/speedpaint-speedpaint-aged-hide-wp2036p,https://thearmypainter.com/products/speedpaint-speedpaint-aged-hide-wp2036p,published;check_digit_valid,paint,5713799203600,,2026-10-02
Army Painter,Speedpaint,Speedpaint: Algae Green,WP2045,,18,,5713799204508,5713799204508,EAN-13,https://cdn.shopify.com/s/files/1/0781/9850/5747/files/WP2045P_0.jpg?v=1750957888,https://thearmypainter.com/products/speedpaint-speedpaint-algae-green-wp2045p,https://thearmypainter.com/products/speedpaint-speedpaint-algae-green-wp2045p,published;check_digit_valid,paint,5713799204508,,2026-10-02
Army Painter,Speedpaint,Speedpaint: Ancient Honey,WP2060,,18,,5713799206007,5713799206007,EAN-13,https://cdn.shopify.com/s/files/1/0781/9850/5747/files/WP2060P_0.jpg?v=1750957888,https://thearmypainter.com/products/speedpaint-speedpaint-ancient-honey-wp2060p,https://thearmypainter.com/products/speedpaint-speedpaint-ancient-honey-wp2060p,published;check_digit_valid,paint,5713799206007,,2026-10-02
Army Painter,Speedpaint,Speedpaint: Ashen Stone,WP2025,,18,,5713799202504,5713799202504,EAN-13,https://cdn.shopify.com/s/files/1/0781/9850/5747/files/WP2025P_0.jpg?v=1750957888,https://thearmypainter.com/products/speedpaint-speedpaint-ashen-stone-wp2025p,https://thearmypainter.com/products/speedpaint-speedpaint-ashen-stone-wp2025p,published;check_digit_valid,paint,5713799202504,,2026-10-02
Army Painter,Speedpaint,Speedpaint: Aztec Gold,WP2075,,,,5713799207509,5713799207509,EAN-13,https://cdn.shopify.com/s/files/1/0781/9850/5747/files/WP2075P_0.jpg?v=1750957899,https://thearmypainter.com/products/speedpaint-speedpaint-aztec-gold-wp2075p,https://thearmypainter.com/products/speedpaint-speedpaint-aztec-gold-wp2075p,published;check_digit_valid,paint,5713799207509,Volume not established from listing.,2026-10-02
Army Painter,Speedpaint,Speedpaint: Battleship Grey,WP2024,,18,,5713799202405,5713799202405,EAN-13,https://cdn.shopify.com/s/files/1/0781/9850/5747/files/WP2024P_0.jpg?v=1750957887,https://thearmypainter.com/products/speedpaint-speedpaint-battleship-grey-wp2024p,https://thearmypainter.com/products/speedpaint-speedpaint-battleship-grey-wp2024p,published;check_digit_valid,paint,5713799202405,,2026-10-02
Army Painter,Speedpaint,Speedpaint: Beowulf Blue,WP2049,,18,,5713799204904,5713799204904,EAN-13,https://cdn.shopify.com/s/files/1/0781/9850/5747/files/WP2049P_0.jpg?v=1750957888,https://thearmypainter.com/products/speedpaint-speedpaint-beowulf-blue-wp2049p,https://thearmypainter.com/products/speedpaint-speedpaint-beowulf-blue-wp2049p,published;check_digit_valid,paint,5713799204904,,2026-10-02
Army Painter,Speedpaint,Speedpaint: Blinding Light,WP2076,,18,,5713799207608,5713799207608,EAN-13,https://cdn.shopify.com/s/files/1/0781/9850/5747/files/WP2076P_0.jpg?v=1750957899,https://thearmypainter.com/products/speedpaint-speedpaint-blinding-light-wp2076p,https://thearmypainter.com/products/speedpaint-speedpaint-blinding-light-wp2076p,published;check_digit_valid,paint,5713799207608,,2026-10-02
Army Painter,Speedpaint,Speedpaint: Blood Red,WP2010,,18,,5713799201088,5713799201088,EAN-13,https://cdn.shopify.com/s/files/1/0781/9850/5747/files/WP2010P_0.jpg?v=1750957887,https://thearmypainter.com/products/speedpaint-speedpaint-blood-red-wp2010p,https://thearmypainter.com/products/speedpaint-speedpaint-blood-red-wp2010p,published;check_digit_valid,paint,5713799201088,,2026-10-02
Army Painter,Speedpaint,Speedpaint: Bony Matter,WP2039,,18,,5713799203907,5713799203907,EAN-13,https://cdn.shopify.com/s/files/1/0781/9850/5747/files/WP2039P_0.jpg?v=1750957888,https://thearmypainter.com/products/speedpaint-speedpaint-bony-matter-wp2039p,https://thearmypainter.com/products/speedpaint-speedpaint-bony-matter-wp2039p,published;check_digit_valid,paint,5713799203907,,2026-10-02
Army Painter,Speedpaint,Speedpaint: Bright Red,WP2058,,18,,5713799205802,5713799205802,EAN-13,https://cdn.shopify.com/s/files/1/0781/9850/5747/files/WP2058P_0.jpg?v=1750957888,https://thearmypainter.com/products/speedpaint-speedpaint-bright-red-wp2058p,https://thearmypainter.com/products/speedpaint-speedpaint-bright-red-wp2058p,published;check_digit_valid,paint,5713799205802,,2026-10-02
Army Painter,Speedpaint,Speedpaint: Broadsword Silver,WP2030,,,,5713799203006,5713799203006,EAN-13,https://cdn.shopify.com/s/files/1/0781/9850/5747/files/WP2030P_0.jpg?v=1750957888,https://thearmypainter.com/products/speedpaint-speedpaint-broadsword-silver-wp2030p,https://thearmypainter.com/products/speedpaint-speedpaint-broadsword-silver-wp2030p,published;check_digit_valid,paint,5713799203006,Volume not established from listing.,2026-10-02
Army Painter,Speedpaint,Speedpaint: Brownish Decay,WP2067,,18,,5713799206700,5713799206700,EAN-13,https://cdn.shopify.com/s/files/1/0781/9850/5747/files/WP2067P_0.jpg?v=1750957899,https://thearmypainter.com/products/speedpaint-speedpaint-brownish-decay-wp2067p,https://thearmypainter.com/products/speedpaint-speedpaint-brownish-decay-wp2067p,published;check_digit_valid,paint,5713799206700,,2026-10-02
Army Painter,Speedpaint,Speedpaint: Burnished Red,WP2083,,18,,5713799208308,5713799208308,EAN-13,https://cdn.shopify.com/s/files/1/0781/9850/5747/files/WP2083P_0.jpg?v=1750957901,https://thearmypainter.com/products/speedpaint-speedpaint-burnished-red-wp2083p,https://thearmypainter.com/products/speedpaint-speedpaint-burnished-red-wp2083p,published;check_digit_valid,paint,5713799208308,,2026-10-02
Army Painter,Speedpaint,Speedpaint: Burnt Moss,WP2026,,18,,5713799202603,5713799202603,EAN-13,https://cdn.shopify.com/s/files/1/0781/9850/5747/files/WP2026P_0.jpg?v=1750957887,https://thearmypainter.com/products/speedpaint-speedpaint-burnt-moss-wp2026p,https://thearmypainter.com/products/speedpaint-speedpaint-burnt-moss-wp2026p,published;check_digit_valid,paint,5713799202603,,2026-10-02
Army Painter,Speedpaint,Speedpaint: Camo Cloak,WP2008,,18,,5713799200883,5713799200883,EAN-13,https://cdn.shopify.com/s/files/1/0781/9850/5747/files/WP2008P_0.jpg?v=1750957887,https://thearmypainter.com/products/speedpaint-speedpaint-camo-cloak-wp2008p,https://thearmypainter.com/products/speedpaint-speedpaint-camo-cloak-wp2008p,published;check_digit_valid,paint,5713799200883,,2026-10-02
Army Painter,Speedpaint,Speedpaint: Caribbean Ocean,WP2046,,18,,5713799204607,5713799204607,EAN-13,https://cdn.shopify.com/s/files/1/0781/9850/5747/files/WP2046P_0.jpg?v=1750957888,https://thearmypainter.com/products/speedpaint-speedpaint-caribbean-ocean-wp2046p,https://thearmypainter.com/products/speedpaint-speedpaint-caribbean-ocean-wp2046p,published;check_digit_valid,paint,5713799204607,,2026-10-02
Army Painter,Speedpaint,Speedpaint: Carmine Dragon,WP2055,,18,,5713799205505,5713799205505,EAN-13,https://cdn.shopify.com/s/files/1/0781/9850/5747/files/WP2055P_0.jpg?v=1750957899,https://thearmypainter.com/products/speedpaint-speedpaint-carmine-dragon-wp2055p,https://thearmypainter.com/products/speedpaint-speedpaint-carmine-dragon-wp2055p,published;check_digit_valid,paint,5713799205505,,2026-10-02
Army Painter,Speedpaint,Speedpaint: Charming Chartreuse,WP2048,,18,,5713799204805,5713799204805,EAN-13,https://cdn.shopify.com/s/files/1/0781/9850/5747/files/WP2048P_0.jpg?v=1750957888,https://thearmypainter.com/products/speedpaint-speedpaint-charming-chartreuse-wp2048p,https://thearmypainter.com/products/speedpaint-speedpaint-charming-chartreuse-wp2048p,published;check_digit_valid,paint,5713799204805,,2026-10-02
Army Painter,Speedpaint,Speedpaint: Cloudburst Blue,WP2022,,18,,5713799202283,5713799202283,EAN-13,https://cdn.shopify.com/s/files/1/0781/9850/5747/files/WP2022P_0.jpg?v=1750957887,https://thearmypainter.com/products/speedpaint-speedpaint-cloudburst-blue-wp2022p,https://thearmypainter.com/products/speedpaint-speedpaint-cloudburst-blue-wp2022p,published;check_digit_valid,paint,5713799202283,,2026-10-02
Army Painter,Speedpaint,Speedpaint: Crusader Skin,WP2004,,18,,5713799200487,5713799200487,EAN-13,https://cdn.shopify.com/s/files/1/0781/9850/5747/files/WP2004P_0.jpg?v=1750957887,https://thearmypainter.com/products/speedpaint-speedpaint-crusader-skin-wp2004p,https://thearmypainter.com/products/speedpaint-speedpaint-crusader-skin-wp2004p,published;check_digit_valid,paint,5713799200487,,2026-10-02
Army Painter,Speedpaint,Speedpaint: Dark Wood,WP2005,,18,,5713799200586,5713799200586,EAN-13,https://cdn.shopify.com/s/files/1/0781/9850/5747/files/WP2005P_0.jpg?v=1750957887,https://thearmypainter.com/products/speedpaint-speedpaint-dark-wood-wp2005p,https://thearmypainter.com/products/speedpaint-speedpaint-dark-wood-wp2005p,published;check_digit_valid,paint,5713799200586,,2026-10-02
Army Painter,Speedpaint,Speedpaint: Desolate Brown,WP2040,,18,,5713799204003,5713799204003,EAN-13,https://cdn.shopify.com/s/files/1/0781/9850/5747/files/WP2040P_0.jpg?v=1750957888,https://thearmypainter.com/products/speedpaint-speedpaint-desolate-brown-wp2040p,https://thearmypainter.com/products/speedpaint-speedpaint-desolate-brown-wp2040p,published;check_digit_valid,paint,5713799204003,,2026-10-02
Army Painter,Speedpaint,Speedpaint: Dusk Red,WP2054,,18,,5713799205406,5713799205406,EAN-13,https://cdn.shopify.com/s/files/1/0781/9850/5747/files/WP2054P_0.jpg?v=1750957888,https://thearmypainter.com/products/speedpaint-speedpaint-dusk-red-wp2054p,https://thearmypainter.com/products/speedpaint-speedpaint-dusk-red-wp2054p,published;check_digit_valid,paint,5713799205406,,2026-10-02
Army Painter,Speedpaint,Speedpaint: Familiar Pink,WP2033,,18,,5713799203303,5713799203303,EAN-13,https://cdn.shopify.com/s/files/1/0781/9850/5747/files/WP2033P_0.jpg?v=1750957888,https://thearmypainter.com/products/speedpaint-speedpaint-familiar-pink-wp2033p,https://thearmypainter.com/products/speedpaint-speedpaint-familiar-pink-wp2033p,published;check_digit_valid,paint,5713799203303,,2026-10-02
Army Painter,Speedpaint,Speedpaint: Fire Drake,WP2062,,18,,5713799206205,5713799206205,EAN-13,https://cdn.shopify.com/s/files/1/0781/9850/5747/files/WP2062P_0.jpg?v=1750957888,https://thearmypainter.com/products/speedpaint-speedpaint-fire-drake-wp2062p,https://thearmypainter.com/products/speedpaint-speedpaint-fire-drake-wp2062p,published;check_digit_valid,paint,5713799206205,,2026-10-02
Army Painter,Speedpaint,Speedpaint: Fire Giant Orange,WP2017,,18,,5713799201781,5713799201781,EAN-13,https://cdn.shopify.com/s/files/1/0781/9850/5747/files/WP2017P_0.jpg?v=1750957887,https://thearmypainter.com/products/speedpaint-speedpaint-fire-giant-orange-wp2017p,https://thearmypainter.com/products/speedpaint-speedpaint-fire-giant-orange-wp2017p,published;check_digit_valid,paint,5713799201781,,2026-10-02
Army Painter,Speedpaint,Speedpaint: Forest Sprite,WP2044,,18,,5713799204409,5713799204409,EAN-13,https://cdn.shopify.com/s/files/1/0781/9850/5747/files/WP2044P_0.jpg?v=1750957888,https://thearmypainter.com/products/speedpaint-speedpaint-forest-sprite-wp2044p,https://thearmypainter.com/products/speedpaint-speedpaint-forest-sprite-wp2044p,published;check_digit_valid,paint,5713799204409,,2026-10-02
Army Painter,Speedpaint,Speedpaint: Ghillie Dew,WP2042,,18,,5713799204201,5713799204201,EAN-13,https://cdn.shopify.com/s/files/1/0781/9850/5747/files/WP2042P_0.jpg?v=1750957888,https://thearmypainter.com/products/speedpaint-speedpaint-ghillie-dew-wp2042p,https://thearmypainter.com/products/speedpaint-speedpaint-ghillie-dew-wp2042p,published;check_digit_valid,paint,5713799204201,,2026-10-02
Army Painter,Speedpaint,Speedpaint: Ghoul Green,WP2047,,18,,5713799204706,5713799204706,EAN-13,https://cdn.shopify.com/s/files/1/0781/9850/5747/files/WP2047P_0.jpg?v=1750957888,https://thearmypainter.com/products/speedpaint-speedpaint-ghoul-green-wp2047p,https://thearmypainter.com/products/speedpaint-speedpaint-ghoul-green-wp2047p,published;check_digit_valid,paint,5713799204706,,2026-10-02
Army Painter,Speedpaint,Speedpaint: Glittering Loot,WP2070,,,,5713799207004,5713799207004,EAN-13,https://cdn.shopify.com/s/files/1/0781/9850/5747/files/WP2070P_0.jpg?v=1750957899,https://thearmypainter.com/products/speedpaint-speedpaint-glittering-loot-wp2070p,https://thearmypainter.com/products/speedpaint-speedpaint-glittering-loot-wp2070p,published;check_digit_valid,paint,5713799207004,Volume not established from listing.,2026-10-02
Army Painter,Speedpaint,Speedpaint: Goddess Glow,WP2038,,18,,5713799203808,5713799203808,EAN-13,https://cdn.shopify.com/s/files/1/0781/9850/5747/files/WP2038P_0.jpg?v=1750957888,https://thearmypainter.com/products/speedpaint-speedpaint-goddess-glow-wp2038p,https://thearmypainter.com/products/speedpaint-speedpaint-goddess-glow-wp2038p,published;check_digit_valid,paint,5713799203808,,2026-10-02
Army Painter,Speedpaint,Speedpaint: Golden Armour,WP2069,,,,5713799206908,5713799206908,EAN-13,https://cdn.shopify.com/s/files/1/0781/9850/5747/files/WP2069P_0.jpg?v=1750957900,https://thearmypainter.com/products/speedpaint-speedpaint-golden-armour-wp2069p,https://thearmypainter.com/products/speedpaint-speedpaint-golden-armour-wp2069p,published;check_digit_valid,paint,5713799206908,Volume not established from listing.,2026-10-02
Army Painter,Speedpaint,Speedpaint: Gravelord Grey,WP2002,,18,,5713799200289,5713799200289,EAN-13,https://cdn.shopify.com/s/files/1/0781/9850/5747/files/WP2002P_0.jpg?v=1750957887,https://thearmypainter.com/products/speedpaint-speedpaint-gravelord-grey-wp2002p,https://thearmypainter.com/products/speedpaint-speedpaint-gravelord-grey-wp2002p,published;check_digit_valid,paint,5713799200289,,2026-10-02
Army Painter,Speedpaint,Speedpaint: Grim Black,WP2001,,18,,5713799200180,5713799200180,EAN-13,https://cdn.shopify.com/s/files/1/0781/9850/5747/files/WP2001P_0.jpg?v=1750957887,https://thearmypainter.com/products/speedpaint-speedpaint-grim-black-wp2001p,https://thearmypainter.com/products/speedpaint-speedpaint-grim-black-wp2001p,published;check_digit_valid,paint,5713799200180,,2026-10-02
Army Painter,Speedpaint,Speedpaint: Gunner Camo,WP2043,,18,,5713799204300,5713799204300,EAN-13,https://cdn.shopify.com/s/files/1/0781/9850/5747/files/WP2043P_0.jpg?v=1750957888,https://thearmypainter.com/products/speedpaint-speedpaint-gunner-camo-wp2043p,https://thearmypainter.com/products/speedpaint-speedpaint-gunner-camo-wp2043p,published;check_digit_valid,paint,5713799204300,,2026-10-02
Army Painter,Speedpaint,Speedpaint: Hardened Leather,WP2023,,18,,5713799202382,5713799202382,EAN-13,https://cdn.shopify.com/s/files/1/0781/9850/5747/files/WP2023P_0.jpg?v=1750957887,https://thearmypainter.com/products/speedpaint-speedpaint-hardened-leather-wp2023p,https://thearmypainter.com/products/speedpaint-speedpaint-hardened-leather-wp2023p,published;check_digit_valid,paint,5713799202382,,2026-10-02
Army Painter,Speedpaint,Speedpaint: Highlord Blue,WP2015,,18,,5713799201583,5713799201583,EAN-13,https://cdn.shopify.com/s/files/1/0781/9850/5747/files/WP2015P_0.jpg?v=1750957887,https://thearmypainter.com/products/speedpaint-speedpaint-highlord-blue-wp2015p,https://thearmypainter.com/products/speedpaint-speedpaint-highlord-blue-wp2015p,published;check_digit_valid,paint,5713799201583,,2026-10-02
Army Painter,Speedpaint,Speedpaint: Hive Dweller Purple,WP2018,,18,,5713799201880,5713799201880,EAN-13,https://cdn.shopify.com/s/files/1/0781/9850/5747/files/WP2018P_0.jpg?v=1750957887,https://thearmypainter.com/products/speedpaint-speedpaint-hive-dweller-purple-wp2018p,https://thearmypainter.com/products/speedpaint-speedpaint-hive-dweller-purple-wp2018p,published;check_digit_valid,paint,5713799201880,,2026-10-02
Army Painter,Speedpaint,Speedpaint: Hoard Bronze,WP2074,,,,5713799207400,5713799207400,EAN-13,https://cdn.shopify.com/s/files/1/0781/9850/5747/files/WP2074P_0.jpg?v=1750957900,https://thearmypainter.com/products/speedpaint-speedpaint-hoard-bronze-wp2074p,https://thearmypainter.com/products/speedpaint-speedpaint-hoard-bronze-wp2074p,published;check_digit_valid,paint,5713799207400,Volume not established from listing.,2026-10-02
Army Painter,Speedpaint,Speedpaint: Holy White,WP2003,,18,,5713799200388,5713799200388,EAN-13,https://cdn.shopify.com/s/files/1/0781/9850/5747/files/WP2003P_0.jpg?v=1750957887,https://thearmypainter.com/products/speedpaint-speedpaint-holy-white-wp2003p,https://thearmypainter.com/products/speedpaint-speedpaint-holy-white-wp2003p,published;check_digit_valid,paint,5713799200388,,2026-10-02
Army Painter,Speedpaint,Speedpaint: Hoplite Gold,WP2028,,,,5713799202801,5713799202801,EAN-13,https://cdn.shopify.com/s/files/1/0781/9850/5747/files/WP2028P_0.jpg?v=1750957887,https://thearmypainter.com/products/speedpaint-speedpaint-hoplite-gold-wp2028p,https://thearmypainter.com/products/speedpaint-speedpaint-hoplite-gold-wp2028p,published;check_digit_valid,paint,5713799202801,Volume not established from listing.,2026-10-02
Army Painter,Speedpaint,Speedpaint: Howling Sand,WP2077,,18,,5713799207707,5713799207707,EAN-13,https://cdn.shopify.com/s/files/1/0781/9850/5747/files/WP2077P_0.jpg?v=1750957900,https://thearmypainter.com/products/speedpaint-speedpaint-howling-sand-wp2077p,https://thearmypainter.com/products/speedpaint-speedpaint-howling-sand-wp2077p,published;check_digit_valid,paint,5713799207707,,2026-10-02
Army Painter,Speedpaint,Speedpaint: Lizardfolk Cyan,WP2082,,18,,5713799208209,5713799208209,EAN-13,https://cdn.shopify.com/s/files/1/0781/9850/5747/files/WP2082P_0.jpg?v=1750957900,https://thearmypainter.com/products/speedpaint-speedpaint-lizardfolk-cyan-wp2082p,https://thearmypainter.com/products/speedpaint-speedpaint-lizardfolk-cyan-wp2082p,published;check_digit_valid,paint,5713799208209,,2026-10-02
Army Painter,Speedpaint,Speedpaint: Maggot Skin,WP2079,,18,,5713799207905,5713799207905,EAN-13,https://cdn.shopify.com/s/files/1/0781/9850/5747/files/WP2079P_0.jpg?v=1750957899,https://thearmypainter.com/products/speedpaint-speedpaint-maggot-skin-wp2079p,https://thearmypainter.com/products/speedpaint-speedpaint-maggot-skin-wp2079p,published;check_digit_valid,paint,5713799207905,,2026-10-02
Army Painter,Speedpaint,Speedpaint: Magic Blue,WP2014,,18,,5713799201484,5713799201484,EAN-13,https://cdn.shopify.com/s/files/1/0781/9850/5747/files/WP2014P_0.jpg?v=1750957887,https://thearmypainter.com/products/speedpaint-speedpaint-magic-blue-wp2014p,https://thearmypainter.com/products/speedpaint-speedpaint-magic-blue-wp2014p,published;check_digit_valid,paint,5713799201484,,2026-10-02
Army Painter,Speedpaint,Speedpaint: Maize Yellow,WP2059,,18,,5713799205901,5713799205901,EAN-13,https://cdn.shopify.com/s/files/1/0781/9850/5747/files/WP2059P_0.jpg?v=1750957888,https://thearmypainter.com/products/speedpaint-speedpaint-maize-yellow-wp2059p,https://thearmypainter.com/products/speedpaint-speedpaint-maize-yellow-wp2059p,published;check_digit_valid,paint,5713799205901,,2026-10-02
Army Painter,Speedpaint,Speedpaint: Malignant Green,WP2011,,18,,5713799201187,5713799201187,EAN-13,https://cdn.shopify.com/s/files/1/0781/9850/5747/files/WP2011P_0.jpg?v=1750957887,https://thearmypainter.com/products/speedpaint-speedpaint-malignant-green-wp2011p,https://thearmypainter.com/products/speedpaint-speedpaint-malignant-green-wp2011p,published;check_digit_valid,paint,5713799201187,,2026-10-02
Army Painter,Speedpaint,Speedpaint: Moody Mauve,WP2032,,18,,5713799203204,5713799203204,EAN-13,https://cdn.shopify.com/s/files/1/0781/9850/5747/files/WP2032P_0.jpg?v=1750957888,https://thearmypainter.com/products/speedpaint-speedpaint-moody-mauve-wp2032p,https://thearmypainter.com/products/speedpaint-speedpaint-moody-mauve-wp2032p,published;check_digit_valid,paint,5713799203204,,2026-10-02
Army Painter,Speedpaint,Speedpaint: Moonlake Coral,WP2034,,18,,5713799203402,5713799203402,EAN-13,https://cdn.shopify.com/s/files/1/0781/9850/5747/files/WP2034P_0.jpg?v=1750957887,https://thearmypainter.com/products/speedpaint-speedpaint-moonlake-coral-wp2034p,https://thearmypainter.com/products/speedpaint-speedpaint-moonlake-coral-wp2034p,published;check_digit_valid,paint,5713799203402,,2026-10-02
Army Painter,Speedpaint,Speedpaint: Mummified Grime,WP2078,,18,,5713799207806,5713799207806,EAN-13,https://cdn.shopify.com/s/files/1/0781/9850/5747/files/WP2078P_0.jpg?v=1750957889,https://thearmypainter.com/products/speedpaint-speedpaint-mummified-grime-wp2078p,https://thearmypainter.com/products/speedpaint-speedpaint-mummified-grime-wp2078p,published;check_digit_valid,paint,5713799207806,,2026-10-02
Army Painter,Speedpaint,Speedpaint: Murder Scene,WP2057,,18,,5713799205703,5713799205703,EAN-13,https://cdn.shopify.com/s/files/1/0781/9850/5747/files/WP2057P_0.jpg?v=1750957888,https://thearmypainter.com/products/speedpaint-speedpaint-murder-scene-wp2057p,https://thearmypainter.com/products/speedpaint-speedpaint-murder-scene-wp2057p,published;check_digit_valid,paint,5713799205703,,2026-10-02
Army Painter,Speedpaint,Speedpaint: Noble Skin,WP2063,,18,,5713799206304,5713799206304,EAN-13,https://cdn.shopify.com/s/files/1/0781/9850/5747/files/WP2063P_0.jpg?v=1750957888,https://thearmypainter.com/products/speedpaint-speedpaint-noble-skin-wp2063p,https://thearmypainter.com/products/speedpaint-speedpaint-noble-skin-wp2063p,published;check_digit_valid,paint,5713799206304,,2026-10-02
Army Painter,Speedpaint,Speedpaint: Nuclear Sunrise,WP2061,,18,,5713799206106,5713799206106,EAN-13,https://cdn.shopify.com/s/files/1/0781/9850/5747/files/WP2061P_0.jpg?v=1750957888,https://thearmypainter.com/products/speedpaint-speedpaint-nuclear-sunrise-wp2061p,https://thearmypainter.com/products/speedpaint-speedpaint-nuclear-sunrise-wp2061p,published;check_digit_valid,paint,5713799206106,,2026-10-02
Army Painter,Speedpaint,Speedpaint: Occultist Cloak,WP2027,,18,,5713799202702,5713799202702,EAN-13,https://cdn.shopify.com/s/files/1/0781/9850/5747/files/WP2027P_0.jpg?v=1750957887,https://thearmypainter.com/products/speedpaint-speedpaint-occultist-cloak-wp2027p,https://thearmypainter.com/products/speedpaint-speedpaint-occultist-cloak-wp2027p,published;check_digit_valid,paint,5713799202702,,2026-10-02
Army Painter,Speedpaint,Speedpaint: Ochre Clay,WP2066,,18,,5713799206601,5713799206601,EAN-13,https://cdn.shopify.com/s/files/1/0781/9850/5747/files/WP2066P_0.jpg?v=1750957900,https://thearmypainter.com/products/speedpaint-speedpaint-ochre-clay-wp2066p,https://thearmypainter.com/products/speedpaint-speedpaint-ochre-clay-wp2066p,published;check_digit_valid,paint,5713799206601,,2026-10-02
Army Painter,Speedpaint,Speedpaint: Orc Skin,WP2009,,18,,5713799200982,5713799200982,EAN-13,https://cdn.shopify.com/s/files/1/0781/9850/5747/files/WP2009P_0.jpg?v=1750957887,https://thearmypainter.com/products/speedpaint-speedpaint-orc-skin-wp2009p,https://thearmypainter.com/products/speedpaint-speedpaint-orc-skin-wp2009p,published;check_digit_valid,paint,5713799200982,,2026-10-02
Army Painter,Speedpaint,Speedpaint: Pallid Bone,WP2006,,18,,5713799200685,5713799200685,EAN-13,https://cdn.shopify.com/s/files/1/0781/9850/5747/files/WP2006P_0.jpg?v=1750957887,https://thearmypainter.com/products/speedpaint-speedpaint-pallid-bone-wp2006p,https://thearmypainter.com/products/speedpaint-speedpaint-pallid-bone-wp2006p,published;check_digit_valid,paint,5713799200685,,2026-10-02
Army Painter,Speedpaint,Speedpaint: Pastel Indigo,WP2088,,18,,5713799208803,5713799208803,EAN-13,https://cdn.shopify.com/s/files/1/0781/9850/5747/files/WP2088P_0.jpg?v=1750957900,https://thearmypainter.com/products/speedpaint-speedpaint-pastel-indigo-wp2088p,https://thearmypainter.com/products/speedpaint-speedpaint-pastel-indigo-wp2088p,published;check_digit_valid,paint,5713799208803,,2026-10-02
Army Painter,Speedpaint,Speedpaint: Pastel Lavender,WP2087,,18,,5713799208704,5713799208704,EAN-13,https://cdn.shopify.com/s/files/1/0781/9850/5747/files/WP2087P_0.jpg?v=1750957900,https://thearmypainter.com/products/speedpaint-speedpaint-pastel-lavender-wp2087p,https://thearmypainter.com/products/speedpaint-speedpaint-pastel-lavender-wp2087p,published;check_digit_valid,paint,5713799208704,,2026-10-02
Army Painter,Speedpaint,Speedpaint: Pastel Salmon,WP2085,,18,,5713799208506,5713799208506,EAN-13,https://cdn.shopify.com/s/files/1/0781/9850/5747/files/WP2085P_0.jpg?v=1750957901,https://thearmypainter.com/products/speedpaint-speedpaint-pastel-salmon-wp2085p,https://thearmypainter.com/products/speedpaint-speedpaint-pastel-salmon-wp2085p,published;check_digit_valid,paint,5713799208506,,2026-10-02
Army Painter,Speedpaint,Speedpaint: Pastel Seafoam,WP2089,,18,,5713799208902,5713799208902,EAN-13,https://cdn.shopify.com/s/files/1/0781/9850/5747/files/WP2089P_0.jpg?v=1750957901,https://thearmypainter.com/products/speedpaint-speedpaint-pastel-seafoam-wp2089p,https://thearmypainter.com/products/speedpaint-speedpaint-pastel-seafoam-wp2089p,published;check_digit_valid,paint,5713799208902,,2026-10-02
Army Painter,Speedpaint,Speedpaint: Pastel Yellow,WP2084,,18,,5713799208407,5713799208407,EAN-13,https://cdn.shopify.com/s/files/1/0781/9850/5747/files/WP2084P_0.jpg?v=1750957900,https://thearmypainter.com/products/speedpaint-speedpaint-pastel-yellow-wp2084p,https://thearmypainter.com/products/speedpaint-speedpaint-pastel-yellow-wp2084p,published;check_digit_valid,paint,5713799208407,,2026-10-02
Army Painter,Speedpaint,Speedpaint: Peachy Flesh,WP2037,,18,,5713799203709,5713799203709,EAN-13,https://cdn.shopify.com/s/files/1/0781/9850/5747/files/WP2037P_0.jpg?v=1750957888,https://thearmypainter.com/products/speedpaint-speedpaint-peachy-flesh-wp2037p,https://thearmypainter.com/products/speedpaint-speedpaint-peachy-flesh-wp2037p,published;check_digit_valid,paint,5713799203709,,2026-10-02
Army Painter,Speedpaint,Speedpaint: Periwinkle Purple,WP2035,,18,,5713799203501,5713799203501,EAN-13,https://cdn.shopify.com/s/files/1/0781/9850/5747/files/WP2035P_0.jpg?v=1750957888,https://thearmypainter.com/products/speedpaint-speedpaint-periwinkle-purple-wp2035p,https://thearmypainter.com/products/speedpaint-speedpaint-periwinkle-purple-wp2035p,published;check_digit_valid,paint,5713799203501,,2026-10-02
Army Painter,Speedpaint,Speedpaint: Plasmatic Bolt,WP2019,,18,,5713799201989,5713799201989,EAN-13,https://cdn.shopify.com/s/files/1/0781/9850/5747/files/WP2019P_0.jpg?v=1750957887,https://thearmypainter.com/products/speedpaint-speedpaint-plasmatic-bolt-wp2019p,https://thearmypainter.com/products/speedpaint-speedpaint-plasmatic-bolt-wp2019p,published;check_digit_valid,paint,5713799201989,,2026-10-02
Army Painter,Speedpaint,Speedpaint: Poppy Red,WP2056,,18,,5713799205604,5713799205604,EAN-13,https://cdn.shopify.com/s/files/1/0781/9850/5747/files/WP2056P_0.jpg?v=1750957888,https://thearmypainter.com/products/speedpaint-speedpaint-poppy-red-wp2056p,https://thearmypainter.com/products/speedpaint-speedpaint-poppy-red-wp2056p,published;check_digit_valid,paint,5713799205604,,2026-10-02
Army Painter,Speedpaint,Speedpaint: Princess Pink,WP2086,,18,,5713799208605,5713799208605,EAN-13,https://cdn.shopify.com/s/files/1/0781/9850/5747/files/WP2086P_0.jpg?v=1750957901,https://thearmypainter.com/products/speedpaint-speedpaint-princess-pink-wp2086p,https://thearmypainter.com/products/speedpaint-speedpaint-princess-pink-wp2086p,published;check_digit_valid,paint,5713799208605,,2026-10-02
Army Painter,Speedpaint,Speedpaint: Purple Alchemy,WP2021,,18,,5713799202184,5713799202184,EAN-13,https://cdn.shopify.com/s/files/1/0781/9850/5747/files/WP2021P_0.jpg?v=1750957887,https://thearmypainter.com/products/speedpaint-speedpaint-purple-alchemy-wp2021p,https://thearmypainter.com/products/speedpaint-speedpaint-purple-alchemy-wp2021p,published;check_digit_valid,paint,5713799202184,,2026-10-02
Army Painter,Speedpaint,Speedpaint: Purple Swarm,WP2031,,18,,5713799203105,5713799203105,EAN-13,https://cdn.shopify.com/s/files/1/0781/9850/5747/files/WP2031P_0.jpg?v=1750957888,https://thearmypainter.com/products/speedpaint-speedpaint-purple-swarm-wp2031p,https://thearmypainter.com/products/speedpaint-speedpaint-purple-swarm-wp2031p,published;check_digit_valid,paint,5713799203105,,2026-10-02
Army Painter,Speedpaint,Speedpaint: Raging Sea,WP2053,,18,,5713799205307,5713799205307,EAN-13,https://cdn.shopify.com/s/files/1/0781/9850/5747/files/WP2053P_0.jpg?v=1750957888,https://thearmypainter.com/products/speedpaint-speedpaint-raging-sea-wp2053p,https://thearmypainter.com/products/speedpaint-speedpaint-raging-sea-wp2053p,published;check_digit_valid,paint,5713799205307,,2026-10-02
Army Painter,Speedpaint,Speedpaint: Rigor Mortis,WP2080,,18,,5713799208001,5713799208001,EAN-13,https://cdn.shopify.com/s/files/1/0781/9850/5747/files/WP2080P_0.jpg?v=1750957901,https://thearmypainter.com/products/speedpaint-speedpaint-rigor-mortis-wp2080p,https://thearmypainter.com/products/speedpaint-speedpaint-rigor-mortis-wp2080p,published;check_digit_valid,paint,5713799208001,,2026-10-02
Army Painter,Speedpaint,Speedpaint: Royal Robes,WP2050,,18,,5713799205000,5713799205000,EAN-13,https://cdn.shopify.com/s/files/1/0781/9850/5747/files/WP2050P_0.jpg?v=1750957888,https://thearmypainter.com/products/speedpaint-speedpaint-royal-robes-wp2050p,https://thearmypainter.com/products/speedpaint-speedpaint-royal-robes-wp2050p,published;check_digit_valid,paint,5713799205000,,2026-10-02
Army Painter,Speedpaint,Speedpaint: Ruddy Fur,WP2065,,18,,5713799206502,5713799206502,EAN-13,https://cdn.shopify.com/s/files/1/0781/9850/5747/files/WP2065P_0.jpg?v=1750957900,https://thearmypainter.com/products/speedpaint-speedpaint-ruddy-fur-wp2065p,https://thearmypainter.com/products/speedpaint-speedpaint-ruddy-fur-wp2065p,published;check_digit_valid,paint,5713799206502,,2026-10-02
Army Painter,Speedpaint,Speedpaint: Runic Grey,WP2016,,18,,5713799201682,5713799201682,EAN-13,https://cdn.shopify.com/s/files/1/0781/9850/5747/files/WP2016P_0.jpg?v=1750957887,https://thearmypainter.com/products/speedpaint-speedpaint-runic-grey-wp2016p,https://thearmypainter.com/products/speedpaint-speedpaint-runic-grey-wp2016p,published;check_digit_valid,paint,5713799201682,,2026-10-02
Army Painter,Speedpaint,Speedpaint: Sand Golem,WP2020,,18,,5713799202085,5713799202085,EAN-13,https://cdn.shopify.com/s/files/1/0781/9850/5747/files/WP2020P_0.jpg?v=1750957888,https://thearmypainter.com/products/speedpaint-speedpaint-sand-golem-wp2020p,https://thearmypainter.com/products/speedpaint-speedpaint-sand-golem-wp2020p,published;check_digit_valid,paint,5713799202085,,2026-10-02
Army Painter,Speedpaint,Speedpaint: Satchel Brown,WP2068,,18,,5713799206809,5713799206809,EAN-13,https://cdn.shopify.com/s/files/1/0781/9850/5747/files/WP2068P_0.jpg?v=1750957900,https://thearmypainter.com/products/speedpaint-speedpaint-satchel-brown-wp2068p,https://thearmypainter.com/products/speedpaint-speedpaint-satchel-brown-wp2068p,published;check_digit_valid,paint,5713799206809,,2026-10-02
Army Painter,Speedpaint,Speedpaint: Shamrock Green,WP2041,,18,,5713799204102,5713799204102,EAN-13,https://cdn.shopify.com/s/files/1/0781/9850/5747/files/WP2041P_0.jpg?v=1750957888,https://thearmypainter.com/products/speedpaint-speedpaint-shamrock-green-wp2041p,https://thearmypainter.com/products/speedpaint-speedpaint-shamrock-green-wp2041p,published;check_digit_valid,paint,5713799204102,,2026-10-02
Army Painter,Speedpaint,Speedpaint: Slaughter Red,WP2012,,18,,5713799201286,5713799201286,EAN-13,https://cdn.shopify.com/s/files/1/0781/9850/5747/files/WP2012P_0.jpg?v=1750957887,https://thearmypainter.com/products/speedpaint-speedpaint-slaughter-red-wp2012p,https://thearmypainter.com/products/speedpaint-speedpaint-slaughter-red-wp2012p,published;check_digit_valid,paint,5713799201286,,2026-10-02
Army Painter,Speedpaint,Speedpaint: Talos Bronze,WP2029,,,,5713799202900,5713799202900,EAN-13,https://cdn.shopify.com/s/files/1/0781/9850/5747/files/WP2029P_0.jpg?v=1750957888,https://thearmypainter.com/products/speedpaint-speedpaint-talos-bronze-wp2029p,https://thearmypainter.com/products/speedpaint-speedpaint-talos-bronze-wp2029p,published;check_digit_valid,paint,5713799202900,Volume not established from listing.,2026-10-02
Army Painter,Speedpaint,Speedpaint: Thunderbird Blue,WP2081,,18,,5713799208100,5713799208100,EAN-13,https://cdn.shopify.com/s/files/1/0781/9850/5747/files/WP2081P_0.jpg?v=1750957900,https://thearmypainter.com/products/speedpaint-speedpaint-thunderbird-blue-wp2081p,https://thearmypainter.com/products/speedpaint-speedpaint-thunderbird-blue-wp2081p,published;check_digit_valid,paint,5713799208100,,2026-10-02
Army Painter,Speedpaint,Speedpaint: Tidal Wave,WP2052,,18,,5713799205208,5713799205208,EAN-13,https://cdn.shopify.com/s/files/1/0781/9850/5747/files/WP2052P_0.jpg?v=1750957899,https://thearmypainter.com/products/speedpaint-speedpaint-tidal-wave-wp2052p,https://thearmypainter.com/products/speedpaint-speedpaint-tidal-wave-wp2052p,published;check_digit_valid,paint,5713799205208,,2026-10-02
Army Painter,Speedpaint,Speedpaint: Tyrian Navy,WP2051,,18,,5713799205109,5713799205109,EAN-13,https://cdn.shopify.com/s/files/1/0781/9850/5747/files/WP2051P_0.jpg?v=1750957888,https://thearmypainter.com/products/speedpaint-speedpaint-tyrian-navy-wp2051p,https://thearmypainter.com/products/speedpaint-speedpaint-tyrian-navy-wp2051p,published;check_digit_valid,paint,5713799205109,,2026-10-02
Army Painter,Speedpaint,Speedpaint: Warrior Skin,WP2064,,18,,5713799206403,5713799206403,EAN-13,https://cdn.shopify.com/s/files/1/0781/9850/5747/files/WP2064P_0.jpg?v=1750957888,https://thearmypainter.com/products/speedpaint-speedpaint-warrior-skin-wp2064p,https://thearmypainter.com/products/speedpaint-speedpaint-warrior-skin-wp2064p,published;check_digit_valid,paint,5713799206403,,2026-10-02
Army Painter,Speedpaint,Speedpaint: Zealot Yellow,WP2013,,18,,5713799201385,5713799201385,EAN-13,https://cdn.shopify.com/s/files/1/0781/9850/5747/files/WP2013P_0.jpg?v=1750957887,https://thearmypainter.com/products/speedpaint-speedpaint-zealot-yellow-wp2013p,https://thearmypainter.com/products/speedpaint-speedpaint-zealot-yellow-wp2013p,published;check_digit_valid,paint,5713799201385,,2026-10-02
Army Painter,Speedpaint Marker,Speedpaint Marker: Absolution Green,SM1000,,,,5713799100015,5713799100015,EAN-13,https://cdn.shopify.com/s/files/1/0781/9850/5747/files/SM1000P_1.jpg?v=1754991682,https://thearmypainter.com/products/speedpaint-marker-speedpaint-marker-absolution-green-sm1000p,https://thearmypainter.com/products/speedpaint-marker-speedpaint-marker-absolution-green-sm1000p,published;check_digit_valid,paint,5713799100015,Volume not established from listing.,2026-10-02
Army Painter,Speedpaint Marker,Speedpaint Marker: Blood Red,SM1034,,,,5713799103405,5713799103405,EAN-13,https://cdn.shopify.com/s/files/1/0781/9850/5747/files/SM1034-PROMOWeb01.jpg?v=1754991670,https://thearmypainter.com/products/speedpaint-marker-speedpaint-marker-blood-red-sm1034p,https://thearmypainter.com/products/speedpaint-marker-speedpaint-marker-blood-red-sm1034p,published;check_digit_valid,paint,5713799103405,Volume not established from listing.,2026-10-02
Army Painter,Speedpaint Marker,Speedpaint Marker: Caribbean Ocean,SM1040,,,,5713799104013,5713799104013,EAN-13,https://cdn.shopify.com/s/files/1/0781/9850/5747/files/SM1040P_1.jpg?v=1754991682,https://thearmypainter.com/products/speedpaint-marker-speedpaint-marker-caribbean-ocean-sm1040p,https://thearmypainter.com/products/speedpaint-marker-speedpaint-marker-caribbean-ocean-sm1040p,published;check_digit_valid,paint,5713799104013,Volume not established from listing.,2026-10-02
Army Painter,Speedpaint Marker,Speedpaint Marker: Crusader Skin,SM1037,,,,5713799103702,5713799103702,EAN-13,https://cdn.shopify.com/s/files/1/0781/9850/5747/files/SM1037P_1.jpg?v=1754991682,https://thearmypainter.com/products/speedpaint-marker-speedpaint-marker-crusader-skin-sm1037p,https://thearmypainter.com/products/speedpaint-marker-speedpaint-marker-crusader-skin-sm1037p,published;check_digit_valid,paint,5713799103702,Volume not established from listing.,2026-10-02
Army Painter,Speedpaint Marker,Speedpaint Marker: Dark Wood,SM1038,,,,5713799103801,5713799103801,EAN-13,https://cdn.shopify.com/s/files/1/0781/9850/5747/files/SM1038P_1.jpg?v=1754991682,https://thearmypainter.com/products/speedpaint-marker-speedpaint-marker-dark-wood-sm1038p,https://thearmypainter.com/products/speedpaint-marker-speedpaint-marker-dark-wood-sm1038p,published;check_digit_valid,paint,5713799103801,Volume not established from listing.,2026-10-02
Army Painter,Speedpaint Marker,Speedpaint Marker: Familiar Pink,SM1008,,,,5713799100824,5713799100824,EAN-13,https://cdn.shopify.com/s/files/1/0781/9850/5747/files/SM1008P_1.jpg?v=1754991682,https://thearmypainter.com/products/speedpaint-marker-speedpaint-marker-familiar-pink-sm1008p,https://thearmypainter.com/products/speedpaint-marker-speedpaint-marker-familiar-pink-sm1008p,published;check_digit_valid,paint,5713799100824,Volume not established from listing.,2026-10-02
Army Painter,Speedpaint Marker,Speedpaint Marker: Fire Giant Orange,SM1003,,,,5713799100343,5713799100343,EAN-13,https://cdn.shopify.com/s/files/1/0781/9850/5747/files/SM1003P_1.jpg?v=1754991682,https://thearmypainter.com/products/speedpaint-marker-speedpaint-marker-fire-giant-orange-sm1003p,https://thearmypainter.com/products/speedpaint-marker-speedpaint-marker-fire-giant-orange-sm1003p,published;check_digit_valid,paint,5713799100343,Volume not established from listing.,2026-10-02
Army Painter,Speedpaint Marker,Speedpaint Marker: Gravelord Grey,SM1035,,,,5713799103504,5713799103504,EAN-13,https://cdn.shopify.com/s/files/1/0781/9850/5747/files/SM1035P_1.jpg?v=1754991682,https://thearmypainter.com/products/speedpaint-marker-speedpaint-marker-gravelord-grey-sm1035p,https://thearmypainter.com/products/speedpaint-marker-speedpaint-marker-gravelord-grey-sm1035p,published;check_digit_valid,paint,5713799103504,Volume not established from listing.,2026-10-02
Army Painter,Speedpaint Marker,Speedpaint Marker: Grim Black,SM1020,,,,5713799102019,5713799102019,EAN-13,https://cdn.shopify.com/s/files/1/0781/9850/5747/files/SM1020P_1.jpg?v=1754991682,https://thearmypainter.com/products/speedpaint-marker-speedpaint-marker-grim-black-sm1020p,https://thearmypainter.com/products/speedpaint-marker-speedpaint-marker-grim-black-sm1020p,published;check_digit_valid,paint,5713799102019,Volume not established from listing.,2026-10-02
Army Painter,Speedpaint Marker,Speedpaint Marker: Hardened Leather,SM1005,,,,5713799100541,5713799100541,EAN-13,https://cdn.shopify.com/s/files/1/0781/9850/5747/files/SM1005P_1.jpg?v=1754991670,https://thearmypainter.com/products/speedpaint-marker-speedpaint-marker-hardened-leather-sm1005p,https://thearmypainter.com/products/speedpaint-marker-speedpaint-marker-hardened-leather-sm1005p,published;check_digit_valid,paint,5713799100541,Volume not established from listing.,2026-10-02
Army Painter,Speedpaint Marker,Speedpaint Marker: Holy White,SM1036,,,,5713799103603,5713799103603,EAN-13,https://cdn.shopify.com/s/files/1/0781/9850/5747/files/SM1036P_1.jpg?v=1754991682,https://thearmypainter.com/products/speedpaint-marker-speedpaint-marker-holy-white-sm1036p,https://thearmypainter.com/products/speedpaint-marker-speedpaint-marker-holy-white-sm1036p,published;check_digit_valid,paint,5713799103603,Volume not established from listing.,2026-10-02
Army Painter,Speedpaint Marker,Speedpaint Marker: Hoplite Gold,SM1026,,,,5713799102606,5713799102606,EAN-13,https://cdn.shopify.com/s/files/1/0781/9850/5747/files/SM1026P_1.jpg?v=1754991683,https://thearmypainter.com/products/speedpaint-marker-speedpaint-marker-hoplite-gold-sm1026p,https://thearmypainter.com/products/speedpaint-marker-speedpaint-marker-hoplite-gold-sm1026p,published;check_digit_valid,paint,5713799102606,Volume not established from listing.,2026-10-02
Army Painter,Speedpaint Marker,Speedpaint Marker: Magic Blue,SM1002,,,,5713799100237,5713799100237,EAN-13,https://cdn.shopify.com/s/files/1/0781/9850/5747/files/SM1002P_1.jpg?v=1754991682,https://thearmypainter.com/products/speedpaint-marker-speedpaint-marker-magic-blue-sm1002p,https://thearmypainter.com/products/speedpaint-marker-speedpaint-marker-magic-blue-sm1002p,published;check_digit_valid,paint,5713799100237,Volume not established from listing.,2026-10-02
Army Painter,Speedpaint Marker,Speedpaint Marker: Orc Skin,SM1022,,,,5713799102200,5713799102200,EAN-13,https://cdn.shopify.com/s/files/1/0781/9850/5747/files/SM1022P_1.jpg?v=1754991682,https://thearmypainter.com/products/speedpaint-marker-speedpaint-marker-orc-skin-sm1022p,https://thearmypainter.com/products/speedpaint-marker-speedpaint-marker-orc-skin-sm1022p,published;check_digit_valid,paint,5713799102200,Volume not established from listing.,2026-10-02
Army Painter,Speedpaint Marker,Speedpaint Marker: Pallid Bone,SM1021,,,,5713799102101,5713799102101,EAN-13,https://cdn.shopify.com/s/files/1/0781/9850/5747/files/SM1021P_1.jpg?v=1754991682,https://thearmypainter.com/products/speedpaint-marker-speedpaint-marker-pallid-bone-sm1021p,https://thearmypainter.com/products/speedpaint-marker-speedpaint-marker-pallid-bone-sm1021p,published;check_digit_valid,paint,5713799102101,Volume not established from listing.,2026-10-02
Army Painter,Speedpaint Marker,Speedpaint Marker: Polished Silver,SM1017,,,,5713799101715,5713799101715,EAN-13,https://cdn.shopify.com/s/files/1/0781/9850/5747/files/SM1017P_1.jpg?v=1754991682,https://thearmypainter.com/products/speedpaint-marker-speedpaint-marker-polished-silver-sm1017p,https://thearmypainter.com/products/speedpaint-marker-speedpaint-marker-polished-silver-sm1017p,published;check_digit_valid,paint,5713799101715,Volume not established from listing.,2026-10-02
Army Painter,Speedpaint Marker,Speedpaint Marker: Purple Swarm,SM1007,,,,5713799100725,5713799100725,EAN-13,https://cdn.shopify.com/s/files/1/0781/9850/5747/files/SM1007P_1.jpg?v=1754991670,https://thearmypainter.com/products/speedpaint-marker-speedpaint-marker-purple-swarm-sm1007p,https://thearmypainter.com/products/speedpaint-marker-speedpaint-marker-purple-swarm-sm1007p,published;check_digit_valid,paint,5713799100725,Volume not established from listing.,2026-10-02
Army Painter,Speedpaint Marker,Speedpaint Marker: Runic Grey,SM1039,,,,5713799103900,5713799103900,EAN-13,https://cdn.shopify.com/s/files/1/0781/9850/5747/files/SM1039P_1.jpg?v=1754991682,https://thearmypainter.com/products/speedpaint-marker-speedpaint-marker-runic-grey-sm1039p,https://thearmypainter.com/products/speedpaint-marker-speedpaint-marker-runic-grey-sm1039p,published;check_digit_valid,paint,5713799103900,Volume not established from listing.,2026-10-02
Army Painter,Speedpaint Marker,Speedpaint Marker: Sand Golem,SM1004,,,,5713799100442,5713799100442,EAN-13,https://cdn.shopify.com/s/files/1/0781/9850/5747/files/SM1004P_1.jpg?v=1754991682,https://thearmypainter.com/products/speedpaint-marker-speedpaint-marker-sand-golem-sm1004p,https://thearmypainter.com/products/speedpaint-marker-speedpaint-marker-sand-golem-sm1004p,published;check_digit_valid,paint,5713799100442,Volume not established from listing.,2026-10-02
Army Painter,Speedpaint Marker,Speedpaint Marker: Zealot Yellow,SM1023,,,,5713799102309,5713799102309,EAN-13,https://cdn.shopify.com/s/files/1/0781/9850/5747/files/SM1023P_1.jpg?v=1754991670,https://thearmypainter.com/products/speedpaint-marker-speedpaint-marker-zealot-yellow-sm1023p,https://thearmypainter.com/products/speedpaint-marker-speedpaint-marker-zealot-yellow-sm1023p,published;check_digit_valid,paint,5713799102309,Volume not established from listing.,2026-10-02
Army Painter,Unspecified,Aegis Suit Satin Varnish (2),CP3027,,,,2530271111115,2530271111115,EAN-13,https://cdn.shopify.com/s/files/1/0700/0621/0796/files/CP3027S_0.jpg?v=1782222380,https://shop.millenniumgames.com/products/aegis-suit-satin-varnish-2,https://shop.millenniumgames.com/products/aegis-suit-satin-varnish-2,published;check_digit_valid,varnish,2530271111115,Volume not established from listing.,2026-10-02
Army Painter,Unspecified,Primer: Alien Purple,CP3019,,,,2530191111110,2530191111110,EAN-13,https://cdn.shopify.com/s/files/1/0700/0621/0796/files/CP3019S_0.jpg?v=1782222354,https://shop.millenniumgames.com/products/primer-alien-purple,https://shop.millenniumgames.com/products/primer-alien-purple,published;check_digit_valid,primer,2530191111110,Volume not established from listing.,2026-10-02
Army Painter,Unspecified,Primer: Deep Blue,CP3032,,,,5713799303218,5713799303218,EAN-13,https://cdn.shopify.com/s/files/1/0700/0621/0796/files/ARMY-PAINTER-DEEP-BLUE-PRIMER-PAINT-AP-3032__5713799303218.jpg?v=1784654389,https://shop.millenniumgames.com/products/primer-deep-blue-tapcp3032,https://shop.millenniumgames.com/products/primer-deep-blue-tapcp3032,published;check_digit_valid,primer,5713799303218,Volume not established from listing.,2026-10-02
Army Painter,Unspecified,Quickshade Dip: Dark Tone,QS1003,,,,5713799100312,5713799100312,EAN-13,https://cdn.shopify.com/s/files/1/0781/9850/5747/files/QS1003P_0.jpg?v=1750952410,https://thearmypainter.com/products/quickshade-quickshade-dip-dark-tone-qs1003p,https://thearmypainter.com/products/quickshade-quickshade-dip-dark-tone-qs1003p,published;check_digit_valid,paint,5713799100312,Volume not established from listing.,2026-10-02
Army Painter,Unspecified,Quickshade Dip: Soft Tone,QS1001,,,,5713799100114,5713799100114,EAN-13,https://cdn.shopify.com/s/files/1/0781/9850/5747/files/QS1001P_0.jpg?v=1750952410,https://thearmypainter.com/products/quickshade-quickshade-dip-soft-tone-qs1001p,https://thearmypainter.com/products/quickshade-quickshade-dip-soft-tone-qs1001p,published;check_digit_valid,paint,5713799100114,Volume not established from listing.,2026-10-02
Army Painter,Unspecified,Quickshade Dip: Strong Tone,QS1002,,,,5713799100213,5713799100213,EAN-13,https://cdn.shopify.com/s/files/1/0781/9850/5747/files/QS1002P_0.jpg?v=1750952411,https://thearmypainter.com/products/quickshade-quickshade-dip-strong-tone-qs1002p,https://thearmypainter.com/products/quickshade-quickshade-dip-strong-tone-qs1002p,published;check_digit_valid,paint,5713799100213,Volume not established from listing.,2026-10-02
Army Painter,Warpaints,"Airbrush Cleaner, 100 ml",AW2002,,100,,5713799200265,5713799200265,EAN-13,https://cdn.shopify.com/s/files/1/0781/9850/5747/files/AW2002P_0.jpg?v=1750957878,https://thearmypainter.com/products/warpaints-air-airbrush-cleaner-100-ml-aw2002p,https://thearmypainter.com/products/warpaints-air-airbrush-cleaner-100-ml-aw2002p,published;check_digit_valid,medium/auxiliary,5713799200265,,2026-10-02
Army Painter,Warpaints,"Airbrush Medium, 100 ml",AW2001,,100,,5713799200104,5713799200104,EAN-13,https://cdn.shopify.com/s/files/1/0781/9850/5747/files/AW2001P_0.jpg?v=1750957878,https://thearmypainter.com/products/warpaints-air-airbrush-medium-100-ml-aw2001p,https://thearmypainter.com/products/warpaints-air-airbrush-medium-100-ml-aw2001p,published;check_digit_valid,medium/auxiliary,5713799200104,,2026-10-02
Army Painter,Warpaints,Warpaint Effects Fairy Dust,WP1489,1489 WP Effects Fairy Dust,18,,5713799148901,5713799148901,EAN-13,https://cdn.shopify.com/s/files/1/0348/4221/4459/products/7891684993817022209-74378.jpg?v=1654980941,https://www.boardgamesdallas.com/products/1489-warpaint-effects-fairy-dust,https://www.boardgamesdallas.com/products/1489-warpaint-effects-fairy-dust,published;check_digit_valid,paint,5713799148901,,2026-10-02
Army Painter,Warpaints,Warpaint Metallic Azure Magic,WP1486,1486 WP Met Azure Magic,18,,5713799148604,5713799148604,EAN-13,https://cdn.shopify.com/s/files/1/0348/4221/4459/products/7891707714311458561-74378.jpg?v=1654980946,https://www.boardgamesdallas.com/products/1486-warpaint-met-azure-magic,https://www.boardgamesdallas.com/products/1486-warpaint-met-azure-magic,published;check_digit_valid,paint,5713799148604,,2026-10-02
Army Painter,Warpaints,Warpaint Metallic Gemstone,WP1487,1487 WP Met Gemstone,18,,5713799148703,5713799148703,EAN-13,https://cdn.shopify.com/s/files/1/0348/4221/4459/products/7891752081474621185-74378.jpg?v=1654980953,https://www.boardgamesdallas.com/products/1487-warpaint-met-gemstone,https://www.boardgamesdallas.com/products/1487-warpaint-met-gemstone,published;check_digit_valid,paint,5713799148703,,2026-10-02
Army Painter,Warpaints,Warpaint Metallic Glitter Green,WP1484,1484 WP Met Glitter Green,18,,5713799148406,5713799148406,EAN-13,https://cdn.shopify.com/s/files/1/0348/4221/4459/products/7891699863035744001-74378.jpg?v=1654980944,https://www.boardgamesdallas.com/products/1484-warpaint-met-glitter-green,https://www.boardgamesdallas.com/products/1484-warpaint-met-glitter-green,published;check_digit_valid,paint,5713799148406,,2026-10-02
Army Painter,Warpaints,Warpaint Metallic Night Scales,WP1490,1490 WP Met Night Scales,18,,5713799149007,5713799149007,EAN-13,https://cdn.shopify.com/s/files/1/0348/4221/4459/products/7891757110981988097-74378.jpg?v=1654980958,https://www.boardgamesdallas.com/products/1490-warpaint-met-night-scales,https://www.boardgamesdallas.com/products/1490-warpaint-met-night-scales,published;check_digit_valid,paint,5713799149007,,2026-10-02
Army Painter,Warpaints,Warpaint Metallic Royal Purple,WP1488,1488 WP Met Royal Purple,18,,5713799148802,5713799148802,EAN-13,https://cdn.shopify.com/s/files/1/0348/4221/4459/products/7891753717907492609-74378.jpg?v=1654980956,https://www.boardgamesdallas.com/products/1488-sp-met-royal-purple,https://www.boardgamesdallas.com/products/1488-sp-met-royal-purple,published;check_digit_valid,paint,5713799148802,,2026-10-02
Army Painter,Warpaints,Warpaint Metallic Tainted Gold,WP1482,1482 WP Met Tainted Gold,18,,5713799148208,5713799148208,EAN-13,https://cdn.shopify.com/s/files/1/0348/4221/4459/products/7894862114353745665-74378.jpg?v=1654980981,https://www.boardgamesdallas.com/products/1482-warpaint-met-tainted-gold,https://www.boardgamesdallas.com/products/1482-warpaint-met-tainted-gold,published;check_digit_valid,paint,5713799148208,,2026-10-02
Army Painter,Warpaints,Warpaints Effects: Gloss Varnish,WP1473,,,,5713799147300,5713799147300,EAN-13,https://cdn.shopify.com/s/files/1/0781/9850/5747/files/WP1473P_0.jpg?v=1750957886,https://thearmypainter.com/products/warpaints-warpaints-effects-gloss-varnish-wp1473p,https://www.efantasy.gr/el/%CF%80%CF%81%CE%BF%CF%8A%CF%8C%CE%BD%CF%84%CE%B1/%CE%BC%CE%BF%CE%BD%CF%84%CE%B5%CE%BB%CE%B9%CF%83%CE%BC%CF%8C%CF%82/98686-the-army-painter-gloss-varnish-%CF%87%CF%81%CF%8E%CE%BC%CE%B1-%CE%BC%CE%BF%CE%BD%CF%84%CE%B5%CE%BB%CE%B9%CF%83%CE%BC%CE%BF%CF%8D-18ml,published_alternate_source;check_digit_valid,varnish,,Barcode obtained from alternate published listing. Original source barcode retained in source_barcode. Manufacturer detail page unavailable; barcode confirmed in retailer listing.,2026-10-02
Army Painter,Warpaints Air,Warpaints Air Fluorescent: Blue Flux,AW1502,,,,5713799150287,5713799150287,EAN-13,https://cdn.shopify.com/s/files/1/0781/9850/5747/files/AW1502P_0.jpg?v=1750957877,https://thearmypainter.com/products/warpaints-air-warpaints-air-fluorescent-blue-flux-aw1502p,https://thearmypainter.com/products/warpaints-air-warpaints-air-fluorescent-blue-flux-aw1502p,published;check_digit_valid,paint,5713799150287,Volume not established from listing.,2026-10-02
Army Painter,Warpaints Air,Warpaints Air Fluorescent: Gauss Green,AW1503,,,,5713799150386,5713799150386,EAN-13,https://cdn.shopify.com/s/files/1/0781/9850/5747/files/AW1503P_0.jpg?v=1750957877,https://thearmypainter.com/products/warpaints-air-warpaints-air-fluorescent-gauss-green-aw1503p,https://thearmypainter.com/products/warpaints-air-warpaints-air-fluorescent-gauss-green-aw1503p,published;check_digit_valid,paint,5713799150386,Volume not established from listing.,2026-10-02
Army Painter,Warpaints Air,Warpaints Air Fluorescent: Hot Pink,AW1506,,,,5713799150683,5713799150683,EAN-13,https://cdn.shopify.com/s/files/1/0781/9850/5747/files/AW1506P_0.jpg?v=1750957877,https://thearmypainter.com/products/warpaints-air-warpaints-air-fluorescent-hot-pink-aw1506p,https://thearmypainter.com/products/warpaints-air-warpaints-air-fluorescent-hot-pink-aw1506p,published;check_digit_valid,paint,5713799150683,Volume not established from listing.,2026-10-02
Army Painter,Warpaints Air,Warpaints Air Fluorescent: Neon Yellow,AW1504,,,,5713799150485,5713799150485,EAN-13,https://cdn.shopify.com/s/files/1/0781/9850/5747/files/AW1504P_0.jpg?v=1750957877,https://thearmypainter.com/products/warpaints-air-warpaints-air-fluorescent-neon-yellow-aw1504p,https://thearmypainter.com/products/warpaints-air-warpaints-air-fluorescent-neon-yellow-aw1504p,published;check_digit_valid,paint,5713799150485,Volume not established from listing.,2026-10-02
Army Painter,Warpaints Air,Warpaints Air Fluorescent: Safety Orange,AW1505,,,,5713799150584,5713799150584,EAN-13,https://cdn.shopify.com/s/files/1/0781/9850/5747/files/AW1505P_0.jpg?v=1750957877,https://thearmypainter.com/products/warpaints-air-warpaints-air-fluorescent-safety-orange-aw1505p,https://thearmypainter.com/products/warpaints-air-warpaints-air-fluorescent-safety-orange-aw1505p,published;check_digit_valid,paint,5713799150584,Volume not established from listing.,2026-10-02
Army Painter,Warpaints Air,Warpaints Air Fluorescent: Violet Volt,AW1501,,,,5713799150188,5713799150188,EAN-13,https://cdn.shopify.com/s/files/1/0781/9850/5747/files/AW1501P_0.jpg?v=1750957877,https://thearmypainter.com/products/warpaints-air-warpaints-air-fluorescent-violet-volt-aw1501p,https://thearmypainter.com/products/warpaints-air-warpaints-air-fluorescent-violet-volt-aw1501p,published;check_digit_valid,paint,5713799150188,Volume not established from listing.,2026-10-02
Army Painter,Warpaints Air,Warpaints Air Metallics: Azure Magic,AW1486,,,,5713799148680,5713799148680,EAN-13,https://cdn.shopify.com/s/files/1/0781/9850/5747/files/AW1486P_0.jpg?v=1750957877,https://thearmypainter.com/products/warpaints-air-warpaints-air-metallics-azure-magic-aw1486p,https://thearmypainter.com/products/warpaints-air-warpaints-air-metallics-azure-magic-aw1486p,published;check_digit_valid,paint,5713799148680,Volume not established from listing.,2026-10-02
Army Painter,Warpaints Air,Warpaints Air Metallics: Elven Armor,AW1483,,,,5713799148383,5713799148383,EAN-13,https://cdn.shopify.com/s/files/1/0781/9850/5747/files/AW1483P_0.jpg?v=1750957877,https://thearmypainter.com/products/warpaints-air-warpaints-air-metallics-elven-armor-aw1483p,https://thearmypainter.com/products/warpaints-air-warpaints-air-metallics-elven-armor-aw1483p,published;check_digit_valid,paint,5713799148383,Volume not established from listing.,2026-10-02
Army Painter,Warpaints Air,Warpaints Air Metallics: Evil Chrome,AW1491,,,,5713799149182,5713799149182,EAN-13,https://cdn.shopify.com/s/files/1/0781/9850/5747/files/AW1491P_0.jpg?v=1750957877,https://thearmypainter.com/products/warpaints-air-warpaints-air-metallics-evil-chrome-aw1491p,https://thearmypainter.com/products/warpaints-air-warpaints-air-metallics-evil-chrome-aw1491p,published;check_digit_valid,paint,5713799149182,Volume not established from listing.,2026-10-02
Army Painter,Warpaints Air,Warpaints Air Metallics: Fairy Dust,AW1489,,,,5713799148987,5713799148987,EAN-13,https://cdn.shopify.com/s/files/1/0781/9850/5747/files/AW1489P_0.jpg?v=1750957877,https://thearmypainter.com/products/warpaints-air-warpaints-air-metallics-fairy-dust-aw1489p,https://thearmypainter.com/products/warpaints-air-warpaints-air-metallics-fairy-dust-aw1489p,published;check_digit_valid,paint,5713799148987,Volume not established from listing.,2026-10-02
Army Painter,Warpaints Air,Warpaints Air Metallics: Gemstone,AW1487,,,,5713799148789,5713799148789,EAN-13,https://cdn.shopify.com/s/files/1/0781/9850/5747/files/AW1487P_0.jpg?v=1750957877,https://thearmypainter.com/products/warpaints-air-warpaints-air-metallics-gemstone-aw1487p,https://thearmypainter.com/products/warpaints-air-warpaints-air-metallics-gemstone-aw1487p,published;check_digit_valid,paint,5713799148789,Volume not established from listing.,2026-10-02
Army Painter,Warpaints Air,Warpaints Air Metallics: Glitter Green,AW1484,,,,5713799148482,5713799148482,EAN-13,https://cdn.shopify.com/s/files/1/0781/9850/5747/files/AW1484P_0.jpg?v=1750957877,https://thearmypainter.com/products/warpaints-air-warpaints-air-metallics-glitter-green-aw1484p,https://thearmypainter.com/products/warpaints-air-warpaints-air-metallics-glitter-green-aw1484p,published;check_digit_valid,paint,5713799148482,Volume not established from listing.,2026-10-02
Army Painter,Warpaints Air,Warpaints Air Metallics: Greedy Gold,AW1132,,,,5713799113282,5713799113282,EAN-13,https://cdn.shopify.com/s/files/1/0781/9850/5747/files/AW1132P_0.jpg?v=1750957876,https://thearmypainter.com/products/warpaints-air-warpaints-air-metallics-greedy-gold-aw1132p,https://thearmypainter.com/products/warpaints-air-warpaints-air-metallics-greedy-gold-aw1132p,published;check_digit_valid,paint,5713799113282,Volume not established from listing.,2026-10-02
Army Painter,Warpaints Air,Warpaints Air Metallics: Gun Metal,AW1131,,,,5713799113183,5713799113183,EAN-13,https://cdn.shopify.com/s/files/1/0781/9850/5747/files/AW1131P_0.jpg?v=1750957876,https://thearmypainter.com/products/warpaints-air-warpaints-air-metallics-gun-metal-aw1131p,https://thearmypainter.com/products/warpaints-air-warpaints-air-metallics-gun-metal-aw1131p,published;check_digit_valid,paint,5713799113183,Volume not established from listing.,2026-10-02
Army Painter,Warpaints Air,Warpaints Air Metallics: Night Scales,AW1490,,,,5713799149083,5713799149083,EAN-13,https://cdn.shopify.com/s/files/1/0781/9850/5747/files/AW1490P_0.jpg?v=1750957877,https://thearmypainter.com/products/warpaints-air-warpaints-air-metallics-night-scales-aw1490p,https://thearmypainter.com/products/warpaints-air-warpaints-air-metallics-night-scales-aw1490p,published;check_digit_valid,paint,5713799149083,Volume not established from listing.,2026-10-02
Army Painter,Warpaints Air,Warpaints Air Metallics: Plate Mail Metal,AW1130,,,,5713799113084,5713799113084,EAN-13,https://cdn.shopify.com/s/files/1/0781/9850/5747/files/AW1130P_0.jpg?v=1750957876,https://thearmypainter.com/products/warpaints-air-warpaints-air-metallics-plate-mail-metal-aw1130p,https://thearmypainter.com/products/warpaints-air-warpaints-air-metallics-plate-mail-metal-aw1130p,published;check_digit_valid,paint,5713799113084,Volume not established from listing.,2026-10-02
Army Painter,Warpaints Air,Warpaints Air Metallics: Rough Iron,AW1468,,,,5713799146884,5713799146884,EAN-13,https://cdn.shopify.com/s/files/1/0781/9850/5747/files/AW1468P_0.jpg?v=1750957877,https://thearmypainter.com/products/warpaints-air-warpaints-air-metallics-rough-iron-aw1468p,https://thearmypainter.com/products/warpaints-air-warpaints-air-metallics-rough-iron-aw1468p,published;check_digit_valid,paint,5713799146884,Volume not established from listing.,2026-10-02
Army Painter,Warpaints Air,Warpaints Air Metallics: Royal Purple,AW1488,,,,5713799148888,5713799148888,EAN-13,https://cdn.shopify.com/s/files/1/0781/9850/5747/files/AW1488P_0.jpg?v=1750957877,https://thearmypainter.com/products/warpaints-air-warpaints-air-metallics-royal-purple-aw1488p,https://thearmypainter.com/products/warpaints-air-warpaints-air-metallics-royal-purple-aw1488p,published;check_digit_valid,paint,5713799148888,Volume not established from listing.,2026-10-02
Army Painter,Warpaints Air,Warpaints Air Metallics: Shining Silver,AW1129,,,,5713799112988,5713799112988,EAN-13,https://cdn.shopify.com/s/files/1/0781/9850/5747/files/AW1129P_0.jpg?v=1750957875,https://thearmypainter.com/products/warpaints-air-warpaints-air-metallics-shining-silver-aw1129p,https://thearmypainter.com/products/warpaints-air-warpaints-air-metallics-shining-silver-aw1129p,published;check_digit_valid,paint,5713799112988,Volume not established from listing.,2026-10-02
Army Painter,Warpaints Air,Warpaints Air Metallics: Tainted Gold,AW1482,,,,5713799148284,5713799148284,EAN-13,https://cdn.shopify.com/s/files/1/0781/9850/5747/files/AW1482P_0.jpg?v=1750957876,https://thearmypainter.com/products/warpaints-air-warpaints-air-metallics-tainted-gold-aw1482p,https://thearmypainter.com/products/warpaints-air-warpaints-air-metallics-tainted-gold-aw1482p,published;check_digit_valid,paint,5713799148284,Volume not established from listing.,2026-10-02
Army Painter,Warpaints Air,Warpaints Air Metallics: True Copper,AW1467,,,,5713799146785,5713799146785,EAN-13,https://cdn.shopify.com/s/files/1/0781/9850/5747/files/AW1467P_0.jpg?v=1750957877,https://thearmypainter.com/products/warpaints-air-warpaints-air-metallics-true-copper-aw1467p,https://thearmypainter.com/products/warpaints-air-warpaints-air-metallics-true-copper-aw1467p,published;check_digit_valid,paint,5713799146785,Volume not established from listing.,2026-10-02
Army Painter,Warpaints Air,Warpaints Air Metallics: Weapon Bronze,AW1133,,,,5713799113381,5713799113381,EAN-13,https://cdn.shopify.com/s/files/1/0781/9850/5747/files/AW1133P_0.jpg?v=1750957877,https://thearmypainter.com/products/warpaints-air-warpaints-air-metallics-weapon-bronze-aw1133p,https://thearmypainter.com/products/warpaints-air-warpaints-air-metallics-weapon-bronze-aw1133p,published;check_digit_valid,paint,5713799113381,Volume not established from listing.,2026-10-02
Army Painter,Warpaints Air,Warpaints Air Metallics: Zephyr Pink,AW1485,,,,5713799148581,5713799148581,EAN-13,https://cdn.shopify.com/s/files/1/0781/9850/5747/files/AW1485P_0.jpg?v=1750957877,https://thearmypainter.com/products/warpaints-air-warpaints-air-metallics-zephyr-pink-aw1485p,https://thearmypainter.com/products/warpaints-air-warpaints-air-metallics-zephyr-pink-aw1485p,published;check_digit_valid,paint,5713799148581,Volume not established from listing.,2026-10-02
Army Painter,Warpaints Air,"Warpaints Air: Aegis Suit Satin Varnish, 100 ml",AW2004,,100,,5713799200463,5713799200463,EAN-13,https://cdn.shopify.com/s/files/1/0781/9850/5747/files/AW2004P_0.jpg?v=1750957878,https://thearmypainter.com/products/warpaints-air-warpaints-air-aegis-suit-satin-varnish-100-ml-aw2004p,https://thearmypainter.com/products/warpaints-air-warpaints-air-aegis-suit-satin-varnish-100-ml-aw2004p,published;check_digit_valid,varnish,5713799200463,,2026-10-02
Army Painter,Warpaints Air,Warpaints Air: Alien Purple,AW1128,,,,5713799112889,5713799112889,EAN-13,https://cdn.shopify.com/s/files/1/0781/9850/5747/files/AW1128P_0.jpg?v=1750957876,https://thearmypainter.com/products/warpaints-air-warpaints-air-alien-purple-aw1128p,https://thearmypainter.com/products/warpaints-air-warpaints-air-alien-purple-aw1128p,published;check_digit_valid,paint,5713799112889,Volume not established from listing.,2026-10-02
Army Painter,Warpaints Air,Warpaints Air: Angel Green,AW1112,,,,5713799111288,5713799111288,EAN-13,https://cdn.shopify.com/s/files/1/0781/9850/5747/files/AW1112P_0.jpg?v=1750957876,https://thearmypainter.com/products/warpaints-air-warpaints-air-angel-green-aw1112p,https://thearmypainter.com/products/warpaints-air-warpaints-air-angel-green-aw1112p,published;check_digit_valid,paint,5713799111288,Volume not established from listing.,2026-10-02
Army Painter,Warpaints Air,"Warpaints Air: Anti-shine Varnish, 100 ml",AW2003,,100,,5713799200364,5713799200364,EAN-13,https://cdn.shopify.com/s/files/1/0781/9850/5747/files/AW2003P_0.jpg?v=1750957878,https://thearmypainter.com/products/warpaints-air-warpaints-air-anti-shine-varnish-100-ml-aw2003p,https://thearmypainter.com/products/warpaints-air-warpaints-air-anti-shine-varnish-100-ml-aw2003p,published;check_digit_valid,varnish,5713799200364,,2026-10-02
Army Painter,Warpaints Air,Warpaints Air: Archangel Red,AW4104,,,,5713799410480,5713799410480,EAN-13,https://cdn.shopify.com/s/files/1/0781/9850/5747/files/AW4104P_0.jpg?v=1750957879,https://thearmypainter.com/products/warpaints-air-warpaints-air-archangel-red-aw4104p,https://thearmypainter.com/products/warpaints-air-warpaints-air-archangel-red-aw4104p,published;check_digit_valid,paint,5713799410480,Volume not established from listing.,2026-10-02
Army Painter,Warpaints Air,Warpaints Air: Army Green,AW1110,,,,5713799111080,5713799111080,EAN-13,https://cdn.shopify.com/s/files/1/0781/9850/5747/files/AW1110P_0.jpg?v=1750957875,https://thearmypainter.com/products/warpaints-air-warpaints-air-army-green-aw1110p,https://thearmypainter.com/products/warpaints-air-warpaints-air-army-green-aw1110p,published;check_digit_valid,paint,5713799111080,Volume not established from listing.,2026-10-02
Army Painter,Warpaints Air,Warpaints Air: Barbarian Flesh,AW1126,,,,5713799112681,5713799112681,EAN-13,https://cdn.shopify.com/s/files/1/0781/9850/5747/files/AW1126P_0.jpg?v=1750957876,https://thearmypainter.com/products/warpaints-air-warpaints-air-barbarian-flesh-aw1126p,https://thearmypainter.com/products/warpaints-air-warpaints-air-barbarian-flesh-aw1126p,published;check_digit_valid,paint,5713799112681,Volume not established from listing.,2026-10-02
Army Painter,Warpaints Air,Warpaints Air: Barren Yellow,AW3121,,,,5713799312180,5713799312180,EAN-13,https://cdn.shopify.com/s/files/1/0781/9850/5747/files/AW3121P_0.jpg?v=1750957878,https://thearmypainter.com/products/warpaints-air-warpaints-air-barren-yellow-aw3121p,https://thearmypainter.com/products/warpaints-air-warpaints-air-barren-yellow-aw3121p,published;check_digit_valid,paint,5713799312180,Volume not established from listing.,2026-10-02
Army Painter,Warpaints Air,Warpaints Air: Bleached Bone,AW4125,,,,5713799412583,5713799412583,EAN-13,https://cdn.shopify.com/s/files/1/0781/9850/5747/files/AW4125P_0.jpg?v=1750957880,https://thearmypainter.com/products/warpaints-air-warpaints-air-bleached-bone-aw4125p,https://thearmypainter.com/products/warpaints-air-warpaints-air-bleached-bone-aw4125p,published;check_digit_valid,paint,5713799412583,Volume not established from listing.,2026-10-02
Army Painter,Warpaints Air,Warpaints Air: Bogey Green,AW4109,,,,5713799410985,5713799410985,EAN-13,https://cdn.shopify.com/s/files/1/0781/9850/5747/files/AW4109P_0.jpg?v=1750957879,https://thearmypainter.com/products/warpaints-air-warpaints-air-bogey-green-aw4109p,https://thearmypainter.com/products/warpaints-air-warpaints-air-bogey-green-aw4109p,published;check_digit_valid,paint,5713799410985,Volume not established from listing.,2026-10-02
Army Painter,Warpaints Air,Warpaints Air: Brethil Blush,AW3421,,,,5713799342187,5713799342187,EAN-13,https://cdn.shopify.com/s/files/1/0781/9850/5747/files/AW3421P_0.jpg?v=1750957879,https://thearmypainter.com/products/warpaints-air-warpaints-air-brethil-blush-aw3421p,https://thearmypainter.com/products/warpaints-air-warpaints-air-brethil-blush-aw3421p,published;check_digit_valid,paint,5713799342187,Volume not established from listing.,2026-10-02
Army Painter,Warpaints Air,Warpaints Air: Broodmother Purple,AW3128,,,,5713799312883,5713799312883,EAN-13,https://cdn.shopify.com/s/files/1/0781/9850/5747/files/AW3128P_0.jpg?v=1750957879,https://thearmypainter.com/products/warpaints-air-warpaints-air-broodmother-purple-aw3128p,https://thearmypainter.com/products/warpaints-air-warpaints-air-broodmother-purple-aw3128p,published;check_digit_valid,paint,5713799312883,Volume not established from listing.,2026-10-02
Army Painter,Warpaints Air,Warpaints Air: Bullwhack Brown,AW4123,,,,5713799412385,5713799412385,EAN-13,https://cdn.shopify.com/s/files/1/0781/9850/5747/files/AW4123P_0.jpg?v=1750957880,https://thearmypainter.com/products/warpaints-air-warpaints-air-bullwhack-brown-aw4123p,https://thearmypainter.com/products/warpaints-air-warpaints-air-bullwhack-brown-aw4123p,published;check_digit_valid,paint,5713799412385,Volume not established from listing.,2026-10-02
Army Painter,Warpaints Air,Warpaints Air: Cadre Grey,AW4118,,,,5713799411883,5713799411883,EAN-13,https://cdn.shopify.com/s/files/1/0781/9850/5747/files/AW4118P_0.jpg?v=1750957879,https://thearmypainter.com/products/warpaints-air-warpaints-air-cadre-grey-aw4118p,https://thearmypainter.com/products/warpaints-air-warpaints-air-cadre-grey-aw4118p,published;check_digit_valid,paint,5713799411883,Volume not established from listing.,2026-10-02
Army Painter,Warpaints Air,Warpaints Air: Canopy Green,AW4433,,,,5713799443389,5713799443389,EAN-13,https://cdn.shopify.com/s/files/1/0781/9850/5747/files/AW4433P_0.jpg?v=1750957880,https://thearmypainter.com/products/warpaints-air-warpaints-air-canopy-green-aw4433p,https://thearmypainter.com/products/warpaints-air-warpaints-air-canopy-green-aw4433p,published;check_digit_valid,paint,5713799443389,Volume not established from listing.,2026-10-02
Army Painter,Warpaints Air,Warpaints Air: Chaotic Red,AW1142,,,,5713799114289,5713799114289,EAN-13,https://cdn.shopify.com/s/files/1/0781/9850/5747/files/AW1142P_0.jpg?v=1750957877,https://thearmypainter.com/products/warpaints-air-warpaints-air-chaotic-red-aw1142p,https://thearmypainter.com/products/warpaints-air-warpaints-air-chaotic-red-aw1142p,published;check_digit_valid,paint,5713799114289,Volume not established from listing.,2026-10-02
Army Painter,Warpaints Air,Warpaints Air: Charred Bone,AW3125,,,,5713799312586,5713799312586,EAN-13,https://cdn.shopify.com/s/files/1/0781/9850/5747/files/AW3125P_0.jpg?v=1750957879,https://thearmypainter.com/products/warpaints-air-warpaints-air-charred-bone-aw3125p,https://thearmypainter.com/products/warpaints-air-warpaints-air-charred-bone-aw3125p,published;check_digit_valid,paint,5713799312586,Volume not established from listing.,2026-10-02
Army Painter,Warpaints Air,Warpaints Air: Chimera Red,AW3105,,,,5713799310582,5713799310582,EAN-13,https://cdn.shopify.com/s/files/1/0781/9850/5747/files/AW3105P_0.jpg?v=1750957878,https://thearmypainter.com/products/warpaints-air-warpaints-air-chimera-red-aw3105p,https://thearmypainter.com/products/warpaints-air-warpaints-air-chimera-red-aw3105p,published;check_digit_valid,paint,5713799310582,Volume not established from listing.,2026-10-02
Army Painter,Warpaints Air,Warpaints Air: Consul Blue,AW4115,,,,5713799411586,5713799411586,EAN-13,https://cdn.shopify.com/s/files/1/0781/9850/5747/files/AW4115P_0.jpg?v=1750957880,https://thearmypainter.com/products/warpaints-air-warpaints-air-consul-blue-aw4115p,https://thearmypainter.com/products/warpaints-air-warpaints-air-consul-blue-aw4115p,published;check_digit_valid,paint,5713799411586,Volume not established from listing.,2026-10-02
Army Painter,Warpaints Air,Warpaints Air: Cosmic Dust,AW4438,,,,5713799443884,5713799443884,EAN-13,https://cdn.shopify.com/s/files/1/0781/9850/5747/files/AW4438P_0.jpg?v=1750957880,https://thearmypainter.com/products/warpaints-air-warpaints-air-cosmic-dust-aw4438p,https://thearmypainter.com/products/warpaints-air-warpaints-air-cosmic-dust-aw4438p,published;check_digit_valid,paint,5713799443884,Volume not established from listing.,2026-10-02
Army Painter,Warpaints Air,Warpaints Air: Coven Purple,AW4128,,,,5713799412880,5713799412880,EAN-13,https://cdn.shopify.com/s/files/1/0781/9850/5747/files/AW4128P_0.jpg?v=1750957880,https://thearmypainter.com/products/warpaints-air-warpaints-air-coven-purple-aw4128p,https://thearmypainter.com/products/warpaints-air-warpaints-air-coven-purple-aw4128p,published;check_digit_valid,paint,5713799412880,Volume not established from listing.,2026-10-02
Army Painter,Warpaints Air,Warpaints Air: Crow Hue,AW4101,,,,5713799410183,5713799410183,EAN-13,https://cdn.shopify.com/s/files/1/0781/9850/5747/files/AW4101P_0.jpg?v=1750957880,https://thearmypainter.com/products/warpaints-air-warpaints-air-crow-hue-aw4101p,https://thearmypainter.com/products/warpaints-air-warpaints-air-crow-hue-aw4101p,published;check_digit_valid,paint,5713799410183,Volume not established from listing.,2026-10-02
Army Painter,Warpaints Air,Warpaints Air: Crystal Blue,AW1114,,,,5713799111486,5713799111486,EAN-13,https://cdn.shopify.com/s/files/1/0781/9850/5747/files/AW1114P_0.jpg?v=1750957876,https://thearmypainter.com/products/warpaints-air-warpaints-air-crystal-blue-aw1114p,https://thearmypainter.com/products/warpaints-air-warpaints-air-crystal-blue-aw1114p,published;check_digit_valid,paint,5713799111486,Volume not established from listing.,2026-10-02
Army Painter,Warpaints Air,Warpaints Air: Cypress Brown,AW4124,,,,5713799412484,5713799412484,EAN-13,https://cdn.shopify.com/s/files/1/0781/9850/5747/files/AW4124P_0.jpg?v=1750957880,https://thearmypainter.com/products/warpaints-air-warpaints-air-cypress-brown-aw4124p,https://thearmypainter.com/products/warpaints-air-warpaints-air-cypress-brown-aw4124p,published;check_digit_valid,paint,5713799412484,Volume not established from listing.,2026-10-02
Army Painter,Warpaints Air,Warpaints Air: Daemonic Yellow,AW1107,,,,5713799110786,5713799110786,EAN-13,https://cdn.shopify.com/s/files/1/0781/9850/5747/files/AW1107P_0.jpg?v=1750957702,https://thearmypainter.com/products/warpaints-air-warpaints-air-daemonic-yellow-aw1107p,https://thearmypainter.com/products/warpaints-air-warpaints-air-daemonic-yellow-aw1107p,published;check_digit_valid,paint,5713799110786,Volume not established from listing.,2026-10-02
Army Painter,Warpaints Air,Warpaints Air: Dark Sky,AW1415,,,,5713799141582,5713799141582,EAN-13,https://cdn.shopify.com/s/files/1/0781/9850/5747/files/AW1415P_0.jpg?v=1750957876,https://thearmypainter.com/products/warpaints-air-warpaints-air-dark-sky-aw1415p,https://thearmypainter.com/products/warpaints-air-warpaints-air-dark-sky-aw1415p,published;check_digit_valid,paint,5713799141582,Volume not established from listing.,2026-10-02
Army Painter,Warpaints Air,Warpaints Air: Desert Yellow,AW1121,,,,5713799112186,5713799112186,EAN-13,https://cdn.shopify.com/s/files/1/0781/9850/5747/files/AW1121P_0.jpg?v=1750957876,https://thearmypainter.com/products/warpaints-air-warpaints-air-desert-yellow-aw1121p,https://thearmypainter.com/products/warpaints-air-warpaints-air-desert-yellow-aw1121p,published;check_digit_valid,paint,5713799112186,Volume not established from listing.,2026-10-02
Army Painter,Warpaints Air,Warpaints Air: Drab Green,AW4110,,,,5713799411081,5713799411081,EAN-13,https://cdn.shopify.com/s/files/1/0781/9850/5747/files/AW4110P_0.jpg?v=1750957880,https://thearmypainter.com/products/warpaints-air-warpaints-air-drab-green-aw4110p,https://thearmypainter.com/products/warpaints-air-warpaints-air-drab-green-aw4110p,published;check_digit_valid,paint,5713799411081,Volume not established from listing.,2026-10-02
Army Painter,Warpaints Air,Warpaints Air: Dragon Red,AW1105,,,,5713799110588,5713799110588,EAN-13,https://cdn.shopify.com/s/files/1/0781/9850/5747/files/AW1105P_0.jpg?v=1750956957,https://thearmypainter.com/products/warpaints-air-warpaints-air-dragon-red-aw1105p,https://thearmypainter.com/products/warpaints-air-warpaints-air-dragon-red-aw1105p,published;check_digit_valid,paint,5713799110588,Volume not established from listing.,2026-10-02
Army Painter,Warpaints Air,Warpaints Air: Elemental Bolt,AW1419,,,,5713799141988,5713799141988,EAN-13,https://cdn.shopify.com/s/files/1/0781/9850/5747/files/AW1419P_0.jpg?v=1750957877,https://thearmypainter.com/products/warpaints-air-warpaints-air-elemental-bolt-aw1419p,https://thearmypainter.com/products/warpaints-air-warpaints-air-elemental-bolt-aw1419p,published;check_digit_valid,paint,5713799141988,Volume not established from listing.,2026-10-02
Army Painter,Warpaints Air,Warpaints Air: Elven Flesh,AW1421,,,,5713799142183,5713799142183,EAN-13,https://cdn.shopify.com/s/files/1/0781/9850/5747/files/AW1421P_0.jpg?v=1750957876,https://thearmypainter.com/products/warpaints-air-warpaints-air-elven-flesh-aw1421p,https://thearmypainter.com/products/warpaints-air-warpaints-air-elven-flesh-aw1421p,published;check_digit_valid,paint,5713799142183,Volume not established from listing.,2026-10-02
Army Painter,Warpaints Air,Warpaints Air: Encarmine Red,AW3104,,,,5713799310483,5713799310483,EAN-13,https://cdn.shopify.com/s/files/1/0781/9850/5747/files/AW3104P_0.jpg?v=1750957878,https://thearmypainter.com/products/warpaints-air-warpaints-air-encarmine-red-aw3104p,https://thearmypainter.com/products/warpaints-air-warpaints-air-encarmine-red-aw3104p,published;check_digit_valid,paint,5713799310483,Volume not established from listing.,2026-10-02
Army Painter,Warpaints Air,Warpaints Air: Exile Green,AW4112,,,,5713799411289,5713799411289,EAN-13,https://cdn.shopify.com/s/files/1/0781/9850/5747/files/AW4112P_0.jpg?v=1750957879,https://thearmypainter.com/products/warpaints-air-warpaints-air-exile-green-aw4112p,https://thearmypainter.com/products/warpaints-air-warpaints-air-exile-green-aw4112p,published;check_digit_valid,paint,5713799411289,Volume not established from listing.,2026-10-02
Army Painter,Warpaints Air,Warpaints Air: Fairy Pink,AW3447,,,,5713799344785,5713799344785,EAN-13,https://cdn.shopify.com/s/files/1/0781/9850/5747/files/AW3447P_0.jpg?v=1750957878,https://thearmypainter.com/products/warpaints-air-warpaints-air-fairy-pink-aw3447p,https://thearmypainter.com/products/warpaints-air-warpaints-air-fairy-pink-aw3447p,published;check_digit_valid,paint,5713799344785,Volume not established from listing.,2026-10-02
Army Painter,Warpaints Air,Warpaints Air: Feral Green,AW4111,,,,5713799411180,5713799411180,EAN-13,https://cdn.shopify.com/s/files/1/0781/9850/5747/files/AW4111P_0.jpg?v=1750957880,https://thearmypainter.com/products/warpaints-air-warpaints-air-feral-green-aw4111p,https://thearmypainter.com/products/warpaints-air-warpaints-air-feral-green-aw4111p,published;check_digit_valid,paint,5713799411180,Volume not established from listing.,2026-10-02
Army Painter,Warpaints Air,Warpaints Air: Fey Pink,AW4447,,,,5713799444782,5713799444782,EAN-13,https://cdn.shopify.com/s/files/1/0781/9850/5747/files/AW4447P_0.jpg?v=1750957880,https://thearmypainter.com/products/warpaints-air-warpaints-air-fey-pink-aw4447p,https://thearmypainter.com/products/warpaints-air-warpaints-air-fey-pink-aw4447p,published;check_digit_valid,paint,5713799444782,Volume not established from listing.,2026-10-02
Army Painter,Warpaints Air,Warpaints Air: Feywild Glow,AW4421,,,,5713799442184,5713799442184,EAN-13,https://cdn.shopify.com/s/files/1/0781/9850/5747/files/AW4421P_0.jpg?v=1750957880,https://thearmypainter.com/products/warpaints-air-warpaints-air-feywild-glow-aw4421p,https://thearmypainter.com/products/warpaints-air-warpaints-air-feywild-glow-aw4421p,published;check_digit_valid,paint,5713799442184,Volume not established from listing.,2026-10-02
Army Painter,Warpaints Air,Warpaints Air: Fur Brown,AW1122,,,,5713799112285,5713799112285,EAN-13,https://cdn.shopify.com/s/files/1/0781/9850/5747/files/AW1122P_0.jpg?v=1750957875,https://thearmypainter.com/products/warpaints-air-warpaints-air-fur-brown-aw1122p,https://thearmypainter.com/products/warpaints-air-warpaints-air-fur-brown-aw1122p,published;check_digit_valid,paint,5713799112285,Volume not established from listing.,2026-10-02
Army Painter,Warpaints Air,"Warpaints Air: Gloss Varnish, 100 ml",AW2005,,100,,5713799200562,5713799200562,EAN-13,https://cdn.shopify.com/s/files/1/0781/9850/5747/files/AW2005P_0.jpg?v=1750957878,https://thearmypainter.com/products/warpaints-air-warpaints-air-gloss-varnish-100-ml-aw2005p,https://thearmypainter.com/products/warpaints-air-warpaints-air-gloss-varnish-100-ml-aw2005p,published;check_digit_valid,varnish,5713799200562,,2026-10-02
Army Painter,Warpaints Air,Warpaints Air: Gnome Cheeks,AW3434,,,,5713799343481,5713799343481,EAN-13,https://cdn.shopify.com/s/files/1/0781/9850/5747/files/AW3434P_0.jpg?v=1750957879,https://thearmypainter.com/products/warpaints-air-warpaints-air-gnome-cheeks-aw3434p,https://thearmypainter.com/products/warpaints-air-warpaints-air-gnome-cheeks-aw3434p,published;check_digit_valid,paint,5713799343481,Volume not established from listing.,2026-10-02
Army Painter,Warpaints Air,Warpaints Air: Goblin Green,AW1109,,,,5713799110984,5713799110984,EAN-13,https://cdn.shopify.com/s/files/1/0781/9850/5747/files/AW1109P_0.jpg?v=1750957875,https://thearmypainter.com/products/warpaints-air-warpaints-air-goblin-green-aw1109p,https://thearmypainter.com/products/warpaints-air-warpaints-air-goblin-green-aw1109p,published;check_digit_valid,paint,5713799110984,Volume not established from listing.,2026-10-02
Army Painter,Warpaints Air,Warpaints Air: Greenskin,AW1111,,,,5713799111189,5713799111189,EAN-13,https://cdn.shopify.com/s/files/1/0781/9850/5747/files/AW1111P_0.jpg?v=1750957639,https://thearmypainter.com/products/warpaints-air-warpaints-air-greenskin-aw1111p,https://thearmypainter.com/products/warpaints-air-warpaints-air-greenskin-aw1111p,published;check_digit_valid,paint,5713799111189,Volume not established from listing.,2026-10-02
Army Painter,Warpaints Air,Warpaints Air: Gremlin Green,AW3109,,,,5713799310988,5713799310988,EAN-13,https://cdn.shopify.com/s/files/1/0781/9850/5747/files/AW3109P_0.jpg?v=1750957878,https://thearmypainter.com/products/warpaints-air-warpaints-air-gremlin-green-aw3109p,https://thearmypainter.com/products/warpaints-air-warpaints-air-gremlin-green-aw3109p,published;check_digit_valid,paint,5713799310988,Volume not established from listing.,2026-10-02
Army Painter,Warpaints Air,Warpaints Air: Hazardous Smog,AW3437,,,,5713799343788,5713799343788,EAN-13,https://cdn.shopify.com/s/files/1/0781/9850/5747/files/AW3437P_0.jpg?v=1750957879,https://thearmypainter.com/products/warpaints-air-warpaints-air-hazardous-smog-aw3437p,https://thearmypainter.com/products/warpaints-air-warpaints-air-hazardous-smog-aw3437p,published;check_digit_valid,paint,5713799343788,Volume not established from listing.,2026-10-02
Army Painter,Warpaints Air,Warpaints Air: Hobgoblin Hue,AW4434,,,,5713799443488,5713799443488,EAN-13,https://cdn.shopify.com/s/files/1/0781/9850/5747/files/AW4434P_0.jpg?v=1750957880,https://thearmypainter.com/products/warpaints-air-warpaints-air-hobgoblin-hue-aw4434p,https://thearmypainter.com/products/warpaints-air-warpaints-air-hobgoblin-hue-aw4434p,published;check_digit_valid,paint,5713799443488,Volume not established from listing.,2026-10-02
Army Painter,Warpaints Air,Warpaints Air: Husk Brown,AW3122,,,,5713799312289,5713799312289,EAN-13,https://cdn.shopify.com/s/files/1/0781/9850/5747/files/AW3122P_0.jpg?v=1750957879,https://thearmypainter.com/products/warpaints-air-warpaints-air-husk-brown-aw3122p,https://thearmypainter.com/products/warpaints-air-warpaints-air-husk-brown-aw3122p,published;check_digit_valid,paint,5713799312289,Volume not established from listing.,2026-10-02
Army Painter,Warpaints Air,Warpaints Air: Hydra Turquoise,AW1141,,,,5713799114180,5713799114180,EAN-13,https://cdn.shopify.com/s/files/1/0781/9850/5747/files/AW1141P_0.jpg?v=1750957876,https://thearmypainter.com/products/warpaints-air-warpaints-air-hydra-turquoise-aw1141p,https://thearmypainter.com/products/warpaints-air-warpaints-air-hydra-turquoise-aw1141p,published;check_digit_valid,paint,5713799114180,Volume not established from listing.,2026-10-02
Army Painter,Warpaints Air,Warpaints Air: Imp Yellow,AW4107,,,,5713799410787,5713799410787,EAN-13,https://cdn.shopify.com/s/files/1/0781/9850/5747/files/AW4107P_0.jpg?v=1750957879,https://thearmypainter.com/products/warpaints-air-warpaints-air-imp-yellow-aw4107p,https://thearmypainter.com/products/warpaints-air-warpaints-air-imp-yellow-aw4107p,published;check_digit_valid,paint,5713799410787,Volume not established from listing.,2026-10-02
Army Painter,Warpaints Air,Warpaints Air: Incursion Orange,AW3107,,,,5713799310780,5713799310780,EAN-13,https://cdn.shopify.com/s/files/1/0781/9850/5747/files/AW3107P_0.jpg?v=1750957878,https://thearmypainter.com/products/warpaints-air-warpaints-air-incursion-orange-aw3107p,https://thearmypainter.com/products/warpaints-air-warpaints-air-incursion-orange-aw3107p,published;check_digit_valid,paint,5713799310780,Volume not established from listing.,2026-10-02
Army Painter,Warpaints Air,Warpaints Air: Ionic Blue,AW4114,,,,5713799411487,5713799411487,EAN-13,https://cdn.shopify.com/s/files/1/0781/9850/5747/files/AW4114P_0.jpg?v=1750957880,https://thearmypainter.com/products/warpaints-air-warpaints-air-ionic-blue-aw4114p,https://thearmypainter.com/products/warpaints-air-warpaints-air-ionic-blue-aw4114p,published;check_digit_valid,paint,5713799411487,Volume not established from listing.,2026-10-02
Army Painter,Warpaints Air,Warpaints Air: Iron Wolf,AW3119,,,,5713799311985,5713799311985,EAN-13,https://cdn.shopify.com/s/files/1/0781/9850/5747/files/AW3119P_0.jpg?v=1750957878,https://thearmypainter.com/products/warpaints-air-warpaints-air-iron-wolf-aw3119p,https://thearmypainter.com/products/warpaints-air-warpaints-air-iron-wolf-aw3119p,published;check_digit_valid,paint,5713799311985,Volume not established from listing.,2026-10-02
Army Painter,Warpaints Air,Warpaints Air: Jungle Green,AW1433,,,,5713799143388,5713799143388,EAN-13,https://cdn.shopify.com/s/files/1/0781/9850/5747/files/AW1433P_0.jpg?v=1750957876,https://thearmypainter.com/products/warpaints-air-warpaints-air-jungle-green-aw1433p,https://thearmypainter.com/products/warpaints-air-warpaints-air-jungle-green-aw1433p,published;check_digit_valid,paint,5713799143388,Volume not established from listing.,2026-10-02
Army Painter,Warpaints Air,Warpaints Air: Kobold Skin,AW1434,,,,5713799143487,5713799143487,EAN-13,https://cdn.shopify.com/s/files/1/0781/9850/5747/files/AW1434P_0.jpg?v=1750957876,https://thearmypainter.com/products/warpaints-air-warpaints-air-kobold-skin-aw1434p,https://thearmypainter.com/products/warpaints-air-warpaints-air-kobold-skin-aw1434p,published;check_digit_valid,paint,5713799143487,Volume not established from listing.,2026-10-02
Army Painter,Warpaints Air,Warpaints Air: Lava Orange,AW1106,,,,5713799110687,5713799110687,EAN-13,https://cdn.shopify.com/s/files/1/0781/9850/5747/files/AW1106P_0.jpg?v=1750957196,https://thearmypainter.com/products/warpaints-air-warpaints-air-lava-orange-aw1106p,https://thearmypainter.com/products/warpaints-air-warpaints-air-lava-orange-aw1106p,published;check_digit_valid,paint,5713799110687,Volume not established from listing.,2026-10-02
Army Painter,Warpaints Air,Warpaints Air: Leather Brown,AW1123,,,,5713799112384,5713799112384,EAN-13,https://cdn.shopify.com/s/files/1/0781/9850/5747/files/AW1123P_0.jpg?v=1750957876,https://thearmypainter.com/products/warpaints-air-warpaints-air-leather-brown-aw1123p,https://thearmypainter.com/products/warpaints-air-warpaints-air-leather-brown-aw1123p,published;check_digit_valid,paint,5713799112384,Volume not established from listing.,2026-10-02
Army Painter,Warpaints Air,Warpaints Air: Leviathan Light,AW4437,,,,5713799443785,5713799443785,EAN-13,https://cdn.shopify.com/s/files/1/0781/9850/5747/files/AW4437P_0.jpg?v=1750957880,https://thearmypainter.com/products/warpaints-air-warpaints-air-leviathan-light-aw4437p,https://thearmypainter.com/products/warpaints-air-warpaints-air-leviathan-light-aw4437p,published;check_digit_valid,paint,5713799443785,Volume not established from listing.,2026-10-02
Army Painter,Warpaints Air,Warpaints Air: Magnolia Brown,AW3124,,,,5713799312487,5713799312487,EAN-13,https://cdn.shopify.com/s/files/1/0781/9850/5747/files/AW3124P_0.jpg?v=1750957879,https://thearmypainter.com/products/warpaints-air-warpaints-air-magnolia-brown-aw3124p,https://thearmypainter.com/products/warpaints-air-warpaints-air-magnolia-brown-aw3124p,published;check_digit_valid,paint,5713799312487,Volume not established from listing.,2026-10-02
Army Painter,Warpaints Air,Warpaints Air: Majestic Fortress,AW3419,,,,5713799341982,5713799341982,EAN-13,https://cdn.shopify.com/s/files/1/0781/9850/5747/files/AW3419P_0.jpg?v=1750957879,https://thearmypainter.com/products/warpaints-air-warpaints-air-majestic-fortress-aw3419p,https://thearmypainter.com/products/warpaints-air-warpaints-air-majestic-fortress-aw3419p,published;check_digit_valid,paint,5713799341982,Volume not established from listing.,2026-10-02
Army Painter,Warpaints Air,Warpaints Air: Matt Black,AW1101,,,,5713799110182,5713799110182,EAN-13,https://cdn.shopify.com/s/files/1/0781/9850/5747/files/AW1101P_0.jpg?v=1750957620,https://thearmypainter.com/products/warpaints-air-warpaints-air-matt-black-aw1101p,https://thearmypainter.com/products/warpaints-air-warpaints-air-matt-black-aw1101p,published;check_digit_valid,paint,5713799110182,Volume not established from listing.,2026-10-02
Army Painter,Warpaints Air,"Warpaints Air: Matt Black Primer, 100 ml",AW2011,,100,,5713799201163,5713799201163,EAN-13,https://cdn.shopify.com/s/files/1/0781/9850/5747/files/AW2011P_0.jpg?v=1750957878,https://thearmypainter.com/products/warpaints-air-warpaints-air-matt-black-primer-100-ml-aw2011p,https://thearmypainter.com/products/warpaints-air-warpaints-air-matt-black-primer-100-ml-aw2011p,published;check_digit_valid,primer,5713799201163,,2026-10-02
Army Painter,Warpaints Air,"Warpaints Air: Matt Grey Primer, 100 ml",AW2010,,100,,5713799201064,5713799201064,EAN-13,https://cdn.shopify.com/s/files/1/0781/9850/5747/files/AW2010P_0.jpg?v=1750957878,https://thearmypainter.com/products/warpaints-air-warpaints-air-matt-grey-primer-100-ml-aw2010p,https://thearmypainter.com/products/warpaints-air-warpaints-air-matt-grey-primer-100-ml-aw2010p,published;check_digit_valid,primer,5713799201064,,2026-10-02
Army Painter,Warpaints Air,Warpaints Air: Matt White,AW1102,,,,5713799110281,5713799110281,EAN-13,https://cdn.shopify.com/s/files/1/0781/9850/5747/files/AW1102P_0.jpg?v=1750957875,https://thearmypainter.com/products/warpaints-air-warpaints-air-matt-white-aw1102p,https://thearmypainter.com/products/warpaints-air-warpaints-air-matt-white-aw1102p,published;check_digit_valid,paint,5713799110281,Volume not established from listing.,2026-10-02
Army Painter,Warpaints Air,"Warpaints Air: Matt White Primer, 100 ml",AW2012,,100,,5713799201262,5713799201262,EAN-13,https://cdn.shopify.com/s/files/1/0781/9850/5747/files/AW2012P_0.jpg?v=1750957878,https://thearmypainter.com/products/warpaints-air-warpaints-air-matt-white-primer-100-ml-aw2012p,https://thearmypainter.com/products/warpaints-air-warpaints-air-matt-white-primer-100-ml-aw2012p,published;check_digit_valid,primer,5713799201262,,2026-10-02
Army Painter,Warpaints Air,Warpaints Air: Metallics: Bright Gold,AW1144,,,,5713799114487,5713799114487,EAN-13,https://cdn.shopify.com/s/files/1/0781/9850/5747/files/AW1144P_0.jpg?v=1750957876,https://thearmypainter.com/products/warpaints-air-warpaints-air-metallics-bright-gold-aw1144p,https://thearmypainter.com/products/warpaints-air-warpaints-air-metallics-bright-gold-aw1144p,published;check_digit_valid,paint,5713799114487,Volume not established from listing.,2026-10-02
Army Painter,Warpaints Air,Warpaints Air: Meteor Rock,AW3438,,,,5713799343887,5713799343887,EAN-13,https://cdn.shopify.com/s/files/1/0781/9850/5747/files/AW3438P_0.jpg?v=1750957879,https://thearmypainter.com/products/warpaints-air-warpaints-air-meteor-rock-aw3438p,https://thearmypainter.com/products/warpaints-air-warpaints-air-meteor-rock-aw3438p,published;check_digit_valid,paint,5713799343887,Volume not established from listing.,2026-10-02
Army Painter,Warpaints Air,Warpaints Air: Militia Green,AW3110,,,,5713799311084,5713799311084,EAN-13,https://cdn.shopify.com/s/files/1/0781/9850/5747/files/AW3110P_0.jpg?v=1750957878,https://thearmypainter.com/products/warpaints-air-warpaints-air-militia-green-aw3110p,https://thearmypainter.com/products/warpaints-air-warpaints-air-militia-green-aw3110p,published;check_digit_valid,paint,5713799311084,Volume not established from listing.,2026-10-02
Army Painter,Warpaints Air,Warpaints Air: Molten Orange,AW3106,,,,5713799310681,5713799310681,EAN-13,https://cdn.shopify.com/s/files/1/0781/9850/5747/files/AW3106P_0.jpg?v=1750957878,https://thearmypainter.com/products/warpaints-air-warpaints-air-molten-orange-aw3106p,https://thearmypainter.com/products/warpaints-air-warpaints-air-molten-orange-aw3106p,published;check_digit_valid,paint,5713799310681,Volume not established from listing.,2026-10-02
Army Painter,Warpaints Air,Warpaints Air: Moon Dust,AW1438,,,,5713799143883,5713799143883,EAN-13,https://cdn.shopify.com/s/files/1/0781/9850/5747/files/AW1438P_0.jpg?v=1750957877,https://thearmypainter.com/products/warpaints-air-warpaints-air-moon-dust-aw1438p,https://thearmypainter.com/products/warpaints-air-warpaints-air-moon-dust-aw1438p,published;check_digit_valid,paint,5713799143883,Volume not established from listing.,2026-10-02
Army Painter,Warpaints Air,Warpaints Air: Necrotic Flesh,AW1108,,,,5713799110885,5713799110885,EAN-13,https://cdn.shopify.com/s/files/1/0781/9850/5747/files/AW1108P_0.jpg?v=1750957872,https://thearmypainter.com/products/warpaints-air-warpaints-air-necrotic-flesh-aw1108p,https://thearmypainter.com/products/warpaints-air-warpaints-air-necrotic-flesh-aw1108p,published;check_digit_valid,paint,5713799110885,Volume not established from listing.,2026-10-02
Army Painter,Warpaints Air,Warpaints Air: Nomad Flesh,AW3126,,,,5713799312685,5713799312685,EAN-13,https://cdn.shopify.com/s/files/1/0781/9850/5747/files/AW3126P_0.jpg?v=1750957879,https://thearmypainter.com/products/warpaints-air-warpaints-air-nomad-flesh-aw3126p,https://thearmypainter.com/products/warpaints-air-warpaints-air-nomad-flesh-aw3126p,published;check_digit_valid,paint,5713799312685,Volume not established from listing.,2026-10-02
Army Painter,Warpaints Air,Warpaints Air: Oak Brown,AW1124,,,,5713799112483,5713799112483,EAN-13,https://cdn.shopify.com/s/files/1/0781/9850/5747/files/AW1124P_0.jpg?v=1750957876,https://thearmypainter.com/products/warpaints-air-warpaints-air-oak-brown-aw1124p,https://thearmypainter.com/products/warpaints-air-warpaints-air-oak-brown-aw1124p,published;check_digit_valid,paint,5713799112483,Volume not established from listing.,2026-10-02
Army Painter,Warpaints Air,Warpaints Air: Ocean Depths,AW3141,,,,5713799314184,5713799314184,EAN-13,https://cdn.shopify.com/s/files/1/0781/9850/5747/files/AW3141P_0.jpg?v=1750957879,https://thearmypainter.com/products/warpaints-air-warpaints-air-ocean-depths-aw3141p,https://thearmypainter.com/products/warpaints-air-warpaints-air-ocean-depths-aw3141p,published;check_digit_valid,paint,5713799314184,Volume not established from listing.,2026-10-02
Army Painter,Warpaints Air,Warpaints Air: Omega Blue,AW3115,,,,5713799311589,5713799311589,EAN-13,https://cdn.shopify.com/s/files/1/0781/9850/5747/files/AW3115P_0.jpg?v=1750957878,https://thearmypainter.com/products/warpaints-air-warpaints-air-omega-blue-aw3115p,https://thearmypainter.com/products/warpaints-air-warpaints-air-omega-blue-aw3115p,published;check_digit_valid,paint,5713799311589,Volume not established from listing.,2026-10-02
Army Painter,Warpaints Air,Warpaints Air: Orange Magma,AW4106,,,,5713799410688,5713799410688,EAN-13,https://cdn.shopify.com/s/files/1/0781/9850/5747/files/AW4106P_0.jpg?v=1750957879,https://thearmypainter.com/products/warpaints-air-warpaints-air-orange-magma-aw4106p,https://thearmypainter.com/products/warpaints-air-warpaints-air-orange-magma-aw4106p,published;check_digit_valid,paint,5713799410688,Volume not established from listing.,2026-10-02
Army Painter,Warpaints Air,Warpaints Air: Pestilent Flesh,AW3108,,,,5713799310889,5713799310889,EAN-13,https://cdn.shopify.com/s/files/1/0781/9850/5747/files/AW3108P_0.jpg?v=1750957878,https://thearmypainter.com/products/warpaints-air-warpaints-air-pestilent-flesh-aw3108p,https://thearmypainter.com/products/warpaints-air-warpaints-air-pestilent-flesh-aw3108p,published;check_digit_valid,paint,5713799310889,Volume not established from listing.,2026-10-02
Army Painter,Warpaints Air,Warpaints Air: Phantasmal Blue,AW4141,,,,5713799414181,5713799414181,EAN-13,https://cdn.shopify.com/s/files/1/0781/9850/5747/files/AW4141P_0.jpg?v=1750957880,https://thearmypainter.com/products/warpaints-air-warpaints-air-phantasmal-blue-aw4141p,https://thearmypainter.com/products/warpaints-air-warpaints-air-phantasmal-blue-aw4141p,published;check_digit_valid,paint,5713799414181,Volume not established from listing.,2026-10-02
Army Painter,Warpaints Air,Warpaints Air: Pixie Pink,AW1447,,,,5713799144781,5713799144781,EAN-13,https://cdn.shopify.com/s/files/1/0781/9850/5747/files/AW1447P_0.jpg?v=1750957877,https://thearmypainter.com/products/warpaints-air-warpaints-air-pixie-pink-aw1447p,https://thearmypainter.com/products/warpaints-air-warpaints-air-pixie-pink-aw1447p,published;check_digit_valid,paint,5713799144781,Volume not established from listing.,2026-10-02
Army Painter,Warpaints Air,Warpaints Air: Potion Green,AW4466,,,,5713799446687,5713799446687,EAN-13,https://cdn.shopify.com/s/files/1/0781/9850/5747/files/AW4466P_0.jpg?v=1750957880,https://thearmypainter.com/products/warpaints-air-warpaints-air-potion-green-aw4466p,https://thearmypainter.com/products/warpaints-air-warpaints-air-potion-green-aw4466p,published;check_digit_valid,paint,5713799446687,Volume not established from listing.,2026-10-02
Army Painter,Warpaints Air,Warpaints Air: Psychic Shock,AW4419,,,,5713799441989,5713799441989,EAN-13,https://cdn.shopify.com/s/files/1/0781/9850/5747/files/AW4419P_0.jpg?v=1750957880,https://thearmypainter.com/products/warpaints-air-warpaints-air-psychic-shock-aw4419p,https://thearmypainter.com/products/warpaints-air-warpaints-air-psychic-shock-aw4419p,published;check_digit_valid,paint,5713799441989,Volume not established from listing.,2026-10-02
Army Painter,Warpaints Air,Warpaints Air: Pure Red,AW1104,,,,5713799110489,5713799110489,EAN-13,https://cdn.shopify.com/s/files/1/0781/9850/5747/files/AW1104P_0.jpg?v=1750957333,https://thearmypainter.com/products/warpaints-air-warpaints-air-pure-red-aw1104p,https://thearmypainter.com/products/warpaints-air-warpaints-air-pure-red-aw1104p,published;check_digit_valid,paint,5713799110489,Volume not established from listing.,2026-10-02
Army Painter,Warpaints Air,Warpaints Air: Raven Black,AW3101,,,,5713799310186,5713799310186,EAN-13,https://cdn.shopify.com/s/files/1/0781/9850/5747/files/AW3101P_0.jpg?v=1750957878,https://thearmypainter.com/products/warpaints-air-warpaints-air-raven-black-aw3101p,https://thearmypainter.com/products/warpaints-air-warpaints-air-raven-black-aw3101p,published;check_digit_valid,paint,5713799310186,Volume not established from listing.,2026-10-02
Army Painter,Warpaints Air,Warpaints Air: Rawhide Brown,AW3123,,,,5713799312388,5713799312388,EAN-13,https://cdn.shopify.com/s/files/1/0781/9850/5747/files/AW3123P_0.jpg?v=1750957878,https://thearmypainter.com/products/warpaints-air-warpaints-air-rawhide-brown-aw3123p,https://thearmypainter.com/products/warpaints-air-warpaints-air-rawhide-brown-aw3123p,published;check_digit_valid,paint,5713799312388,Volume not established from listing.,2026-10-02
Army Painter,Warpaints Air,Warpaints Air: Rebel Red,AW4142,,,,5713799414280,5713799414280,EAN-13,https://cdn.shopify.com/s/files/1/0781/9850/5747/files/AW4142P_0.jpg?v=1750957880,https://thearmypainter.com/products/warpaints-air-warpaints-air-rebel-red-aw4142p,https://thearmypainter.com/products/warpaints-air-warpaints-air-rebel-red-aw4142p,published;check_digit_valid,paint,5713799414280,Volume not established from listing.,2026-10-02
Army Painter,Warpaints Air,Warpaints Air: Regiment Grey,AW3118,,,,5713799311886,5713799311886,EAN-13,https://cdn.shopify.com/s/files/1/0781/9850/5747/files/AW3118P_0.jpg?v=1750957878,https://thearmypainter.com/products/warpaints-air-warpaints-air-regiment-grey-aw3118p,https://thearmypainter.com/products/warpaints-air-warpaints-air-regiment-grey-aw3118p,published;check_digit_valid,paint,5713799311886,Volume not established from listing.,2026-10-02
Army Painter,Warpaints Air,Warpaints Air: Ruinous Spell,AW3466,,,,5713799346680,5713799346680,EAN-13,https://cdn.shopify.com/s/files/1/0781/9850/5747/files/AW3466P_0.jpg?v=1750957880,https://thearmypainter.com/products/warpaints-air-warpaints-air-ruinous-spell-aw3466p,https://thearmypainter.com/products/warpaints-air-warpaints-air-ruinous-spell-aw3466p,published;check_digit_valid,paint,5713799346680,Volume not established from listing.,2026-10-02
Army Painter,Warpaints Air,Warpaints Air: Sapphire Gem,AW3114,,,,5713799311480,5713799311480,EAN-13,https://cdn.shopify.com/s/files/1/0781/9850/5747/files/AW3114P_0.jpg?v=1750957878,https://thearmypainter.com/products/warpaints-air-warpaints-air-sapphire-gem-aw3114p,https://thearmypainter.com/products/warpaints-air-warpaints-air-sapphire-gem-aw3114p,published;check_digit_valid,paint,5713799311480,Volume not established from listing.,2026-10-02
Army Painter,Warpaints Air,Warpaints Air: Savage Green,AW3111,,,,5713799311183,5713799311183,EAN-13,https://cdn.shopify.com/s/files/1/0781/9850/5747/files/AW3111P_0.jpg?v=1750957878,https://thearmypainter.com/products/warpaints-air-warpaints-air-savage-green-aw3111p,https://thearmypainter.com/products/warpaints-air-warpaints-air-savage-green-aw3111p,published;check_digit_valid,paint,5713799311183,Volume not established from listing.,2026-10-02
Army Painter,Warpaints Air,Warpaints Air: Shark White,AW3102,,,,5713799310285,5713799310285,EAN-13,https://cdn.shopify.com/s/files/1/0781/9850/5747/files/AW3102P_0.jpg?v=1750957878,https://thearmypainter.com/products/warpaints-air-warpaints-air-shark-white-aw3102p,https://thearmypainter.com/products/warpaints-air-warpaints-air-shark-white-aw3102p,published;check_digit_valid,paint,5713799310285,Volume not established from listing.,2026-10-02
Army Painter,Warpaints Air,Warpaints Air: Skeleton Bone,AW1125,,,,5713799112582,5713799112582,EAN-13,https://cdn.shopify.com/s/files/1/0781/9850/5747/files/AW1125P_0.jpg?v=1750956957,https://thearmypainter.com/products/warpaints-air-warpaints-air-skeleton-bone-aw1125p,https://thearmypainter.com/products/warpaints-air-warpaints-air-skeleton-bone-aw1125p,published;check_digit_valid,paint,5713799112582,Volume not established from listing.,2026-10-02
Army Painter,Warpaints Air,Warpaints Air: Storm Wolf,AW4119,,,,5713799411982,5713799411982,EAN-13,https://cdn.shopify.com/s/files/1/0781/9850/5747/files/AW4119P_0.jpg?v=1750957879,https://thearmypainter.com/products/warpaints-air-warpaints-air-storm-wolf-aw4119p,https://thearmypainter.com/products/warpaints-air-warpaints-air-storm-wolf-aw4119p,published;check_digit_valid,paint,5713799411982,Volume not established from listing.,2026-10-02
Army Painter,Warpaints Air,Warpaints Air: Talisman Purple,AW4451,,,,5713799445185,5713799445185,EAN-13,https://cdn.shopify.com/s/files/1/0781/9850/5747/files/AW4451P_0.jpg?v=1750957880,https://thearmypainter.com/products/warpaints-air-warpaints-air-talisman-purple-aw4451p,https://thearmypainter.com/products/warpaints-air-warpaints-air-talisman-purple-aw4451p,published;check_digit_valid,paint,5713799445185,Volume not established from listing.,2026-10-02
Army Painter,Warpaints Air,Warpaints Air: Thunder Storm,AW3415,,,,5713799341586,5713799341586,EAN-13,https://cdn.shopify.com/s/files/1/0781/9850/5747/files/AW3415P_0.jpg?v=1750957879,https://thearmypainter.com/products/warpaints-air-warpaints-air-thunder-storm-aw3415p,https://thearmypainter.com/products/warpaints-air-warpaints-air-thunder-storm-aw3415p,published;check_digit_valid,paint,5713799341586,Volume not established from listing.,2026-10-02
Army Painter,Warpaints Air,Warpaints Air: Toxic Mist,AW1437,,,,5713799143784,5713799143784,EAN-13,https://cdn.shopify.com/s/files/1/0781/9850/5747/files/AW1437P_0.jpg?v=1750957877,https://thearmypainter.com/products/warpaints-air-warpaints-air-toxic-mist-aw1437p,https://thearmypainter.com/products/warpaints-air-warpaints-air-toxic-mist-aw1437p,published;check_digit_valid,paint,5713799143784,Volume not established from listing.,2026-10-02
Army Painter,Warpaints Air,Warpaints Air: Traitor Red,AW3142,,,,5713799314283,5713799314283,EAN-13,https://cdn.shopify.com/s/files/1/0781/9850/5747/files/AW3142P_0.jpg?v=1750957879,https://thearmypainter.com/products/warpaints-air-warpaints-air-traitor-red-aw3142p,https://thearmypainter.com/products/warpaints-air-warpaints-air-traitor-red-aw3142p,published;check_digit_valid,paint,5713799314283,Volume not established from listing.,2026-10-02
Army Painter,Warpaints Air,Warpaints Air: Twilight Sky,AW4415,,,,5713799441583,5713799441583,EAN-13,https://cdn.shopify.com/s/files/1/0781/9850/5747/files/AW4415P_0.jpg?v=1750957880,https://thearmypainter.com/products/warpaints-air-warpaints-air-twilight-sky-aw4415p,https://thearmypainter.com/products/warpaints-air-warpaints-air-twilight-sky-aw4415p,published;check_digit_valid,paint,5713799441583,Volume not established from listing.,2026-10-02
Army Painter,Warpaints Air,Warpaints Air: Ultramarine Blue,AW1115,,,,5713799111585,5713799111585,EAN-13,https://cdn.shopify.com/s/files/1/0781/9850/5747/files/AW1115P_0.jpg?v=1750957876,https://thearmypainter.com/products/warpaints-air-warpaints-air-ultramarine-blue-aw1115p,https://thearmypainter.com/products/warpaints-air-warpaints-air-ultramarine-blue-aw1115p,published;check_digit_valid,paint,5713799111585,Volume not established from listing.,2026-10-02
Army Painter,Warpaints Air,Warpaints Air: Undergrowth Green,AW3433,,,,5713799343382,5713799343382,EAN-13,https://cdn.shopify.com/s/files/1/0781/9850/5747/files/AW3433P_0.jpg?v=1750957879,https://thearmypainter.com/products/warpaints-air-warpaints-air-undergrowth-green-aw3433p,https://thearmypainter.com/products/warpaints-air-warpaints-air-undergrowth-green-aw3433p,published;check_digit_valid,paint,5713799343382,Volume not established from listing.,2026-10-02
Army Painter,Warpaints Air,Warpaints Air: Unforgiven Green,AW3112,,,,5713799311282,5713799311282,EAN-13,https://cdn.shopify.com/s/files/1/0781/9850/5747/files/AW3112P_0.jpg?v=1750957878,https://thearmypainter.com/products/warpaints-air-warpaints-air-unforgiven-green-aw3112p,https://thearmypainter.com/products/warpaints-air-warpaints-air-unforgiven-green-aw3112p,published;check_digit_valid,paint,5713799311282,Volume not established from listing.,2026-10-02
Army Painter,Warpaints Air,Warpaints Air: Uniform Grey,AW1118,,,,5713799111882,5713799111882,EAN-13,https://cdn.shopify.com/s/files/1/0781/9850/5747/files/AW1118P_0.jpg?v=1750957876,https://thearmypainter.com/products/warpaints-air-warpaints-air-uniform-grey-aw1118p,https://thearmypainter.com/products/warpaints-air-warpaints-air-uniform-grey-aw1118p,published;check_digit_valid,paint,5713799111882,Volume not established from listing.,2026-10-02
Army Painter,Warpaints Air,Warpaints Air: Viper Brown,AW4122,,,,5713799412286,5713799412286,EAN-13,https://cdn.shopify.com/s/files/1/0781/9850/5747/files/AW4122P_0.jpg?v=1750957880,https://thearmypainter.com/products/warpaints-air-warpaints-air-viper-brown-aw4122p,https://thearmypainter.com/products/warpaints-air-warpaints-air-viper-brown-aw4122p,published;check_digit_valid,paint,5713799412286,Volume not established from listing.,2026-10-02
Army Painter,Warpaints Air,Warpaints Air: Warlock Purple,AW1451,,,,5713799145184,5713799145184,EAN-13,https://cdn.shopify.com/s/files/1/0781/9850/5747/files/AW1451P_0.jpg?v=1750957876,https://thearmypainter.com/products/warpaints-air-warpaints-air-warlock-purple-aw1451p,https://thearmypainter.com/products/warpaints-air-warpaints-air-warlock-purple-aw1451p,published;check_digit_valid,paint,5713799145184,Volume not established from listing.,2026-10-02
Army Painter,Warpaints Air,Warpaints Air: Wildling Flesh,AW4126,,,,5713799412682,5713799412682,EAN-13,https://cdn.shopify.com/s/files/1/0781/9850/5747/files/AW4126P_0.jpg?v=1750957880,https://thearmypainter.com/products/warpaints-air-warpaints-air-wildling-flesh-aw4126p,https://thearmypainter.com/products/warpaints-air-warpaints-air-wildling-flesh-aw4126p,published;check_digit_valid,paint,5713799412682,Volume not established from listing.,2026-10-02
Army Painter,Warpaints Air,Warpaints Air: Witchbane Plum,AW3451,,,,5713799345188,5713799345188,EAN-13,https://cdn.shopify.com/s/files/1/0781/9850/5747/files/AW3451P_0.jpg?v=1750957880,https://thearmypainter.com/products/warpaints-air-warpaints-air-witchbane-plum-aw3451p,https://thearmypainter.com/products/warpaints-air-warpaints-air-witchbane-plum-aw3451p,published;check_digit_valid,paint,5713799345188,Volume not established from listing.,2026-10-02
Army Painter,Warpaints Air,Warpaints Air: Wizards Orb,AW1466,,,,5713799146686,5713799146686,EAN-13,https://cdn.shopify.com/s/files/1/0781/9850/5747/files/AW1466P_0.jpg?v=1750957877,https://thearmypainter.com/products/warpaints-air-warpaints-air-wizards-orb-aw1466p,https://thearmypainter.com/products/warpaints-air-warpaints-air-wizards-orb-aw1466p,published;check_digit_valid,paint,5713799146686,Volume not established from listing.,2026-10-02
Army Painter,Warpaints Air,Warpaints Air: Wolf Grey,AW1119,,,,5713799111981,5713799111981,EAN-13,https://cdn.shopify.com/s/files/1/0781/9850/5747/files/AW1119P_0.jpg?v=1750957876,https://thearmypainter.com/products/warpaints-air-warpaints-air-wolf-grey-aw1119p,https://thearmypainter.com/products/warpaints-air-warpaints-air-wolf-grey-aw1119p,published;check_digit_valid,paint,5713799111981,Volume not established from listing.,2026-10-02
Army Painter,Warpaints Air,Warpaints Air: Wyrmling Red,AW4105,,,,5713799410589,5713799410589,EAN-13,https://cdn.shopify.com/s/files/1/0781/9850/5747/files/AW4105P_0.jpg?v=1750957879,https://thearmypainter.com/products/warpaints-air-warpaints-air-wyrmling-red-aw4105p,https://thearmypainter.com/products/warpaints-air-warpaints-air-wyrmling-red-aw4105p,published;check_digit_valid,paint,5713799410589,Volume not established from listing.,2026-10-02
Army Painter,Warpaints Air,Warpaints Air: Yellow Dune,AW4121,,,,5713799412187,5713799412187,EAN-13,https://cdn.shopify.com/s/files/1/0781/9850/5747/files/AW4121P_0.jpg?v=1750957880,https://thearmypainter.com/products/warpaints-air-warpaints-air-yellow-dune-aw4121p,https://thearmypainter.com/products/warpaints-air-warpaints-air-yellow-dune-aw4121p,published;check_digit_valid,paint,5713799412187,Volume not established from listing.,2026-10-02
Army Painter,Warpaints Air,Warpaints Air: Yeti White,AW4102,,,,5713799410282,5713799410282,EAN-13,https://cdn.shopify.com/s/files/1/0781/9850/5747/files/AW4102P_0.jpg?v=1750957879,https://thearmypainter.com/products/warpaints-air-warpaints-air-yeti-white-aw4102p,https://thearmypainter.com/products/warpaints-air-warpaints-air-yeti-white-aw4102p,published;check_digit_valid,paint,5713799410282,Volume not established from listing.,2026-10-02
Army Painter,Warpaints Air,Warpaints Air: Zombie Flesh,AW4108,,,,5713799410886,5713799410886,EAN-13,https://cdn.shopify.com/s/files/1/0781/9850/5747/files/AW4108P_0.jpg?v=1750957879,https://thearmypainter.com/products/warpaints-air-warpaints-air-zombie-flesh-aw4108p,https://thearmypainter.com/products/warpaints-air-warpaints-air-zombie-flesh-aw4108p,published;check_digit_valid,paint,5713799410886,Volume not established from listing.,2026-10-02
Army Painter,Warpaints Fanatic,Warpaints Fanatic Effects: Brush-On Primer,WP3175,,,,5713799317505,5713799317505,EAN-13,https://cdn.shopify.com/s/files/1/0781/9850/5747/files/WP3175P_0.jpg?v=1750957906,https://thearmypainter.com/products/warpaints-fanatic-warpaints-fanatic-effects-brush-on-primer-wp3175p,https://thearmypainter.com/products/warpaints-fanatic-warpaints-fanatic-effects-brush-on-primer-wp3175p,published;check_digit_valid,primer,5713799317505,Volume not established from listing.,2026-10-02
Army Painter,Warpaints Fanatic,Warpaints Fanatic Effects: Dark Rust,WP3166,,,,5713799316607,5713799316607,EAN-13,https://cdn.shopify.com/s/files/1/0781/9850/5747/files/WP3166P_0.jpg?v=1750957906,https://thearmypainter.com/products/warpaints-fanatic-warpaints-fanatic-effects-dark-rust-wp3166p,https://thearmypainter.com/products/warpaints-fanatic-warpaints-fanatic-effects-dark-rust-wp3166p,published;check_digit_valid,paint,5713799316607,Volume not established from listing.,2026-10-02
Army Painter,Warpaints Fanatic,Warpaints Fanatic Effects: Data System Glow,WP3177,,,,5713799317703,5713799317703,EAN-13,https://cdn.shopify.com/s/files/1/0781/9850/5747/files/WP3177P_0.jpg?v=1750957906,https://thearmypainter.com/products/warpaints-fanatic-warpaints-fanatic-effects-data-system-glow-wp3177p,https://thearmypainter.com/products/warpaints-fanatic-warpaints-fanatic-effects-data-system-glow-wp3177p,published;check_digit_valid,paint,5713799317703,Volume not established from listing.,2026-10-02
Army Painter,Warpaints Fanatic,Warpaints Fanatic Effects: Disgusting Slime,WP3163,,,,5713799316300,5713799316300,EAN-13,https://cdn.shopify.com/s/files/1/0781/9850/5747/files/WP3163P_0.jpg?v=1750957906,https://thearmypainter.com/products/warpaints-fanatic-warpaints-fanatic-effects-disgusting-slime-wp3163p,https://thearmypainter.com/products/warpaints-fanatic-warpaints-fanatic-effects-disgusting-slime-wp3163p,published;check_digit_valid,paint,5713799316300,Volume not established from listing.,2026-10-02
Army Painter,Warpaints Fanatic,Warpaints Fanatic Effects: Dry Blood,WP3164,,,,5713799316409,5713799316409,EAN-13,https://cdn.shopify.com/s/files/1/0781/9850/5747/files/WP3164P_0.jpg?v=1750957906,https://thearmypainter.com/products/warpaints-fanatic-warpaints-fanatic-effects-dry-blood-wp3164p,https://thearmypainter.com/products/warpaints-fanatic-warpaints-fanatic-effects-dry-blood-wp3164p,published;check_digit_valid,paint,5713799316409,Volume not established from listing.,2026-10-02
Army Painter,Warpaints Fanatic,Warpaints Fanatic Effects: Fresh Rust,WP3167,,,,5713799316706,5713799316706,EAN-13,https://cdn.shopify.com/s/files/1/0781/9850/5747/files/WP3167P_0.jpg?v=1750957906,https://thearmypainter.com/products/warpaints-fanatic-warpaints-fanatic-effects-fresh-rust-wp3167p,https://thearmypainter.com/products/warpaints-fanatic-warpaints-fanatic-effects-fresh-rust-wp3167p,published;check_digit_valid,paint,5713799316706,Volume not established from listing.,2026-10-02
Army Painter,Warpaints Fanatic,Warpaints Fanatic Effects: Gloss Varnish,WP3173,,,,5713799317307,5713799317307,EAN-13,https://cdn.shopify.com/s/files/1/0781/9850/5747/files/WP3173P_0.jpg?v=1750957906,https://thearmypainter.com/products/warpaints-fanatic-warpaints-fanatic-effects-gloss-varnish-wp3173p,https://thearmypainter.com/products/warpaints-fanatic-warpaints-fanatic-effects-gloss-varnish-wp3173p,published;check_digit_valid,varnish,5713799317307,Volume not established from listing.,2026-10-02
Army Painter,Warpaints Fanatic,Warpaints Fanatic Effects: Lens Flare Glow,WP3178,,,,5713799317802,5713799317802,EAN-13,https://cdn.shopify.com/s/files/1/0781/9850/5747/files/WP3178P_0.jpg?v=1750957906,https://thearmypainter.com/products/warpaints-fanatic-warpaints-fanatic-effects-lens-flare-glow-wp3178p,https://thearmypainter.com/products/warpaints-fanatic-warpaints-fanatic-effects-lens-flare-glow-wp3178p,published;check_digit_valid,paint,5713799317802,Volume not established from listing.,2026-10-02
Army Painter,Warpaints Fanatic,Warpaints Fanatic Effects: Matt Varnish,WP3174,,,,5713799317406,5713799317406,EAN-13,https://cdn.shopify.com/s/files/1/0781/9850/5747/files/WP3174P_0.jpg?v=1750957906,https://thearmypainter.com/products/warpaints-fanatic-warpaints-fanatic-effects-matt-varnish-wp3174p,https://thearmypainter.com/products/warpaints-fanatic-warpaints-fanatic-effects-matt-varnish-wp3174p,published;check_digit_valid,varnish,5713799317406,Volume not established from listing.,2026-10-02
Army Painter,Warpaints Fanatic,Warpaints Fanatic Effects: Oil Stains,WP3169,,,,5713799316904,5713799316904,EAN-13,https://cdn.shopify.com/s/files/1/0781/9850/5747/files/WP3169P_0.jpg?v=1750957906,https://thearmypainter.com/products/warpaints-fanatic-warpaints-fanatic-effects-oil-stains-wp3169p,https://thearmypainter.com/products/warpaints-fanatic-warpaints-fanatic-effects-oil-stains-wp3169p,published;check_digit_valid,paint,5713799316904,Volume not established from listing.,2026-10-02
Army Painter,Warpaints Fanatic,Warpaints Fanatic Effects: Oozing Vomit,WP3170,,,,5713799317000,5713799317000,EAN-13,https://cdn.shopify.com/s/files/1/0781/9850/5747/files/WP3170P_0.jpg?v=1750957906,https://thearmypainter.com/products/warpaints-fanatic-warpaints-fanatic-effects-oozing-vomit-wp3170p,https://thearmypainter.com/products/warpaints-fanatic-warpaints-fanatic-effects-oozing-vomit-wp3170p,published;check_digit_valid,paint,5713799317000,Volume not established from listing.,2026-10-02
Army Painter,Warpaints Fanatic,Warpaints Fanatic Effects: Plasma Coil Glow,WP3176,,,,5713799317604,5713799317604,EAN-13,https://cdn.shopify.com/s/files/1/0781/9850/5747/files/WP3176P_0.jpg?v=1750957907,https://thearmypainter.com/products/warpaints-fanatic-warpaints-fanatic-effects-plasma-coil-glow-wp3176p,https://thearmypainter.com/products/warpaints-fanatic-warpaints-fanatic-effects-plasma-coil-glow-wp3176p,published;check_digit_valid,paint,5713799317604,Volume not established from listing.,2026-10-02
Army Painter,Warpaints Fanatic,Warpaints Fanatic Effects: Power Node Glow,WP3180,,,,5713799318007,5713799318007,EAN-13,https://cdn.shopify.com/s/files/1/0781/9850/5747/files/WP3180P_0.jpg?v=1750957907,https://thearmypainter.com/products/warpaints-fanatic-warpaints-fanatic-effects-power-node-glow-wp3180p,https://thearmypainter.com/products/warpaints-fanatic-warpaints-fanatic-effects-power-node-glow-wp3180p,published;check_digit_valid,paint,5713799318007,Volume not established from listing.,2026-10-02
Army Painter,Warpaints Fanatic,Warpaints Fanatic Effects: Radiation Glow,WP3179,,,,5713799317901,5713799317901,EAN-13,https://cdn.shopify.com/s/files/1/0781/9850/5747/files/WP3179P_0.jpg?v=1750957906,https://thearmypainter.com/products/warpaints-fanatic-warpaints-fanatic-effects-radiation-glow-wp3179p,https://thearmypainter.com/products/warpaints-fanatic-warpaints-fanatic-effects-radiation-glow-wp3179p,published;check_digit_valid,paint,5713799317901,Volume not established from listing.,2026-10-02
Army Painter,Warpaints Fanatic,Warpaints Fanatic Effects: True Blood,WP3165,,,,5713799316508,5713799316508,EAN-13,https://cdn.shopify.com/s/files/1/0781/9850/5747/files/WP3165P_0.jpg?v=1750957906,https://thearmypainter.com/products/warpaints-fanatic-warpaints-fanatic-effects-true-blood-wp3165p,https://thearmypainter.com/products/warpaints-fanatic-warpaints-fanatic-effects-true-blood-wp3165p,published;check_digit_valid,paint,5713799316508,Volume not established from listing.,2026-10-02
Army Painter,Warpaints Fanatic,Warpaints Fanatic Effects: Verdigris,WP3168,,,,5713799316805,5713799316805,EAN-13,https://cdn.shopify.com/s/files/1/0781/9850/5747/files/WP3168P_0.jpg?v=1750957906,https://thearmypainter.com/products/warpaints-fanatic-warpaints-fanatic-effects-verdigris-wp3168p,https://thearmypainter.com/products/warpaints-fanatic-warpaints-fanatic-effects-verdigris-wp3168p,published;check_digit_valid,paint,5713799316805,Volume not established from listing.,2026-10-02
Army Painter,Warpaints Fanatic,Warpaints Fanatic Effects: Warpaints Retarder,WP3172,,,,5713799317208,5713799317208,EAN-13,https://cdn.shopify.com/s/files/1/0781/9850/5747/files/WP3172P_0.jpg?v=1750957907,https://thearmypainter.com/products/warpaints-fanatic-warpaints-fanatic-effects-warpaints-retarder-wp3172p,https://thearmypainter.com/products/warpaints-fanatic-warpaints-fanatic-effects-warpaints-retarder-wp3172p,published;check_digit_valid,medium/auxiliary,5713799317208,Volume not established from listing.,2026-10-02
Army Painter,Warpaints Fanatic,Warpaints Fanatic Effects: Warpaints Stabilizer,WP3171,,,,5713799317109,5713799317109,EAN-13,https://cdn.shopify.com/s/files/1/0781/9850/5747/files/WP3171P_0.jpg?v=1750957907,https://thearmypainter.com/products/warpaints-fanatic-warpaints-fanatic-effects-warpaints-stabilizer-wp3171p,https://thearmypainter.com/products/warpaints-fanatic-warpaints-fanatic-effects-warpaints-stabilizer-wp3171p,published;check_digit_valid,paint,5713799317109,Volume not established from listing.,2026-10-02
Army Painter,Warpaints Fanatic,Warpaints Fanatic Metallic: Bright Gold,WP3189,,,,5713799318908,5713799318908,EAN-13,https://cdn.shopify.com/s/files/1/0781/9850/5747/files/WP3189P_0.jpg?v=1750957907,https://thearmypainter.com/products/warpaints-fanatic-warpaints-fanatic-metallic-bright-gold-wp3189p,https://thearmypainter.com/products/warpaints-fanatic-warpaints-fanatic-metallic-bright-gold-wp3189p,published;check_digit_valid,paint,5713799318908,Volume not established from listing.,2026-10-02
Army Painter,Warpaints Fanatic,Warpaints Fanatic Metallic: Cobalt Metal,WP3194,,,,5713799319400,5713799319400,EAN-13,https://cdn.shopify.com/s/files/1/0781/9850/5747/files/WP3194P_0.jpg?v=1750957907,https://thearmypainter.com/products/warpaints-fanatic-warpaints-fanatic-metallic-cobalt-metal-wp3194p,https://thearmypainter.com/products/warpaints-fanatic-warpaints-fanatic-metallic-cobalt-metal-wp3194p,published;check_digit_valid,paint,5713799319400,Volume not established from listing.,2026-10-02
Army Painter,Warpaints Fanatic,Warpaints Fanatic Metallic: Dark Emerald,WP3196,,,,5713799319608,5713799319608,EAN-13,https://cdn.shopify.com/s/files/1/0781/9850/5747/files/WP3196P_0.jpg?v=1750957907,https://thearmypainter.com/products/warpaints-fanatic-warpaints-fanatic-metallic-dark-emerald-wp3196p,https://thearmypainter.com/products/warpaints-fanatic-warpaints-fanatic-metallic-dark-emerald-wp3196p,published;check_digit_valid,paint,5713799319608,Volume not established from listing.,2026-10-02
Army Painter,Warpaints Fanatic,Warpaints Fanatic Metallic: Death Metal,WP3195,,,,5713799319509,5713799319509,EAN-13,https://cdn.shopify.com/s/files/1/0781/9850/5747/files/WP3195P_0.jpg?v=1750957907,https://thearmypainter.com/products/warpaints-fanatic-warpaints-fanatic-metallic-death-metal-wp3195p,https://thearmypainter.com/products/warpaints-fanatic-warpaints-fanatic-metallic-death-metal-wp3195p,published;check_digit_valid,paint,5713799319509,Volume not established from listing.,2026-10-02
Army Painter,Warpaints Fanatic,Warpaints Fanatic Metallic: Evil Chrome,WP3185,,,,5713799318502,5713799318502,EAN-13,https://cdn.shopify.com/s/files/1/0781/9850/5747/files/WP3185P_0.jpg?v=1750957907,https://thearmypainter.com/products/warpaints-fanatic-warpaints-fanatic-metallic-evil-chrome-wp3185p,https://thearmypainter.com/products/warpaints-fanatic-warpaints-fanatic-metallic-evil-chrome-wp3185p,published;check_digit_valid,paint,5713799318502,Volume not established from listing.,2026-10-02
Army Painter,Warpaints Fanatic,Warpaints Fanatic Metallic: Gemstone Red,WP3198,,,,5713799319806,5713799319806,EAN-13,https://cdn.shopify.com/s/files/1/0781/9850/5747/files/WP3198P_0.jpg?v=1750957907,https://thearmypainter.com/products/warpaints-fanatic-warpaints-fanatic-metallic-gemstone-red-wp3198p,https://thearmypainter.com/products/warpaints-fanatic-warpaints-fanatic-metallic-gemstone-red-wp3198p,published;check_digit_valid,paint,5713799319806,Volume not established from listing.,2026-10-02
Army Painter,Warpaints Fanatic,Warpaints Fanatic Metallic: Glittering Green,WP3197,,,,5713799319707,5713799319707,EAN-13,https://cdn.shopify.com/s/files/1/0781/9850/5747/files/WP3197P_0.jpg?v=1750957907,https://thearmypainter.com/products/warpaints-fanatic-warpaints-fanatic-metallic-glittering-green-wp3197p,https://thearmypainter.com/products/warpaints-fanatic-warpaints-fanatic-metallic-glittering-green-wp3197p,published;check_digit_valid,paint,5713799319707,Volume not established from listing.,2026-10-02
Army Painter,Warpaints Fanatic,Warpaints Fanatic Metallic: Greedy Gold,WP3188,,,,5713799318809,5713799318809,EAN-13,https://cdn.shopify.com/s/files/1/0781/9850/5747/files/WP3188P_0.jpg?v=1750957907,https://thearmypainter.com/products/warpaints-fanatic-warpaints-fanatic-metallic-greedy-gold-wp3188p,https://thearmypainter.com/products/warpaints-fanatic-warpaints-fanatic-metallic-greedy-gold-wp3188p,published;check_digit_valid,paint,5713799318809,Volume not established from listing.,2026-10-02
Army Painter,Warpaints Fanatic,Warpaints Fanatic Metallic: Gun Metal,WP3193,,,,5713799319301,5713799319301,EAN-13,https://cdn.shopify.com/s/files/1/0781/9850/5747/files/WP3193P_0.jpg?v=1750957907,https://thearmypainter.com/products/warpaints-fanatic-warpaints-fanatic-metallic-gun-metal-wp3193p,https://thearmypainter.com/products/warpaints-fanatic-warpaints-fanatic-metallic-gun-metal-wp3193p,published;check_digit_valid,paint,5713799319301,Volume not established from listing.,2026-10-02
Army Painter,Warpaints Fanatic,Warpaints Fanatic Metallic: Mithril,WP3190,,,,5713799319004,5713799319004,EAN-13,https://cdn.shopify.com/s/files/1/0781/9850/5747/files/WP3190P_0.jpg?v=1750957907,https://thearmypainter.com/products/warpaints-fanatic-warpaints-fanatic-metallic-mithril-wp3190p,https://thearmypainter.com/products/warpaints-fanatic-warpaints-fanatic-metallic-mithril-wp3190p,published;check_digit_valid,paint,5713799319004,Volume not established from listing.,2026-10-02
Army Painter,Warpaints Fanatic,Warpaints Fanatic Metallic: Plate Mail Metal,WP3192,,,,5713799319202,5713799319202,EAN-13,https://cdn.shopify.com/s/files/1/0781/9850/5747/files/WP3192P_0.jpg?v=1750957907,https://thearmypainter.com/products/warpaints-fanatic-warpaints-fanatic-metallic-plate-mail-metal-wp3192p,https://thearmypainter.com/products/warpaints-fanatic-warpaints-fanatic-metallic-plate-mail-metal-wp3192p,published;check_digit_valid,paint,5713799319202,Volume not established from listing.,2026-10-02
Army Painter,Warpaints Fanatic,Warpaints Fanatic Metallic: Red Copper,WP3182,,,,5713799318205,5713799318205,EAN-13,https://cdn.shopify.com/s/files/1/0781/9850/5747/files/WP3182P_0.jpg?v=1750957907,https://thearmypainter.com/products/warpaints-fanatic-warpaints-fanatic-metallic-red-copper-wp3182p,https://thearmypainter.com/products/warpaints-fanatic-warpaints-fanatic-metallic-red-copper-wp3182p,published;check_digit_valid,paint,5713799318205,Volume not established from listing.,2026-10-02
Army Painter,Warpaints Fanatic,Warpaints Fanatic Metallic: Rough Iron,WP3181,,,,5713799318106,5713799318106,EAN-13,https://cdn.shopify.com/s/files/1/0781/9850/5747/files/WP3181P_0.jpg?v=1750957906,https://thearmypainter.com/products/warpaints-fanatic-warpaints-fanatic-metallic-rough-iron-wp3181p,https://thearmypainter.com/products/warpaints-fanatic-warpaints-fanatic-metallic-rough-iron-wp3181p,published;check_digit_valid,paint,5713799318106,Volume not established from listing.,2026-10-02
Army Painter,Warpaints Fanatic,Warpaints Fanatic Metallic: Shining Silver,WP3191,,,,5713799319103,5713799319103,EAN-13,https://cdn.shopify.com/s/files/1/0781/9850/5747/files/WP3191P_0.jpg?v=1750957907,https://thearmypainter.com/products/warpaints-fanatic-warpaints-fanatic-metallic-shining-silver-wp3191p,https://thearmypainter.com/products/warpaints-fanatic-warpaints-fanatic-metallic-shining-silver-wp3191p,published;check_digit_valid,paint,5713799319103,Volume not established from listing.,2026-10-02
Army Painter,Warpaints Fanatic,Warpaints Fanatic Metallic: Tainted Gold,WP3187,,,,5713799318700,5713799318700,EAN-13,https://cdn.shopify.com/s/files/1/0781/9850/5747/files/WP3187P_0.jpg?v=1750957907,https://thearmypainter.com/products/warpaints-fanatic-warpaints-fanatic-metallic-tainted-gold-wp3187p,https://thearmypainter.com/products/warpaints-fanatic-warpaints-fanatic-metallic-tainted-gold-wp3187p,published;check_digit_valid,paint,5713799318700,Volume not established from listing.,2026-10-02
Army Painter,Warpaints Fanatic,Warpaints Fanatic Metallic: True Brass,WP3186,,,,5713799318601,5713799318601,EAN-13,https://cdn.shopify.com/s/files/1/0781/9850/5747/files/WP3186P_0.jpg?v=1750957907,https://thearmypainter.com/products/warpaints-fanatic-warpaints-fanatic-metallic-true-brass-wp3186p,https://thearmypainter.com/products/warpaints-fanatic-warpaints-fanatic-metallic-true-brass-wp3186p,published;check_digit_valid,paint,5713799318601,Volume not established from listing.,2026-10-02
Army Painter,Warpaints Fanatic,Warpaints Fanatic Metallic: True Copper,WP3184,,,,5713799318403,5713799318403,EAN-13,https://cdn.shopify.com/s/files/1/0781/9850/5747/files/WP3184P_0.jpg?v=1750957907,https://thearmypainter.com/products/warpaints-fanatic-warpaints-fanatic-metallic-true-copper-wp3184p,https://thearmypainter.com/products/warpaints-fanatic-warpaints-fanatic-metallic-true-copper-wp3184p,published;check_digit_valid,paint,5713799318403,Volume not established from listing.,2026-10-02
Army Painter,Warpaints Fanatic,Warpaints Fanatic Metallic: Weapon Bronze,WP3183,,,,5713799318304,5713799318304,EAN-13,https://cdn.shopify.com/s/files/1/0781/9850/5747/files/WP3183P_0.jpg?v=1750957907,https://thearmypainter.com/products/warpaints-fanatic-warpaints-fanatic-metallic-weapon-bronze-wp3183p,https://thearmypainter.com/products/warpaints-fanatic-warpaints-fanatic-metallic-weapon-bronze-wp3183p,published;check_digit_valid,paint,5713799318304,Volume not established from listing.,2026-10-02
Army Painter,Warpaints Fanatic,Warpaints Fanatic Wash: Blue Tone,WP3210,,,,5713799321007,5713799321007,EAN-13,https://cdn.shopify.com/s/files/1/0781/9850/5747/files/WP3210P_0.jpg?v=1750957907,https://thearmypainter.com/products/warpaints-fanatic-warpaints-fanatic-wash-blue-tone-wp3210p,https://thearmypainter.com/products/warpaints-fanatic-warpaints-fanatic-wash-blue-tone-wp3210p,published;check_digit_valid,paint,5713799321007,Volume not established from listing.,2026-10-02
Army Painter,Warpaints Fanatic,Warpaints Fanatic Wash: Dark Blue Tone,WP3211,,,,5713799321106,5713799321106,EAN-13,https://cdn.shopify.com/s/files/1/0781/9850/5747/files/WP3211P_0.jpg?v=1750957907,https://thearmypainter.com/products/warpaints-fanatic-warpaints-fanatic-wash-dark-blue-tone-wp3211p,https://thearmypainter.com/products/warpaints-fanatic-warpaints-fanatic-wash-dark-blue-tone-wp3211p,published;check_digit_valid,paint,5713799321106,Volume not established from listing.,2026-10-02
Army Painter,Warpaints Fanatic,Warpaints Fanatic Wash: Dark Red Tone,WP3205,,,,5713799320505,5713799320505,EAN-13,https://cdn.shopify.com/s/files/1/0781/9850/5747/files/WP3205P_0.jpg?v=1750957907,https://thearmypainter.com/products/warpaints-fanatic-warpaints-fanatic-wash-dark-red-tone-wp3205p,https://thearmypainter.com/products/warpaints-fanatic-warpaints-fanatic-wash-dark-red-tone-wp3205p,published;check_digit_valid,paint,5713799320505,Volume not established from listing.,2026-10-02
Army Painter,Warpaints Fanatic,Warpaints Fanatic Wash: Dark Skin Shade,WP3215,,,,5713799321502,5713799321502,EAN-13,https://cdn.shopify.com/s/files/1/0781/9850/5747/files/WP3215P_0.jpg?v=1750957907,https://thearmypainter.com/products/warpaints-fanatic-warpaints-fanatic-wash-dark-skin-shade-wp3215p,https://thearmypainter.com/products/warpaints-fanatic-warpaints-fanatic-wash-dark-skin-shade-wp3215p,published;check_digit_valid,paint,5713799321502,Volume not established from listing.,2026-10-02
Army Painter,Warpaints Fanatic,Warpaints Fanatic Wash: Dark Tone,WP3199,,,,5713799319905,5713799319905,EAN-13,https://cdn.shopify.com/s/files/1/0781/9850/5747/files/WP3199P_0.jpg?v=1750957907,https://thearmypainter.com/products/warpaints-fanatic-warpaints-fanatic-wash-dark-tone-wp3199p,https://thearmypainter.com/products/warpaints-fanatic-warpaints-fanatic-wash-dark-tone-wp3199p,published;check_digit_valid,paint,5713799319905,Volume not established from listing.,2026-10-02
Army Painter,Warpaints Fanatic,Warpaints Fanatic Wash: Green Tone,WP3208,,,,5713799320802,5713799320802,EAN-13,https://cdn.shopify.com/s/files/1/0781/9850/5747/files/WP3208P_0.jpg?v=1750957907,https://thearmypainter.com/products/warpaints-fanatic-warpaints-fanatic-wash-green-tone-wp3208p,https://thearmypainter.com/products/warpaints-fanatic-warpaints-fanatic-wash-green-tone-wp3208p,published;check_digit_valid,paint,5713799320802,Volume not established from listing.,2026-10-02
Army Painter,Warpaints Fanatic,Warpaints Fanatic Wash: Light Tone,WP3202,,,,5713799320208,5713799320208,EAN-13,https://cdn.shopify.com/s/files/1/0781/9850/5747/files/WP3202P_0.jpg?v=1750957907,https://thearmypainter.com/products/warpaints-fanatic-warpaints-fanatic-wash-light-tone-wp3202p,https://thearmypainter.com/products/warpaints-fanatic-warpaints-fanatic-wash-light-tone-wp3202p,published;check_digit_valid,paint,5713799320208,Volume not established from listing.,2026-10-02
Army Painter,Warpaints Fanatic,Warpaints Fanatic Wash: Magenta Tone,WP3213,,,,5713799321304,5713799321304,EAN-13,https://cdn.shopify.com/s/files/1/0781/9850/5747/files/WP3213P_0.jpg?v=1750957908,https://thearmypainter.com/products/warpaints-fanatic-warpaints-fanatic-wash-magenta-tone-wp3213p,https://thearmypainter.com/products/warpaints-fanatic-warpaints-fanatic-wash-magenta-tone-wp3213p,published;check_digit_valid,paint,5713799321304,Volume not established from listing.,2026-10-02
Army Painter,Warpaints Fanatic,Warpaints Fanatic Wash: Military Shade,WP3209,,,,5713799320901,5713799320901,EAN-13,https://cdn.shopify.com/s/files/1/0781/9850/5747/files/WP3209P_0.jpg?v=1750957907,https://thearmypainter.com/products/warpaints-fanatic-warpaints-fanatic-wash-military-shade-wp3209p,https://thearmypainter.com/products/warpaints-fanatic-warpaints-fanatic-wash-military-shade-wp3209p,published;check_digit_valid,paint,5713799320901,Volume not established from listing.,2026-10-02
Army Painter,Warpaints Fanatic,Warpaints Fanatic Wash: Orange Tone,WP3207,,,,5713799320703,5713799320703,EAN-13,https://cdn.shopify.com/s/files/1/0781/9850/5747/files/WP3207P_0.jpg?v=1750957907,https://thearmypainter.com/products/warpaints-fanatic-warpaints-fanatic-wash-orange-tone-wp3207p,https://thearmypainter.com/products/warpaints-fanatic-warpaints-fanatic-wash-orange-tone-wp3207p,published;check_digit_valid,paint,5713799320703,Volume not established from listing.,2026-10-02
Army Painter,Warpaints Fanatic,Warpaints Fanatic Wash: Purple Tone,WP3212,,,,5713799321205,5713799321205,EAN-13,https://cdn.shopify.com/s/files/1/0781/9850/5747/files/WP3212P_0.jpg?v=1750957908,https://thearmypainter.com/products/warpaints-fanatic-warpaints-fanatic-wash-purple-tone-wp3212p,https://thearmypainter.com/products/warpaints-fanatic-warpaints-fanatic-wash-purple-tone-wp3212p,published;check_digit_valid,paint,5713799321205,Volume not established from listing.,2026-10-02
Army Painter,Warpaints Fanatic,Warpaints Fanatic Wash: Red Tone,WP3206,,,,5713799320604,5713799320604,EAN-13,https://cdn.shopify.com/s/files/1/0781/9850/5747/files/WP3206P_0.jpg?v=1750957907,https://thearmypainter.com/products/warpaints-fanatic-warpaints-fanatic-wash-red-tone-wp3206p,https://thearmypainter.com/products/warpaints-fanatic-warpaints-fanatic-wash-red-tone-wp3206p,published;check_digit_valid,paint,5713799320604,Volume not established from listing.,2026-10-02
Army Painter,Warpaints Fanatic,Warpaints Fanatic Wash: Rust Tone,WP3204,,,,5713799320406,5713799320406,EAN-13,https://cdn.shopify.com/s/files/1/0781/9850/5747/files/WP3204P_0.jpg?v=1750957908,https://thearmypainter.com/products/warpaints-fanatic-warpaints-fanatic-wash-rust-tone-wp3204p,https://thearmypainter.com/products/warpaints-fanatic-warpaints-fanatic-wash-rust-tone-wp3204p,published;check_digit_valid,paint,5713799320406,Volume not established from listing.,2026-10-02
Army Painter,Warpaints Fanatic,Warpaints Fanatic Wash: Sepia Tone,WP3203,,,,5713799320307,5713799320307,EAN-13,https://cdn.shopify.com/s/files/1/0781/9850/5747/files/WP3203P_0.jpg?v=1750957907,https://thearmypainter.com/products/warpaints-fanatic-warpaints-fanatic-wash-sepia-tone-wp3203p,https://thearmypainter.com/products/warpaints-fanatic-warpaints-fanatic-wash-sepia-tone-wp3203p,published;check_digit_valid,paint,5713799320307,Volume not established from listing.,2026-10-02
Army Painter,Warpaints Fanatic,Warpaints Fanatic Wash: Soft Tone,WP3201,,,,5713799320109,5713799320109,EAN-13,https://cdn.shopify.com/s/files/1/0781/9850/5747/files/WP3201P_0.jpg?v=1750957907,https://thearmypainter.com/products/warpaints-fanatic-warpaints-fanatic-wash-soft-tone-wp3201p,https://thearmypainter.com/products/warpaints-fanatic-warpaints-fanatic-wash-soft-tone-wp3201p,published;check_digit_valid,paint,5713799320109,Volume not established from listing.,2026-10-02
Army Painter,Warpaints Fanatic,Warpaints Fanatic Wash: Strong Skin Shade,WP3214,,,,5713799321403,5713799321403,EAN-13,https://cdn.shopify.com/s/files/1/0781/9850/5747/files/WP3214P_0.jpg?v=1750957907,https://thearmypainter.com/products/warpaints-fanatic-warpaints-fanatic-wash-strong-skin-shade-wp3214p,https://thearmypainter.com/products/warpaints-fanatic-warpaints-fanatic-wash-strong-skin-shade-wp3214p,published;check_digit_valid,paint,5713799321403,Volume not established from listing.,2026-10-02
Army Painter,Warpaints Fanatic,Warpaints Fanatic Wash: Strong Tone,WP3200,,,,5713799320000,5713799320000,EAN-13,https://cdn.shopify.com/s/files/1/0781/9850/5747/files/WP3200P_0.jpg?v=1750957907,https://thearmypainter.com/products/warpaints-fanatic-warpaints-fanatic-wash-strong-tone-wp3200p,https://thearmypainter.com/products/warpaints-fanatic-warpaints-fanatic-wash-strong-tone-wp3200p,published;check_digit_valid,paint,5713799320000,Volume not established from listing.,2026-10-02
Army Painter,Warpaints Fanatic,Warpaints Fanatic Wash: Wash Medium,WP3216,,,,5713799321601,5713799321601,EAN-13,https://cdn.shopify.com/s/files/1/0781/9850/5747/files/WP3216P_0.jpg?v=1750957908,https://thearmypainter.com/products/warpaints-fanatic-warpaints-fanatic-wash-wash-medium-wp3216p,https://thearmypainter.com/products/warpaints-fanatic-warpaints-fanatic-wash-wash-medium-wp3216p,published;check_digit_valid,medium/auxiliary,5713799321601,Volume not established from listing.,2026-10-02
Army Painter,Warpaints Fanatic,Warpaints Fanatic: Abyssal Blue,WP3032,,,,5713799303201,5713799303201,EAN-13,https://cdn.shopify.com/s/files/1/0781/9850/5747/files/WP3032P_0.jpg?v=1750957902,https://thearmypainter.com/products/warpaints-fanatic-warpaints-fanatic-abyssal-blue-wp3032p,https://thearmypainter.com/products/warpaints-fanatic-warpaints-fanatic-abyssal-blue-wp3032p,published;check_digit_valid,paint,5713799303201,Volume not established from listing.,2026-10-02
Army Painter,Warpaints Fanatic,Warpaints Fanatic: Aegis Aqua,WP3036,,,,5713799303607,5713799303607,EAN-13,https://cdn.shopify.com/s/files/1/0781/9850/5747/files/WP3036P_0.jpg?v=1750957902,https://thearmypainter.com/products/warpaints-fanatic-warpaints-fanatic-aegis-aqua-wp3036p,https://thearmypainter.com/products/warpaints-fanatic-warpaints-fanatic-aegis-aqua-wp3036p,published;check_digit_valid,paint,5713799303607,Volume not established from listing.,2026-10-02
Army Painter,Warpaints Fanatic,Warpaints Fanatic: Afterglow,WP3060,,,,5713799306004,5713799306004,EAN-13,https://cdn.shopify.com/s/files/1/0781/9850/5747/files/WP3060P_0.jpg?v=1750957903,https://thearmypainter.com/products/warpaints-fanatic-warpaints-fanatic-afterglow-wp3060p,https://thearmypainter.com/products/warpaints-fanatic-warpaints-fanatic-afterglow-wp3060p,published;check_digit_valid,paint,5713799306004,Volume not established from listing.,2026-10-02
Army Painter,Warpaints Fanatic,Warpaints Fanatic: Agate Skin,WP3146,,,,5713799314603,5713799314603,EAN-13,https://cdn.shopify.com/s/files/1/0781/9850/5747/files/WP3146P_0.jpg?v=1750957905,https://thearmypainter.com/products/warpaints-fanatic-warpaints-fanatic-agate-skin-wp3146p,https://thearmypainter.com/products/warpaints-fanatic-warpaints-fanatic-agate-skin-wp3146p,published;check_digit_valid,paint,5713799314603,Volume not established from listing.,2026-10-02
Army Painter,Warpaints Fanatic,Warpaints Fanatic: Alien Purple,WP3128,,,,5713799312807,5713799312807,EAN-13,https://cdn.shopify.com/s/files/1/0781/9850/5747/files/WP3128P_0.jpg?v=1750957905,https://thearmypainter.com/products/warpaints-fanatic-warpaints-fanatic-alien-purple-wp3128p,https://thearmypainter.com/products/warpaints-fanatic-warpaints-fanatic-alien-purple-wp3128p,published;check_digit_valid,paint,5713799312807,Volume not established from listing.,2026-10-02
Army Painter,Warpaints Fanatic,Warpaints Fanatic: Alpha Blue,WP3022,,,,5713799302204,5713799302204,EAN-13,https://cdn.shopify.com/s/files/1/0781/9850/5747/files/WP3022P_0.jpg?v=1750957902,https://thearmypainter.com/products/warpaints-fanatic-warpaints-fanatic-alpha-blue-wp3022p,https://thearmypainter.com/products/warpaints-fanatic-warpaints-fanatic-alpha-blue-wp3022p,published;check_digit_valid,paint,5713799302204,Volume not established from listing.,2026-10-02
Army Painter,Warpaints Fanatic,Warpaints Fanatic: Amber Skin,WP3160,,,,5713799316003,5713799316003,EAN-13,https://cdn.shopify.com/s/files/1/0781/9850/5747/files/WP3160P_0.jpg?v=1750957906,https://thearmypainter.com/products/warpaints-fanatic-warpaints-fanatic-amber-skin-wp3160p,https://thearmypainter.com/products/warpaints-fanatic-warpaints-fanatic-amber-skin-wp3160p,published;check_digit_valid,paint,5713799316003,Volume not established from listing.,2026-10-02
Army Painter,Warpaints Fanatic,Warpaints Fanatic: Amulet Aqua,WP3048,,,,5713799304802,5713799304802,EAN-13,https://cdn.shopify.com/s/files/1/0781/9850/5747/files/WP3048P_0.jpg?v=1750957903,https://thearmypainter.com/products/warpaints-fanatic-warpaints-fanatic-amulet-aqua-wp3048p,https://thearmypainter.com/products/warpaints-fanatic-warpaints-fanatic-amulet-aqua-wp3048p,published;check_digit_valid,paint,5713799304802,Volume not established from listing.,2026-10-02
Army Painter,Warpaints Fanatic,Warpaints Fanatic: Ancient Stone,WP3088,,,,5713799308800,5713799308800,EAN-13,https://cdn.shopify.com/s/files/1/0781/9850/5747/files/WP3088P_0.jpg?v=1750957904,https://thearmypainter.com/products/warpaints-fanatic-warpaints-fanatic-ancient-stone-wp3088p,https://thearmypainter.com/products/warpaints-fanatic-warpaints-fanatic-ancient-stone-wp3088p,published;check_digit_valid,paint,5713799308800,Volume not established from listing.,2026-10-02
Army Painter,Warpaints Fanatic,Warpaints Fanatic: Angel Green,WP3049,,,,5713799304901,5713799304901,EAN-13,https://cdn.shopify.com/s/files/1/0781/9850/5747/files/WP3049P_0.jpg?v=1750957903,https://thearmypainter.com/products/warpaints-fanatic-warpaints-fanatic-angel-green-wp3049p,https://thearmypainter.com/products/warpaints-fanatic-warpaints-fanatic-angel-green-wp3049p,published;check_digit_valid,paint,5713799304901,Volume not established from listing.,2026-10-02
Army Painter,Warpaints Fanatic,Warpaints Fanatic: Angelic Red,WP3104,,,,5713799310407,5713799310407,EAN-13,https://cdn.shopify.com/s/files/1/0781/9850/5747/files/WP3104P_0.jpg?v=1750957904,https://thearmypainter.com/products/warpaints-fanatic-warpaints-fanatic-angelic-red-wp3104p,https://thearmypainter.com/products/warpaints-fanatic-warpaints-fanatic-angelic-red-wp3104p,published;check_digit_valid,paint,5713799310407,Volume not established from listing.,2026-10-02
Army Painter,Warpaints Fanatic,Warpaints Fanatic: Aqua Alchemy,WP3047,,,,5713799304703,5713799304703,EAN-13,https://cdn.shopify.com/s/files/1/0781/9850/5747/files/WP3047P_0.jpg?v=1750957903,https://thearmypainter.com/products/warpaints-fanatic-warpaints-fanatic-aqua-alchemy-wp3047p,https://thearmypainter.com/products/warpaints-fanatic-warpaints-fanatic-aqua-alchemy-wp3047p,published;check_digit_valid,paint,5713799304703,Volume not established from listing.,2026-10-02
Army Painter,Warpaints Fanatic,Warpaints Fanatic: Aquamarine,WP3040,,,,5713799304000,5713799304000,EAN-13,https://cdn.shopify.com/s/files/1/0781/9850/5747/files/WP3040P_0.jpg?v=1750957902,https://thearmypainter.com/products/warpaints-fanatic-warpaints-fanatic-aquamarine-wp3040p,https://thearmypainter.com/products/warpaints-fanatic-warpaints-fanatic-aquamarine-wp3040p,published;check_digit_valid,paint,5713799304000,Volume not established from listing.,2026-10-02
Army Painter,Warpaints Fanatic,Warpaints Fanatic: Arctic Gem,WP3029,,,,5713799302907,5713799302907,EAN-13,https://cdn.shopify.com/s/files/1/0781/9850/5747/files/WP3029P_0.jpg?v=1750957902,https://thearmypainter.com/products/warpaints-fanatic-warpaints-fanatic-arctic-gem-wp3029p,https://thearmypainter.com/products/warpaints-fanatic-warpaints-fanatic-arctic-gem-wp3029p,published;check_digit_valid,paint,5713799302907,Volume not established from listing.,2026-10-02
Army Painter,Warpaints Fanatic,Warpaints Fanatic: Army Green,WP3068,,,,5713799306806,5713799306806,EAN-13,https://cdn.shopify.com/s/files/1/0781/9850/5747/files/WP3068P_0.jpg?v=1750957904,https://thearmypainter.com/products/warpaints-fanatic-warpaints-fanatic-army-green-wp3068p,https://thearmypainter.com/products/warpaints-fanatic-warpaints-fanatic-army-green-wp3068p,published;check_digit_valid,paint,5713799306806,Volume not established from listing.,2026-10-02
Army Painter,Warpaints Fanatic,Warpaints Fanatic: Ash Grey,WP3004,,,,5713799300408,5713799300408,EAN-13,https://cdn.shopify.com/s/files/1/0781/9850/5747/files/WP3004P_0.jpg?v=1750957902,https://thearmypainter.com/products/warpaints-fanatic-warpaints-fanatic-ash-grey-wp3004p,https://thearmypainter.com/products/warpaints-fanatic-warpaints-fanatic-ash-grey-wp3004p,published;check_digit_valid,paint,5713799300408,Volume not established from listing.,2026-10-02
Army Painter,Warpaints Fanatic,Warpaints Fanatic: Augur Blue,WP3024,,,,5713799302402,5713799302402,EAN-13,https://cdn.shopify.com/s/files/1/0781/9850/5747/files/WP3024P_0.jpg?v=1750957902,https://thearmypainter.com/products/warpaints-fanatic-warpaints-fanatic-augur-blue-wp3024p,https://thearmypainter.com/products/warpaints-fanatic-warpaints-fanatic-augur-blue-wp3024p,published;check_digit_valid,paint,5713799302402,Volume not established from listing.,2026-10-02
Army Painter,Warpaints Fanatic,Warpaints Fanatic: Autumn Sage,WP3064,,,,5713799306400,5713799306400,EAN-13,https://cdn.shopify.com/s/files/1/0781/9850/5747/files/WP3064P_0.jpg?v=1750957904,https://thearmypainter.com/products/warpaints-fanatic-warpaints-fanatic-autumn-sage-wp3064p,https://thearmypainter.com/products/warpaints-fanatic-warpaints-fanatic-autumn-sage-wp3064p,published;check_digit_valid,paint,5713799306400,Volume not established from listing.,2026-10-02
Army Painter,Warpaints Fanatic,Warpaints Fanatic: Barbarian Flesh,WP3147,,,,5713799314702,5713799314702,EAN-13,https://cdn.shopify.com/s/files/1/0781/9850/5747/files/WP3147P_0.jpg?v=1750957906,https://thearmypainter.com/products/warpaints-fanatic-warpaints-fanatic-barbarian-flesh-wp3147p,https://thearmypainter.com/products/warpaints-fanatic-warpaints-fanatic-barbarian-flesh-wp3147p,published;check_digit_valid,paint,5713799314702,Volume not established from listing.,2026-10-02
Army Painter,Warpaints Fanatic,Warpaints Fanatic: Baron Blue,WP3023,,,,5713799302303,5713799302303,EAN-13,https://cdn.shopify.com/s/files/1/0781/9850/5747/files/WP3023P_0.jpg?v=1750957902,https://thearmypainter.com/products/warpaints-fanatic-warpaints-fanatic-baron-blue-wp3023p,https://thearmypainter.com/products/warpaints-fanatic-warpaints-fanatic-baron-blue-wp3023p,published;check_digit_valid,paint,5713799302303,Volume not established from listing.,2026-10-02
Army Painter,Warpaints Fanatic,Warpaints Fanatic: Barren Dune,WP3084,,,,5713799308404,5713799308404,EAN-13,https://cdn.shopify.com/s/files/1/0781/9850/5747/files/WP3084P_0.jpg?v=1750957904,https://thearmypainter.com/products/warpaints-fanatic-warpaints-fanatic-barren-dune-wp3084p,https://thearmypainter.com/products/warpaints-fanatic-warpaints-fanatic-barren-dune-wp3084p,published;check_digit_valid,paint,5713799308404,Volume not established from listing.,2026-10-02
Army Painter,Warpaints Fanatic,Warpaints Fanatic: Basilisk Red,WP3115,,,,5713799311503,5713799311503,EAN-13,https://cdn.shopify.com/s/files/1/0781/9850/5747/files/WP3115P_0.jpg?v=1750957905,https://thearmypainter.com/products/warpaints-fanatic-warpaints-fanatic-basilisk-red-wp3115p,https://thearmypainter.com/products/warpaints-fanatic-warpaints-fanatic-basilisk-red-wp3115p,published;check_digit_valid,paint,5713799311503,Volume not established from listing.,2026-10-02
Army Painter,Warpaints Fanatic,Warpaints Fanatic: Blood Chalice,WP3119,,,,5713799311909,5713799311909,EAN-13,https://cdn.shopify.com/s/files/1/0781/9850/5747/files/WP3119P_0.jpg?v=1750957905,https://thearmypainter.com/products/warpaints-fanatic-warpaints-fanatic-blood-chalice-wp3119p,https://thearmypainter.com/products/warpaints-fanatic-warpaints-fanatic-blood-chalice-wp3119p,published;check_digit_valid,paint,5713799311909,Volume not established from listing.,2026-10-02
Army Painter,Warpaints Fanatic,Warpaints Fanatic: Bony Spikes,WP3089,,,,5713799308909,5713799308909,EAN-13,https://cdn.shopify.com/s/files/1/0781/9850/5747/files/WP3089P_0.jpg?v=1750957904,https://thearmypainter.com/products/warpaints-fanatic-warpaints-fanatic-bony-spikes-wp3089p,https://thearmypainter.com/products/warpaints-fanatic-warpaints-fanatic-bony-spikes-wp3089p,published;check_digit_valid,paint,5713799308909,Volume not established from listing.,2026-10-02
Army Painter,Warpaints Fanatic,Warpaints Fanatic: Bootstrap Brown,WP3074,,,,5713799307407,5713799307407,EAN-13,https://cdn.shopify.com/s/files/1/0781/9850/5747/files/WP3074P_0.jpg?v=1750957904,https://thearmypainter.com/products/warpaints-fanatic-warpaints-fanatic-bootstrap-brown-wp3074p,https://thearmypainter.com/products/warpaints-fanatic-warpaints-fanatic-bootstrap-brown-wp3074p,published;check_digit_valid,paint,5713799307407,Volume not established from listing.,2026-10-02
Army Painter,Warpaints Fanatic,Warpaints Fanatic: Brainmatter Beige,WP3011,,,,5713799301108,5713799301108,EAN-13,https://cdn.shopify.com/s/files/1/0781/9850/5747/files/WP3011P_0.jpg?v=1750957901,https://thearmypainter.com/products/warpaints-fanatic-warpaints-fanatic-brainmatter-beige-wp3011p,https://thearmypainter.com/products/warpaints-fanatic-warpaints-fanatic-brainmatter-beige-wp3011p,published;check_digit_valid,paint,5713799301108,Volume not established from listing.,2026-10-02
Army Painter,Warpaints Fanatic,Warpaints Fanatic: Brigade Grey,WP3006,,,,5713799300606,5713799300606,EAN-13,https://cdn.shopify.com/s/files/1/0781/9850/5747/files/WP3006P_0.jpg?v=1750957902,https://thearmypainter.com/products/warpaints-fanatic-warpaints-fanatic-brigade-grey-wp3006p,https://thearmypainter.com/products/warpaints-fanatic-warpaints-fanatic-brigade-grey-wp3006p,published;check_digit_valid,paint,5713799300606,Volume not established from listing.,2026-10-02
Army Painter,Warpaints Fanatic,Warpaints Fanatic: Brigandine Brown,WP3073,,,,5713799307308,5713799307308,EAN-13,https://cdn.shopify.com/s/files/1/0781/9850/5747/files/WP3073P_0.jpg?v=1750957904,https://thearmypainter.com/products/warpaints-fanatic-warpaints-fanatic-brigandine-brown-wp3073p,https://thearmypainter.com/products/warpaints-fanatic-warpaints-fanatic-brigandine-brown-wp3073p,published;check_digit_valid,paint,5713799307308,Volume not established from listing.,2026-10-02
Army Painter,Warpaints Fanatic,Warpaints Fanatic: Bright Sapphire,WP3030,,,,5713799303003,5713799303003,EAN-13,https://cdn.shopify.com/s/files/1/0781/9850/5747/files/WP3030P_0.jpg?v=1750957902,https://thearmypainter.com/products/warpaints-fanatic-warpaints-fanatic-bright-sapphire-wp3030p,https://thearmypainter.com/products/warpaints-fanatic-warpaints-fanatic-bright-sapphire-wp3030p,published;check_digit_valid,paint,5713799303003,Volume not established from listing.,2026-10-02
Army Painter,Warpaints Fanatic,Warpaints Fanatic: Buffed Hide,WP3114,,,,5713799311404,5713799311404,EAN-13,https://cdn.shopify.com/s/files/1/0781/9850/5747/files/WP3114P_0.jpg?v=1750957905,https://thearmypainter.com/products/warpaints-fanatic-warpaints-fanatic-buffed-hide-wp3114p,https://thearmypainter.com/products/warpaints-fanatic-warpaints-fanatic-buffed-hide-wp3114p,published;check_digit_valid,paint,5713799311404,Volume not established from listing.,2026-10-02
Army Painter,Warpaints Fanatic,Warpaints Fanatic: Burning Ore,WP3098,,,,5713799309807,5713799309807,EAN-13,https://cdn.shopify.com/s/files/1/0781/9850/5747/files/WP3098P_0.jpg?v=1750957904,https://thearmypainter.com/products/warpaints-fanatic-warpaints-fanatic-burning-ore-wp3098p,https://thearmypainter.com/products/warpaints-fanatic-warpaints-fanatic-burning-ore-wp3098p,published;check_digit_valid,paint,5713799309807,Volume not established from listing.,2026-10-02
Army Painter,Warpaints Fanatic,Warpaints Fanatic: Burnt Turf,WP3083,,,,5713799308305,5713799308305,EAN-13,https://cdn.shopify.com/s/files/1/0781/9850/5747/files/WP3083P_0.jpg?v=1750957904,https://thearmypainter.com/products/warpaints-fanatic-warpaints-fanatic-burnt-turf-wp3083p,https://thearmypainter.com/products/warpaints-fanatic-warpaints-fanatic-burnt-turf-wp3083p,published;check_digit_valid,paint,5713799308305,Volume not established from listing.,2026-10-02
Army Painter,Warpaints Fanatic,Warpaints Fanatic: Camouflage Green,WP3069,,,,5713799306905,5713799306905,EAN-13,https://cdn.shopify.com/s/files/1/0781/9850/5747/files/WP3069P_0.jpg?v=1750957904,https://thearmypainter.com/products/warpaints-fanatic-warpaints-fanatic-camouflage-green-wp3069p,https://thearmypainter.com/products/warpaints-fanatic-warpaints-fanatic-camouflage-green-wp3069p,published;check_digit_valid,paint,5713799306905,Volume not established from listing.,2026-10-02
Army Painter,Warpaints Fanatic,Warpaints Fanatic: Carnelian Skin,WP3151,,,,5713799315105,5713799315105,EAN-13,https://cdn.shopify.com/s/files/1/0781/9850/5747/files/WP3151P_0.jpg?v=1750957906,https://thearmypainter.com/products/warpaints-fanatic-warpaints-fanatic-carnelian-skin-wp3151p,https://thearmypainter.com/products/warpaints-fanatic-warpaints-fanatic-carnelian-skin-wp3151p,published;check_digit_valid,paint,5713799315105,Volume not established from listing.,2026-10-02
Army Painter,Warpaints Fanatic,Warpaints Fanatic: Command Khaki,WP3077,,,,5713799307704,5713799307704,EAN-13,https://cdn.shopify.com/s/files/1/0781/9850/5747/files/WP3077P_0.jpg?v=1750957904,https://thearmypainter.com/products/warpaints-fanatic-warpaints-fanatic-command-khaki-wp3077p,https://thearmypainter.com/products/warpaints-fanatic-warpaints-fanatic-command-khaki-wp3077p,published;check_digit_valid,paint,5713799307704,Volume not established from listing.,2026-10-02
Army Painter,Warpaints Fanatic,Warpaints Fanatic: Company Grey,WP3005,,,,5713799300507,5713799300507,EAN-13,https://cdn.shopify.com/s/files/1/0781/9850/5747/files/WP3005P_0.jpg?v=1750957902,https://thearmypainter.com/products/warpaints-fanatic-warpaints-fanatic-company-grey-wp3005p,https://thearmypainter.com/products/warpaints-fanatic-warpaints-fanatic-company-grey-wp3005p,published;check_digit_valid,paint,5713799300507,Volume not established from listing.,2026-10-02
Army Painter,Warpaints Fanatic,Warpaints Fanatic: Crystal Blue,WP3028,,,,5713799302808,5713799302808,EAN-13,https://cdn.shopify.com/s/files/1/0781/9850/5747/files/WP3028P_0.jpg?v=1750957902,https://thearmypainter.com/products/warpaints-fanatic-warpaints-fanatic-crystal-blue-wp3028p,https://thearmypainter.com/products/warpaints-fanatic-warpaints-fanatic-crystal-blue-wp3028p,published;check_digit_valid,paint,5713799302808,Volume not established from listing.,2026-10-02
Army Painter,Warpaints Fanatic,Warpaints Fanatic: Cultist Purple,WP3129,,,,5713799312906,5713799312906,EAN-13,https://cdn.shopify.com/s/files/1/0781/9850/5747/files/WP3129P_0.jpg?v=1750957905,https://thearmypainter.com/products/warpaints-fanatic-warpaints-fanatic-cultist-purple-wp3129p,https://thearmypainter.com/products/warpaints-fanatic-warpaints-fanatic-cultist-purple-wp3129p,published;check_digit_valid,paint,5713799312906,Volume not established from listing.,2026-10-02
Army Painter,Warpaints Fanatic,Warpaints Fanatic: Daemonic Yellow,WP3093,,,,5713799309302,5713799309302,EAN-13,https://cdn.shopify.com/s/files/1/0781/9850/5747/files/WP3093P_0.jpg?v=1750957904,https://thearmypainter.com/products/warpaints-fanatic-warpaints-fanatic-daemonic-yellow-wp3093p,https://thearmypainter.com/products/warpaints-fanatic-warpaints-fanatic-daemonic-yellow-wp3093p,published;check_digit_valid,paint,5713799309302,Volume not established from listing.,2026-10-02
Army Painter,Warpaints Fanatic,Warpaints Fanatic: Deep Azure,WP3037,,,,5713799303706,5713799303706,EAN-13,https://cdn.shopify.com/s/files/1/0781/9850/5747/files/WP3037P_0.jpg?v=1750957902,https://thearmypainter.com/products/warpaints-fanatic-warpaints-fanatic-deep-azure-wp3037p,https://thearmypainter.com/products/warpaints-fanatic-warpaints-fanatic-deep-azure-wp3037p,published;check_digit_valid,paint,5713799303706,Volume not established from listing.,2026-10-02
Army Painter,Warpaints Fanatic,Warpaints Fanatic: Deep Grey,WP3002,,,,5713799300224,5713799300224,EAN-13,https://cdn.shopify.com/s/files/1/0781/9850/5747/files/WP3002P_0.jpg?v=1750957902,https://thearmypainter.com/products/warpaints-fanatic-warpaints-fanatic-deep-grey-wp3002p,https://thearmypainter.com/products/warpaints-fanatic-warpaints-fanatic-deep-grey-wp3002p,published;check_digit_valid,paint,5713799300224,Volume not established from listing.,2026-10-02
Army Painter,Warpaints Fanatic,Warpaints Fanatic: Deep Ocean Blue,WP3031,,,,5713799303102,5713799303102,EAN-13,https://cdn.shopify.com/s/files/1/0781/9850/5747/files/WP3031P_0.jpg?v=1750957902,https://thearmypainter.com/products/warpaints-fanatic-warpaints-fanatic-deep-ocean-blue-wp3031p,https://thearmypainter.com/products/warpaints-fanatic-warpaints-fanatic-deep-ocean-blue-wp3031p,published;check_digit_valid,paint,5713799303102,Volume not established from listing.,2026-10-02
Army Painter,Warpaints Fanatic,Warpaints Fanatic: Demigod Flames,WP3091,,,,5713799309104,5713799309104,EAN-13,https://cdn.shopify.com/s/files/1/0781/9850/5747/files/WP3091P_0.jpg?v=1750957904,https://thearmypainter.com/products/warpaints-fanatic-warpaints-fanatic-demigod-flames-wp3091p,https://thearmypainter.com/products/warpaints-fanatic-warpaints-fanatic-demigod-flames-wp3091p,published;check_digit_valid,paint,5713799309104,Volume not established from listing.,2026-10-02
Army Painter,Warpaints Fanatic,Warpaints Fanatic: Desert Yellow,WP3081,,,,5713799308107,5713799308107,EAN-13,https://cdn.shopify.com/s/files/1/0781/9850/5747/files/WP3081P_0.jpg?v=1750957904,https://thearmypainter.com/products/warpaints-fanatic-warpaints-fanatic-desert-yellow-wp3081p,https://thearmypainter.com/products/warpaints-fanatic-warpaints-fanatic-desert-yellow-wp3081p,published;check_digit_valid,paint,5713799308107,Volume not established from listing.,2026-10-02
Army Painter,Warpaints Fanatic,Warpaints Fanatic: Diabolic Plum,WP3133,,,,5713799313309,5713799313309,EAN-13,https://cdn.shopify.com/s/files/1/0781/9850/5747/files/WP3133P_0.jpg?v=1750957905,https://thearmypainter.com/products/warpaints-fanatic-warpaints-fanatic-diabolic-plum-wp3133p,https://thearmypainter.com/products/warpaints-fanatic-warpaints-fanatic-diabolic-plum-wp3133p,published;check_digit_valid,paint,5713799313309,Volume not established from listing.,2026-10-02
Army Painter,Warpaints Fanatic,Warpaints Fanatic: Diviner Light,WP3138,,,,5713799313804,5713799313804,EAN-13,https://cdn.shopify.com/s/files/1/0781/9850/5747/files/WP3138P_0.jpg?v=1750957905,https://thearmypainter.com/products/warpaints-fanatic-warpaints-fanatic-diviner-light-wp3138p,https://thearmypainter.com/products/warpaints-fanatic-warpaints-fanatic-diviner-light-wp3138p,published;check_digit_valid,paint,5713799313804,Volume not established from listing.,2026-10-02
Army Painter,Warpaints Fanatic,Warpaints Fanatic: Doomfire Drab,WP3126,,,,5713799312609,5713799312609,EAN-13,https://cdn.shopify.com/s/files/1/0781/9850/5747/files/WP3126P_0.jpg?v=1750957905,https://thearmypainter.com/products/warpaints-fanatic-warpaints-fanatic-doomfire-drab-wp3126p,https://thearmypainter.com/products/warpaints-fanatic-warpaints-fanatic-doomfire-drab-wp3126p,published;check_digit_valid,paint,5713799312609,Volume not established from listing.,2026-10-02
Army Painter,Warpaints Fanatic,Warpaints Fanatic: Dorado Skin,WP3161,,,,5713799316119,5713799316119,EAN-13,https://cdn.shopify.com/s/files/1/0781/9850/5747/files/WP3161P_0.jpg?v=1750957906,https://thearmypainter.com/products/warpaints-fanatic-warpaints-fanatic-dorado-skin-wp3161p,https://thearmypainter.com/products/warpaints-fanatic-warpaints-fanatic-dorado-skin-wp3161p,published;check_digit_valid,paint,5713799316119,Volume not established from listing.,2026-10-02
Army Painter,Warpaints Fanatic,Warpaints Fanatic: Dragon Red,WP3117,,,,5713799311701,5713799311701,EAN-13,https://cdn.shopify.com/s/files/1/0781/9850/5747/files/WP3117P_0.jpg?v=1750957905,https://thearmypainter.com/products/warpaints-fanatic-warpaints-fanatic-dragon-red-wp3117p,https://thearmypainter.com/products/warpaints-fanatic-warpaints-fanatic-dragon-red-wp3117p,published;check_digit_valid,paint,5713799311701,Volume not established from listing.,2026-10-02
Army Painter,Warpaints Fanatic,Warpaints Fanatic: Dryad Brown,WP3111,,,,5713799311107,5713799311107,EAN-13,https://cdn.shopify.com/s/files/1/0781/9850/5747/files/WP3111P_0.jpg?v=1750957905,https://thearmypainter.com/products/warpaints-fanatic-warpaints-fanatic-dryad-brown-wp3111p,https://thearmypainter.com/products/warpaints-fanatic-warpaints-fanatic-dryad-brown-wp3111p,published;check_digit_valid,paint,5713799311107,Volume not established from listing.,2026-10-02
Army Painter,Warpaints Fanatic,Warpaints Fanatic: Dusty Skull,WP3085,,,,5713799308503,5713799308503,EAN-13,https://cdn.shopify.com/s/files/1/0781/9850/5747/files/WP3085P_0.jpg?v=1750957904,https://thearmypainter.com/products/warpaints-fanatic-warpaints-fanatic-dusty-skull-wp3085p,https://thearmypainter.com/products/warpaints-fanatic-warpaints-fanatic-dusty-skull-wp3085p,published;check_digit_valid,paint,5713799308503,Volume not established from listing.,2026-10-02
Army Painter,Warpaints Fanatic,Warpaints Fanatic: Elder Flower,WP3141,,,,5713799314108,5713799314108,EAN-13,https://cdn.shopify.com/s/files/1/0781/9850/5747/files/WP3141P_0.jpg?v=1750957905,https://thearmypainter.com/products/warpaints-fanatic-warpaints-fanatic-elder-flower-wp3141p,https://thearmypainter.com/products/warpaints-fanatic-warpaints-fanatic-elder-flower-wp3141p,published;check_digit_valid,paint,5713799314108,Volume not established from listing.,2026-10-02
Army Painter,Warpaints Fanatic,Warpaints Fanatic: Electric Lime,WP3058,,,,5713799305809,5713799305809,EAN-13,https://cdn.shopify.com/s/files/1/0781/9850/5747/files/WP3058P_0.jpg?v=1750957903,https://thearmypainter.com/products/warpaints-fanatic-warpaints-fanatic-electric-lime-wp3058p,https://thearmypainter.com/products/warpaints-fanatic-warpaints-fanatic-electric-lime-wp3058p,published;check_digit_valid,paint,5713799305809,Volume not established from listing.,2026-10-02
Army Painter,Warpaints Fanatic,Warpaints Fanatic: Emerald Forest,WP3055,,,,5713799305502,5713799305502,EAN-13,https://cdn.shopify.com/s/files/1/0781/9850/5747/files/WP3055P_0.jpg?v=1750957904,https://thearmypainter.com/products/warpaints-fanatic-warpaints-fanatic-emerald-forest-wp3055p,https://thearmypainter.com/products/warpaints-fanatic-warpaints-fanatic-emerald-forest-wp3055p,published;check_digit_valid,paint,5713799305502,Volume not established from listing.,2026-10-02
Army Painter,Warpaints Fanatic,Warpaints Fanatic: Enchanted Pink,WP3137,,,,5713799313705,5713799313705,EAN-13,https://cdn.shopify.com/s/files/1/0781/9850/5747/files/WP3137P_0.jpg?v=1750957906,https://thearmypainter.com/products/warpaints-fanatic-warpaints-fanatic-enchanted-pink-wp3137p,https://thearmypainter.com/products/warpaints-fanatic-warpaints-fanatic-enchanted-pink-wp3137p,published;check_digit_valid,paint,5713799313705,Volume not established from listing.,2026-10-02
Army Painter,Warpaints Fanatic,Warpaints Fanatic: Eternal Hunt,WP3052,,,,5713799305205,5713799305205,EAN-13,https://cdn.shopify.com/s/files/1/0781/9850/5747/files/WP3052P_0.jpg?v=1750957903,https://thearmypainter.com/products/warpaints-fanatic-warpaints-fanatic-eternal-hunt-wp3052p,https://thearmypainter.com/products/warpaints-fanatic-warpaints-fanatic-eternal-hunt-wp3052p,published;check_digit_valid,paint,5713799305205,Volume not established from listing.,2026-10-02
Army Painter,Warpaints Fanatic,Warpaints Fanatic: Evergreen Fog,WP3061,,,,5713799306103,5713799306103,EAN-13,https://cdn.shopify.com/s/files/1/0781/9850/5747/files/WP3061P_0.jpg?v=1750957903,https://thearmypainter.com/products/warpaints-fanatic-warpaints-fanatic-evergreen-fog-wp3061p,https://thearmypainter.com/products/warpaints-fanatic-warpaints-fanatic-evergreen-fog-wp3061p,published;check_digit_valid,paint,5713799306103,Volume not established from listing.,2026-10-02
Army Painter,Warpaints Fanatic,Warpaints Fanatic: Ferocious Green,WP3054,,,,5713799305403,5713799305403,EAN-13,https://cdn.shopify.com/s/files/1/0781/9850/5747/files/WP3054P_0.jpg?v=1750957904,https://thearmypainter.com/products/warpaints-fanatic-warpaints-fanatic-ferocious-green-wp3054p,https://thearmypainter.com/products/warpaints-fanatic-warpaints-fanatic-ferocious-green-wp3054p,published;check_digit_valid,paint,5713799305403,Volume not established from listing.,2026-10-02
Army Painter,Warpaints Fanatic,Warpaints Fanatic: Fiendish Yellow,WP3092,,,,5713799309203,5713799309203,EAN-13,https://cdn.shopify.com/s/files/1/0781/9850/5747/files/WP3092P_0.jpg?v=1750957904,https://thearmypainter.com/products/warpaints-fanatic-warpaints-fanatic-fiendish-yellow-wp3092p,https://thearmypainter.com/products/warpaints-fanatic-warpaints-fanatic-fiendish-yellow-wp3092p,published;check_digit_valid,paint,5713799309203,Volume not established from listing.,2026-10-02
Army Painter,Warpaints Fanatic,Warpaints Fanatic: Figgy Pink,WP3143,,,,5713799314306,5713799314306,EAN-13,https://cdn.shopify.com/s/files/1/0781/9850/5747/files/WP3143P_0.jpg?v=1750957905,https://thearmypainter.com/products/warpaints-fanatic-warpaints-fanatic-figgy-pink-wp3143p,https://thearmypainter.com/products/warpaints-fanatic-warpaints-fanatic-figgy-pink-wp3143p,published;check_digit_valid,paint,5713799314306,Volume not established from listing.,2026-10-02
Army Painter,Warpaints Fanatic,Warpaints Fanatic: Flickering Flame,WP3100,,,,5713799310001,5713799310001,EAN-13,https://cdn.shopify.com/s/files/1/0781/9850/5747/files/WP3100P_0.jpg?v=1750957905,https://thearmypainter.com/products/warpaints-fanatic-warpaints-fanatic-flickering-flame-wp3100p,https://thearmypainter.com/products/warpaints-fanatic-warpaints-fanatic-flickering-flame-wp3100p,published;check_digit_valid,paint,5713799310001,Volume not established from listing.,2026-10-02
Army Painter,Warpaints Fanatic,Warpaints Fanatic: Forbidden Fruit,WP3142,,,,5713799314207,5713799314207,EAN-13,https://cdn.shopify.com/s/files/1/0781/9850/5747/files/WP3142P_0.jpg?v=1750957906,https://thearmypainter.com/products/warpaints-fanatic-warpaints-fanatic-forbidden-fruit-wp3142p,https://thearmypainter.com/products/warpaints-fanatic-warpaints-fanatic-forbidden-fruit-wp3142p,published;check_digit_valid,paint,5713799314207,Volume not established from listing.,2026-10-02
Army Painter,Warpaints Fanatic,Warpaints Fanatic: Forest Faun,WP3065,,,,5713799306509,5713799306509,EAN-13,https://cdn.shopify.com/s/files/1/0781/9850/5747/files/WP3065P_0.jpg?v=1750957904,https://thearmypainter.com/products/warpaints-fanatic-warpaints-fanatic-forest-faun-wp3065p,https://thearmypainter.com/products/warpaints-fanatic-warpaints-fanatic-forest-faun-wp3065p,published;check_digit_valid,paint,5713799306509,Volume not established from listing.,2026-10-02
Army Painter,Warpaints Fanatic,Warpaints Fanatic: Frost Blue,WP3018,,,,5713799301801,5713799301801,EAN-13,https://cdn.shopify.com/s/files/1/0781/9850/5747/files/WP3018P_0.jpg?v=1750957902,https://thearmypainter.com/products/warpaints-fanatic-warpaints-fanatic-frost-blue-wp3018p,https://thearmypainter.com/products/warpaints-fanatic-warpaints-fanatic-frost-blue-wp3018p,published;check_digit_valid,paint,5713799301801,Volume not established from listing.,2026-10-02
Army Painter,Warpaints Fanatic,Warpaints Fanatic: Fur Brown,WP3112,,,,5713799311213,5713799311213,EAN-13,https://cdn.shopify.com/s/files/1/0781/9850/5747/files/WP3112P_0.jpg?v=1750957905,https://thearmypainter.com/products/warpaints-fanatic-warpaints-fanatic-fur-brown-wp3112p,https://thearmypainter.com/products/warpaints-fanatic-warpaints-fanatic-fur-brown-wp3112p,published;check_digit_valid,paint,5713799311213,Volume not established from listing.,2026-10-02
Army Painter,Warpaints Fanatic,Warpaints Fanatic: Gargoyle Grey,WP3008,,,,5713799300804,5713799300804,EAN-13,https://cdn.shopify.com/s/files/1/0781/9850/5747/files/WP3008P_0.jpg?v=1750957902,https://thearmypainter.com/products/warpaints-fanatic-warpaints-fanatic-gargoyle-grey-wp3008p,https://thearmypainter.com/products/warpaints-fanatic-warpaints-fanatic-gargoyle-grey-wp3008p,published;check_digit_valid,paint,5713799300804,Volume not established from listing.,2026-10-02
Army Painter,Warpaints Fanatic,Warpaints Fanatic: Glowing Inferno,WP3101,,,,5713799310100,5713799310100,EAN-13,https://cdn.shopify.com/s/files/1/0781/9850/5747/files/WP3101P_0.jpg?v=1750957904,https://thearmypainter.com/products/warpaints-fanatic-warpaints-fanatic-glowing-inferno-wp3101p,https://thearmypainter.com/products/warpaints-fanatic-warpaints-fanatic-glowing-inferno-wp3101p,published;check_digit_valid,paint,5713799310100,Volume not established from listing.,2026-10-02
Army Painter,Warpaints Fanatic,Warpaints Fanatic: Gothic Blue,WP3020,,,,5713799302006,5713799302006,EAN-13,https://cdn.shopify.com/s/files/1/0781/9850/5747/files/WP3020P_0.jpg?v=1750957902,https://thearmypainter.com/products/warpaints-fanatic-warpaints-fanatic-gothic-blue-wp3020p,https://thearmypainter.com/products/warpaints-fanatic-warpaints-fanatic-gothic-blue-wp3020p,published;check_digit_valid,paint,5713799302006,Volume not established from listing.,2026-10-02
Army Painter,Warpaints Fanatic,Warpaints Fanatic: Great Hall Grey,WP3009,,,,5713799300903,5713799300903,EAN-13,https://cdn.shopify.com/s/files/1/0781/9850/5747/files/WP3009P_0.jpg?v=1750957901,https://thearmypainter.com/products/warpaints-fanatic-warpaints-fanatic-great-hall-grey-wp3009p,https://thearmypainter.com/products/warpaints-fanatic-warpaints-fanatic-great-hall-grey-wp3009p,published;check_digit_valid,paint,5713799300903,Volume not established from listing.,2026-10-02
Army Painter,Warpaints Fanatic,Warpaints Fanatic: Greenskin,WP3051,,,,5713799305113,5713799305113,EAN-13,https://cdn.shopify.com/s/files/1/0781/9850/5747/files/WP3051P_0.jpg?v=1750957903,https://thearmypainter.com/products/warpaints-fanatic-warpaints-fanatic-greenskin-wp3051p,https://thearmypainter.com/products/warpaints-fanatic-warpaints-fanatic-greenskin-wp3051p,published;check_digit_valid,paint,5713799305113,Volume not established from listing.,2026-10-02
Army Painter,Warpaints Fanatic,Warpaints Fanatic: Grey Castle,WP3007,,,,5713799300705,5713799300705,EAN-13,https://cdn.shopify.com/s/files/1/0781/9850/5747/files/WP3007P_0.jpg?v=1750957902,https://thearmypainter.com/products/warpaints-fanatic-warpaints-fanatic-grey-castle-wp3007p,https://thearmypainter.com/products/warpaints-fanatic-warpaints-fanatic-grey-castle-wp3007p,published;check_digit_valid,paint,5713799300705,Volume not established from listing.,2026-10-02
Army Painter,Warpaints Fanatic,Warpaints Fanatic: Grotesque Green,WP3072,,,,5713799307209,5713799307209,EAN-13,https://cdn.shopify.com/s/files/1/0781/9850/5747/files/WP3072P_0.jpg?v=1750957904,https://thearmypainter.com/products/warpaints-fanatic-warpaints-fanatic-grotesque-green-wp3072p,https://thearmypainter.com/products/warpaints-fanatic-warpaints-fanatic-grotesque-green-wp3072p,published;check_digit_valid,paint,5713799307209,Volume not established from listing.,2026-10-02
Army Painter,Warpaints Fanatic,Warpaints Fanatic: Guardian Green,WP3050,,,,5713799305007,5713799305007,EAN-13,https://cdn.shopify.com/s/files/1/0781/9850/5747/files/WP3050P_0.jpg?v=1750957903,https://thearmypainter.com/products/warpaints-fanatic-warpaints-fanatic-guardian-green-wp3050p,https://thearmypainter.com/products/warpaints-fanatic-warpaints-fanatic-guardian-green-wp3050p,published;check_digit_valid,paint,5713799305007,Volume not established from listing.,2026-10-02
Army Painter,Warpaints Fanatic,Warpaints Fanatic: Hexed Violet,WP3130,,,,5713799313002,5713799313002,EAN-13,https://cdn.shopify.com/s/files/1/0781/9850/5747/files/WP3130P_0.jpg?v=1750957905,https://thearmypainter.com/products/warpaints-fanatic-warpaints-fanatic-hexed-violet-wp3130p,https://thearmypainter.com/products/warpaints-fanatic-warpaints-fanatic-hexed-violet-wp3130p,published;check_digit_valid,paint,5713799313002,Volume not established from listing.,2026-10-02
Army Painter,Warpaints Fanatic,Warpaints Fanatic: Hydra Turquoise,WP3038,,,,5713799303805,5713799303805,EAN-13,https://cdn.shopify.com/s/files/1/0781/9850/5747/files/WP3038P_0.jpg?v=1750957902,https://thearmypainter.com/products/warpaints-fanatic-warpaints-fanatic-hydra-turquoise-wp3038p,https://thearmypainter.com/products/warpaints-fanatic-warpaints-fanatic-hydra-turquoise-wp3038p,published;check_digit_valid,paint,5713799303805,Volume not established from listing.,2026-10-02
Army Painter,Warpaints Fanatic,Warpaints Fanatic: Ice Yellow,WP3096,,,,5713799309609,5713799309609,EAN-13,https://cdn.shopify.com/s/files/1/0781/9850/5747/files/WP3096P_0.jpg?v=1750957904,https://thearmypainter.com/products/warpaints-fanatic-warpaints-fanatic-ice-yellow-wp3096p,https://thearmypainter.com/products/warpaints-fanatic-warpaints-fanatic-ice-yellow-wp3096p,published;check_digit_valid,paint,5713799309609,Volume not established from listing.,2026-10-02
Army Painter,Warpaints Fanatic,Warpaints Fanatic: Imperial Navy,WP3025,,,,5713799302501,5713799302501,EAN-13,https://cdn.shopify.com/s/files/1/0781/9850/5747/files/WP3025P_0.jpg?v=1750957902,https://thearmypainter.com/products/warpaints-fanatic-warpaints-fanatic-imperial-navy-wp3025p,https://thearmypainter.com/products/warpaints-fanatic-warpaints-fanatic-imperial-navy-wp3025p,published;check_digit_valid,paint,5713799302501,Volume not established from listing.,2026-10-02
Army Painter,Warpaints Fanatic,Warpaints Fanatic: Impish Rouge,WP3122,,,,5713799312203,5713799312203,EAN-13,https://cdn.shopify.com/s/files/1/0781/9850/5747/files/WP3122P_0.jpg?v=1750957905,https://thearmypainter.com/products/warpaints-fanatic-warpaints-fanatic-impish-rouge-wp3122p,https://thearmypainter.com/products/warpaints-fanatic-warpaints-fanatic-impish-rouge-wp3122p,published;check_digit_valid,paint,5713799312203,Volume not established from listing.,2026-10-02
Army Painter,Warpaints Fanatic,Warpaints Fanatic: Inner Light,WP3102,,,,5713799310209,5713799310209,EAN-13,https://cdn.shopify.com/s/files/1/0781/9850/5747/files/WP3102P_0.jpg?v=1750957905,https://thearmypainter.com/products/warpaints-fanatic-warpaints-fanatic-inner-light-wp3102p,https://thearmypainter.com/products/warpaints-fanatic-warpaints-fanatic-inner-light-wp3102p,published;check_digit_valid,paint,5713799310209,Volume not established from listing.,2026-10-02
Army Painter,Warpaints Fanatic,Warpaints Fanatic: Jasper Skin,WP3154,,,,5713799315402,5713799315402,EAN-13,https://cdn.shopify.com/s/files/1/0781/9850/5747/files/WP3154P_0.jpg?v=1750957906,https://thearmypainter.com/products/warpaints-fanatic-warpaints-fanatic-jasper-skin-wp3154p,https://thearmypainter.com/products/warpaints-fanatic-warpaints-fanatic-jasper-skin-wp3154p,published;check_digit_valid,paint,5713799315402,Volume not established from listing.,2026-10-02
Army Painter,Warpaints Fanatic,Warpaints Fanatic: Kraken Lavender,WP3132,,,,5713799313200,5713799313200,EAN-13,https://cdn.shopify.com/s/files/1/0781/9850/5747/files/WP3132P_0.jpg?v=1750957905,https://thearmypainter.com/products/warpaints-fanatic-warpaints-fanatic-kraken-lavender-wp3132p,https://thearmypainter.com/products/warpaints-fanatic-warpaints-fanatic-kraken-lavender-wp3132p,published;check_digit_valid,paint,5713799313200,Volume not established from listing.,2026-10-02
Army Painter,Warpaints Fanatic,Warpaints Fanatic: Lava Orange,WP3099,,,,5713799309906,5713799309906,EAN-13,https://cdn.shopify.com/s/files/1/0781/9850/5747/files/WP3099P_0.jpg?v=1750957905,https://thearmypainter.com/products/warpaints-fanatic-warpaints-fanatic-lava-orange-wp3099p,https://thearmypainter.com/products/warpaints-fanatic-warpaints-fanatic-lava-orange-wp3099p,published;check_digit_valid,paint,5713799309906,Volume not established from listing.,2026-10-02
Army Painter,Warpaints Fanatic,Warpaints Fanatic: Leafy Green,WP3056,,,,5713799305601,5713799305601,EAN-13,https://cdn.shopify.com/s/files/1/0781/9850/5747/files/WP3056P_0.jpg?v=1750957903,https://thearmypainter.com/products/warpaints-fanatic-warpaints-fanatic-leafy-green-wp3056p,https://thearmypainter.com/products/warpaints-fanatic-warpaints-fanatic-leafy-green-wp3056p,published;check_digit_valid,paint,5713799305601,Volume not established from listing.,2026-10-02
Army Painter,Warpaints Fanatic,Warpaints Fanatic: Leather Brown,WP3075,,,,5713799307506,5713799307506,EAN-13,https://cdn.shopify.com/s/files/1/0781/9850/5747/files/WP3075P_0.jpg?v=1750957904,https://thearmypainter.com/products/warpaints-fanatic-warpaints-fanatic-leather-brown-wp3075p,https://thearmypainter.com/products/warpaints-fanatic-warpaints-fanatic-leather-brown-wp3075p,published;check_digit_valid,paint,5713799307506,Volume not established from listing.,2026-10-02
Army Painter,Warpaints Fanatic,Warpaints Fanatic: Legendary Red,WP3105,,,,5713799310506,5713799310506,EAN-13,https://cdn.shopify.com/s/files/1/0781/9850/5747/files/WP3105P_0.jpg?v=1750957904,https://thearmypainter.com/products/warpaints-fanatic-warpaints-fanatic-legendary-red-wp3105p,https://thearmypainter.com/products/warpaints-fanatic-warpaints-fanatic-legendary-red-wp3105p,published;check_digit_valid,paint,5713799310506,Volume not established from listing.,2026-10-02
Army Painter,Warpaints Fanatic,Warpaints Fanatic: Leopard Stone Skin,WP3156,,,,5713799315600,5713799315600,EAN-13,https://cdn.shopify.com/s/files/1/0781/9850/5747/files/WP3156P_0.jpg?v=1750957906,https://thearmypainter.com/products/warpaints-fanatic-warpaints-fanatic-leopard-stone-skin-wp3156p,https://thearmypainter.com/products/warpaints-fanatic-warpaints-fanatic-leopard-stone-skin-wp3156p,published;check_digit_valid,paint,5713799315600,Volume not established from listing.,2026-10-02
Army Painter,Warpaints Fanatic,Warpaints Fanatic: Magecast Magenta,WP3134,,,,5713799313408,5713799313408,EAN-13,https://cdn.shopify.com/s/files/1/0781/9850/5747/files/WP3134P_0.jpg?v=1750957905,https://thearmypainter.com/products/warpaints-fanatic-warpaints-fanatic-magecast-magenta-wp3134p,https://thearmypainter.com/products/warpaints-fanatic-warpaints-fanatic-magecast-magenta-wp3134p,published;check_digit_valid,paint,5713799313408,Volume not established from listing.,2026-10-02
Army Painter,Warpaints Fanatic,Warpaints Fanatic: Marine Mist,WP3042,,,,5713799304208,5713799304208,EAN-13,https://cdn.shopify.com/s/files/1/0781/9850/5747/files/WP3042P_0.jpg?v=1750957903,https://thearmypainter.com/products/warpaints-fanatic-warpaints-fanatic-marine-mist-wp3042p,https://thearmypainter.com/products/warpaints-fanatic-warpaints-fanatic-marine-mist-wp3042p,published;check_digit_valid,paint,5713799304208,Volume not established from listing.,2026-10-02
Army Painter,Warpaints Fanatic,Warpaints Fanatic: Matt Black,WP3001,,,,5713799300125,5713799300125,EAN-13,https://cdn.shopify.com/s/files/1/0781/9850/5747/files/WP3001P_0.jpg?v=1750957900,https://thearmypainter.com/products/warpaints-fanatic-warpaints-fanatic-matt-black-wp3001p,https://thearmypainter.com/products/warpaints-fanatic-warpaints-fanatic-matt-black-wp3001p,published;check_digit_valid,paint,5713799300125,Volume not established from listing.,2026-10-02
Army Painter,Warpaints Fanatic,Warpaints Fanatic: Matt White,WP3012,,,,5713799301221,5713799301221,EAN-13,https://cdn.shopify.com/s/files/1/0781/9850/5747/files/WP3012P_0.jpg?v=1750957902,https://thearmypainter.com/products/warpaints-fanatic-warpaints-fanatic-matt-white-wp3012p,https://thearmypainter.com/products/warpaints-fanatic-warpaints-fanatic-matt-white-wp3012p,published;check_digit_valid,paint,5713799301221,Volume not established from listing.,2026-10-02
Army Painter,Warpaints Fanatic,Warpaints Fanatic: Medieval Forest,WP3062,,,,5713799306202,5713799306202,EAN-13,https://cdn.shopify.com/s/files/1/0781/9850/5747/files/WP3062P_0.jpg?v=1750957904,https://thearmypainter.com/products/warpaints-fanatic-warpaints-fanatic-medieval-forest-wp3062p,https://thearmypainter.com/products/warpaints-fanatic-warpaints-fanatic-medieval-forest-wp3062p,published;check_digit_valid,paint,5713799306202,Volume not established from listing.,2026-10-02
Army Painter,Warpaints Fanatic,Warpaints Fanatic: Mocca Skin,WP3159,,,,5713799315907,5713799315907,EAN-13,https://cdn.shopify.com/s/files/1/0781/9850/5747/files/WP3159P_0.jpg?v=1750957906,https://thearmypainter.com/products/warpaints-fanatic-warpaints-fanatic-mocca-skin-wp3159p,https://thearmypainter.com/products/warpaints-fanatic-warpaints-fanatic-mocca-skin-wp3159p,published;check_digit_valid,paint,5713799315907,Volume not established from listing.,2026-10-02
Army Painter,Warpaints Fanatic,Warpaints Fanatic: Moldy Wine,WP3140,,,,5713799314009,5713799314009,EAN-13,https://cdn.shopify.com/s/files/1/0781/9850/5747/files/WP3140P_0.jpg?v=1750957906,https://thearmypainter.com/products/warpaints-fanatic-warpaints-fanatic-moldy-wine-wp3140p,https://thearmypainter.com/products/warpaints-fanatic-warpaints-fanatic-moldy-wine-wp3140p,published;check_digit_valid,paint,5713799314009,Volume not established from listing.,2026-10-02
Army Painter,Warpaints Fanatic,Warpaints Fanatic: Molten Lava,WP3097,,,,5713799309708,5713799309708,EAN-13,https://cdn.shopify.com/s/files/1/0781/9850/5747/files/WP3097P_0.jpg?v=1750957904,https://thearmypainter.com/products/warpaints-fanatic-warpaints-fanatic-molten-lava-wp3097p,https://thearmypainter.com/products/warpaints-fanatic-warpaints-fanatic-molten-lava-wp3097p,published;check_digit_valid,paint,5713799309708,Volume not established from listing.,2026-10-02
Army Painter,Warpaints Fanatic,Warpaints Fanatic: Moonstone Skin,WP3145,,,,5713799314504,5713799314504,EAN-13,https://cdn.shopify.com/s/files/1/0781/9850/5747/files/WP3145P_0.jpg?v=1750957905,https://thearmypainter.com/products/warpaints-fanatic-warpaints-fanatic-moonstone-skin-wp3145p,https://thearmypainter.com/products/warpaints-fanatic-warpaints-fanatic-moonstone-skin-wp3145p,published;check_digit_valid,paint,5713799314504,Volume not established from listing.,2026-10-02
Army Painter,Warpaints Fanatic,Warpaints Fanatic: Mossy Green,WP3066,,,,5713799306608,5713799306608,EAN-13,https://cdn.shopify.com/s/files/1/0781/9850/5747/files/WP3066P_0.jpg?v=1750957904,https://thearmypainter.com/products/warpaints-fanatic-warpaints-fanatic-mossy-green-wp3066p,https://thearmypainter.com/products/warpaints-fanatic-warpaints-fanatic-mossy-green-wp3066p,published;check_digit_valid,paint,5713799306608,Volume not established from listing.,2026-10-02
Army Painter,Warpaints Fanatic,Warpaints Fanatic: Mulled Berry,WP3139,,,,5713799313903,5713799313903,EAN-13,https://cdn.shopify.com/s/files/1/0781/9850/5747/files/WP3139P_0.jpg?v=1750957906,https://thearmypainter.com/products/warpaints-fanatic-warpaints-fanatic-mulled-berry-wp3139p,https://thearmypainter.com/products/warpaints-fanatic-warpaints-fanatic-mulled-berry-wp3139p,published;check_digit_valid,paint,5713799313903,Volume not established from listing.,2026-10-02
Army Painter,Warpaints Fanatic,Warpaints Fanatic: Necrotic Flesh,WP3071,,,,5713799307100,5713799307100,EAN-13,https://cdn.shopify.com/s/files/1/0781/9850/5747/files/WP3071P_0.jpg?v=1750957904,https://thearmypainter.com/products/warpaints-fanatic-warpaints-fanatic-necrotic-flesh-wp3071p,https://thearmypainter.com/products/warpaints-fanatic-warpaints-fanatic-necrotic-flesh-wp3071p,published;check_digit_valid,paint,5713799307100,Volume not established from listing.,2026-10-02
Army Painter,Warpaints Fanatic,Warpaints Fanatic: Neptune Glow,WP3041,,,,5713799304109,5713799304109,EAN-13,https://cdn.shopify.com/s/files/1/0781/9850/5747/files/WP3041P_0.jpg?v=1750957902,https://thearmypainter.com/products/warpaints-fanatic-warpaints-fanatic-neptune-glow-wp3041p,https://thearmypainter.com/products/warpaints-fanatic-warpaints-fanatic-neptune-glow-wp3041p,published;check_digit_valid,paint,5713799304109,Volume not established from listing.,2026-10-02
Army Painter,Warpaints Fanatic,Warpaints Fanatic: Night Sky,WP3013,,,,5713799301306,5713799301306,EAN-13,https://cdn.shopify.com/s/files/1/0781/9850/5747/files/WP3013P_0.jpg?v=1750957902,https://thearmypainter.com/products/warpaints-fanatic-warpaints-fanatic-night-sky-wp3013p,https://thearmypainter.com/products/warpaints-fanatic-warpaints-fanatic-night-sky-wp3013p,published;check_digit_valid,paint,5713799301306,Volume not established from listing.,2026-10-02
Army Painter,Warpaints Fanatic,Warpaints Fanatic: Oak Brown,WP3109,,,,5713799310902,5713799310902,EAN-13,https://cdn.shopify.com/s/files/1/0781/9850/5747/files/WP3109P_0.jpg?v=1750957905,https://thearmypainter.com/products/warpaints-fanatic-warpaints-fanatic-oak-brown-wp3109p,https://thearmypainter.com/products/warpaints-fanatic-warpaints-fanatic-oak-brown-wp3109p,published;check_digit_valid,paint,5713799310902,Volume not established from listing.,2026-10-02
Army Painter,Warpaints Fanatic,Warpaints Fanatic: Obsidian Skin,WP3157,,,,5713799315709,5713799315709,EAN-13,https://cdn.shopify.com/s/files/1/0781/9850/5747/files/WP3157P_0.jpg?v=1750957906,https://thearmypainter.com/products/warpaints-fanatic-warpaints-fanatic-obsidian-skin-wp3157p,https://thearmypainter.com/products/warpaints-fanatic-warpaints-fanatic-obsidian-skin-wp3157p,published;check_digit_valid,paint,5713799315709,Volume not established from listing.,2026-10-02
Army Painter,Warpaints Fanatic,Warpaints Fanatic: Olive Drab,WP3070,,,,5713799307001,5713799307001,EAN-13,https://cdn.shopify.com/s/files/1/0781/9850/5747/files/WP3070P_0.jpg?v=1750957903,https://thearmypainter.com/products/warpaints-fanatic-warpaints-fanatic-olive-drab-wp3070p,https://thearmypainter.com/products/warpaints-fanatic-warpaints-fanatic-olive-drab-wp3070p,published;check_digit_valid,paint,5713799307001,Volume not established from listing.,2026-10-02
Army Painter,Warpaints Fanatic,Warpaints Fanatic: Onyx Skin,WP3158,,,,5713799315808,5713799315808,EAN-13,https://cdn.shopify.com/s/files/1/0781/9850/5747/files/WP3158P_0.jpg?v=1750957906,https://thearmypainter.com/products/warpaints-fanatic-warpaints-fanatic-onyx-skin-wp3158p,https://thearmypainter.com/products/warpaints-fanatic-warpaints-fanatic-onyx-skin-wp3158p,published;check_digit_valid,paint,5713799315808,Volume not established from listing.,2026-10-02
Army Painter,Warpaints Fanatic,Warpaints Fanatic: Opal Skin,WP3149,,,,5713799314900,5713799314900,EAN-13,https://cdn.shopify.com/s/files/1/0781/9850/5747/files/WP3149P_0.jpg?v=1750957906,https://thearmypainter.com/products/warpaints-fanatic-warpaints-fanatic-opal-skin-wp3149p,https://thearmypainter.com/products/warpaints-fanatic-warpaints-fanatic-opal-skin-wp3149p,published;check_digit_valid,paint,5713799314900,Volume not established from listing.,2026-10-02
Army Painter,Warpaints Fanatic,Warpaints Fanatic: Pale Sand,WP3090,,,,5713799309005,5713799309005,EAN-13,https://cdn.shopify.com/s/files/1/0781/9850/5747/files/WP3090P_0.jpg?v=1750957904,https://thearmypainter.com/products/warpaints-fanatic-warpaints-fanatic-pale-sand-wp3090p,https://thearmypainter.com/products/warpaints-fanatic-warpaints-fanatic-pale-sand-wp3090p,published;check_digit_valid,paint,5713799309005,Volume not established from listing.,2026-10-02
Army Painter,Warpaints Fanatic,Warpaints Fanatic: Paratrooper Tan,WP3076,,,,5713799307605,5713799307605,EAN-13,https://cdn.shopify.com/s/files/1/0781/9850/5747/files/WP3076P_0.jpg?v=1750957904,https://thearmypainter.com/products/warpaints-fanatic-warpaints-fanatic-paratrooper-tan-wp3076p,https://thearmypainter.com/products/warpaints-fanatic-warpaints-fanatic-paratrooper-tan-wp3076p,published;check_digit_valid,paint,5713799307605,Volume not established from listing.,2026-10-02
Army Painter,Warpaints Fanatic,Warpaints Fanatic: Patagon Pine,WP3063,,,,5713799306301,5713799306301,EAN-13,https://cdn.shopify.com/s/files/1/0781/9850/5747/files/WP3063P_0.jpg?v=1750957904,https://thearmypainter.com/products/warpaints-fanatic-warpaints-fanatic-patagon-pine-wp3063p,https://thearmypainter.com/products/warpaints-fanatic-warpaints-fanatic-patagon-pine-wp3063p,published;check_digit_valid,paint,5713799306301,Volume not established from listing.,2026-10-02
Army Painter,Warpaints Fanatic,Warpaints Fanatic: Pearl Skin,WP3150,,,,5713799315006,5713799315006,EAN-13,https://cdn.shopify.com/s/files/1/0781/9850/5747/files/WP3150P_0.jpg?v=1750957906,https://thearmypainter.com/products/warpaints-fanatic-warpaints-fanatic-pearl-skin-wp3150p,https://thearmypainter.com/products/warpaints-fanatic-warpaints-fanatic-pearl-skin-wp3150p,published;check_digit_valid,paint,5713799315006,Volume not established from listing.,2026-10-02
Army Painter,Warpaints Fanatic,Warpaints Fanatic: Phalanx Blue,WP3034,,,,5713799303409,5713799303409,EAN-13,https://cdn.shopify.com/s/files/1/0781/9850/5747/files/WP3034P_0.jpg?v=1750957902,https://thearmypainter.com/products/warpaints-fanatic-warpaints-fanatic-phalanx-blue-wp3034p,https://thearmypainter.com/products/warpaints-fanatic-warpaints-fanatic-phalanx-blue-wp3034p,published;check_digit_valid,paint,5713799303409,Volume not established from listing.,2026-10-02
Army Painter,Warpaints Fanatic,Warpaints Fanatic: Pharaoh Guard,WP3045,,,,5713799304505,5713799304505,EAN-13,https://cdn.shopify.com/s/files/1/0781/9850/5747/files/WP3045P_0.jpg?v=1750957903,https://thearmypainter.com/products/warpaints-fanatic-warpaints-fanatic-pharaoh-guard-wp3045p,https://thearmypainter.com/products/warpaints-fanatic-warpaints-fanatic-pharaoh-guard-wp3045p,published;check_digit_valid,paint,5713799304505,Volume not established from listing.,2026-10-02
Army Painter,Warpaints Fanatic,Warpaints Fanatic: Pink Potion,WP3125,,,,5713799312500,5713799312500,EAN-13,https://cdn.shopify.com/s/files/1/0781/9850/5747/files/WP3125P_0.jpg?v=1750957905,https://thearmypainter.com/products/warpaints-fanatic-warpaints-fanatic-pink-potion-wp3125p,https://thearmypainter.com/products/warpaints-fanatic-warpaints-fanatic-pink-potion-wp3125p,published;check_digit_valid,paint,5713799312500,Volume not established from listing.,2026-10-02
Army Painter,Warpaints Fanatic,Warpaints Fanatic: Pixie Pink,WP3123,,,,5713799312302,5713799312302,EAN-13,https://cdn.shopify.com/s/files/1/0781/9850/5747/files/WP3123P_0.jpg?v=1750957905,https://thearmypainter.com/products/warpaints-fanatic-warpaints-fanatic-pixie-pink-wp3123p,https://thearmypainter.com/products/warpaints-fanatic-warpaints-fanatic-pixie-pink-wp3123p,published;check_digit_valid,paint,5713799312302,Volume not established from listing.,2026-10-02
Army Painter,Warpaints Fanatic,Warpaints Fanatic: Prairie Ochre,WP3080,,,,5713799308008,5713799308008,EAN-13,https://cdn.shopify.com/s/files/1/0781/9850/5747/files/WP3080P_0.jpg?v=1750957904,https://thearmypainter.com/products/warpaints-fanatic-warpaints-fanatic-prairie-ochre-wp3080p,https://thearmypainter.com/products/warpaints-fanatic-warpaints-fanatic-prairie-ochre-wp3080p,published;check_digit_valid,paint,5713799308008,Volume not established from listing.,2026-10-02
Army Painter,Warpaints Fanatic,Warpaints Fanatic: Pure Red,WP3118,,,,5713799311800,5713799311800,EAN-13,https://cdn.shopify.com/s/files/1/0781/9850/5747/files/WP3118P_0.jpg?v=1750957905,https://thearmypainter.com/products/warpaints-fanatic-warpaints-fanatic-pure-red-wp3118p,https://thearmypainter.com/products/warpaints-fanatic-warpaints-fanatic-pure-red-wp3118p,published;check_digit_valid,paint,5713799311800,Volume not established from listing.,2026-10-02
Army Painter,Warpaints Fanatic,Warpaints Fanatic: Quartz Skin,WP3162,,,,5713799316201,5713799316201,EAN-13,https://cdn.shopify.com/s/files/1/0781/9850/5747/files/WP3162P_0.jpg?v=1750957906,https://thearmypainter.com/products/warpaints-fanatic-warpaints-fanatic-quartz-skin-wp3162p,https://thearmypainter.com/products/warpaints-fanatic-warpaints-fanatic-quartz-skin-wp3162p,published;check_digit_valid,paint,5713799316201,Volume not established from listing.,2026-10-02
Army Painter,Warpaints Fanatic,Warpaints Fanatic: Raging Rose,WP3120,,,,5713799312005,5713799312005,EAN-13,https://cdn.shopify.com/s/files/1/0781/9850/5747/files/WP3120P_0.jpg?v=1750957905,https://thearmypainter.com/products/warpaints-fanatic-warpaints-fanatic-raging-rose-wp3120p,https://thearmypainter.com/products/warpaints-fanatic-warpaints-fanatic-raging-rose-wp3120p,published;check_digit_valid,paint,5713799312005,Volume not established from listing.,2026-10-02
Army Painter,Warpaints Fanatic,Warpaints Fanatic: Raging Rouge,WP3108,,,,5713799310803,5713799310803,EAN-13,https://cdn.shopify.com/s/files/1/0781/9850/5747/files/WP3108P_0.jpg?v=1750957905,https://thearmypainter.com/products/warpaints-fanatic-warpaints-fanatic-raging-rouge-wp3108p,https://thearmypainter.com/products/warpaints-fanatic-warpaints-fanatic-raging-rouge-wp3108p,published;check_digit_valid,paint,5713799310803,Volume not established from listing.,2026-10-02
Army Painter,Warpaints Fanatic,Warpaints Fanatic: Rainforest,WP3057,,,,5713799305700,5713799305700,EAN-13,https://cdn.shopify.com/s/files/1/0781/9850/5747/files/WP3057P_0.jpg?v=1750957903,https://thearmypainter.com/products/warpaints-fanatic-warpaints-fanatic-rainforest-wp3057p,https://thearmypainter.com/products/warpaints-fanatic-warpaints-fanatic-rainforest-wp3057p,published;check_digit_valid,paint,5713799305700,Volume not established from listing.,2026-10-02
Army Painter,Warpaints Fanatic,Warpaints Fanatic: Regal Blue,WP3026,,,,5713799302600,5713799302600,EAN-13,https://cdn.shopify.com/s/files/1/0781/9850/5747/files/WP3026P_0.jpg?v=1750957902,https://thearmypainter.com/products/warpaints-fanatic-warpaints-fanatic-regal-blue-wp3026p,https://thearmypainter.com/products/warpaints-fanatic-warpaints-fanatic-regal-blue-wp3026p,published;check_digit_valid,paint,5713799302600,Volume not established from listing.,2026-10-02
Army Painter,Warpaints Fanatic,Warpaints Fanatic: Resplendent Red,WP3103,,,,5713799310308,5713799310308,EAN-13,https://cdn.shopify.com/s/files/1/0781/9850/5747/files/WP3103P_0.jpg?v=1750957905,https://thearmypainter.com/products/warpaints-fanatic-warpaints-fanatic-resplendent-red-wp3103p,https://thearmypainter.com/products/warpaints-fanatic-warpaints-fanatic-resplendent-red-wp3103p,published;check_digit_valid,paint,5713799310308,Volume not established from listing.,2026-10-02
Army Painter,Warpaints Fanatic,Warpaints Fanatic: Royal Blue,WP3027,,,,5713799302709,5713799302709,EAN-13,https://cdn.shopify.com/s/files/1/0781/9850/5747/files/WP3027P_0.jpg?v=1750957902,https://thearmypainter.com/products/warpaints-fanatic-warpaints-fanatic-royal-blue-wp3027p,https://thearmypainter.com/products/warpaints-fanatic-warpaints-fanatic-royal-blue-wp3027p,published;check_digit_valid,paint,5713799302709,Volume not established from listing.,2026-10-02
Army Painter,Warpaints Fanatic,Warpaints Fanatic: Ruby Skin,WP3148,,,,5713799314801,5713799314801,EAN-13,https://cdn.shopify.com/s/files/1/0781/9850/5747/files/WP3148P_0.jpg?v=1750957906,https://thearmypainter.com/products/warpaints-fanatic-warpaints-fanatic-ruby-skin-wp3148p,https://thearmypainter.com/products/warpaints-fanatic-warpaints-fanatic-ruby-skin-wp3148p,published;check_digit_valid,paint,5713799314801,Volume not established from listing.,2026-10-02
Army Painter,Warpaints Fanatic,Warpaints Fanatic: Ruddy Umber,WP3113,,,,5713799311305,5713799311305,EAN-13,https://cdn.shopify.com/s/files/1/0781/9850/5747/files/WP3113P_0.jpg?v=1750957905,https://thearmypainter.com/products/warpaints-fanatic-warpaints-fanatic-ruddy-umber-wp3113p,https://thearmypainter.com/products/warpaints-fanatic-warpaints-fanatic-ruddy-umber-wp3113p,published;check_digit_valid,paint,5713799311305,Volume not established from listing.,2026-10-02
Army Painter,Warpaints Fanatic,Warpaints Fanatic: Runic Cobalt,WP3017,,,,5713799301702,5713799301702,EAN-13,https://cdn.shopify.com/s/files/1/0781/9850/5747/files/WP3017P_0.jpg?v=1750957902,https://thearmypainter.com/products/warpaints-fanatic-warpaints-fanatic-runic-cobalt-wp3017p,https://thearmypainter.com/products/warpaints-fanatic-warpaints-fanatic-runic-cobalt-wp3017p,published;check_digit_valid,paint,5713799301702,Volume not established from listing.,2026-10-02
Army Painter,Warpaints Fanatic,Warpaints Fanatic: Sacred Scarlet,WP3106,,,,5713799310605,5713799310605,EAN-13,https://cdn.shopify.com/s/files/1/0781/9850/5747/files/WP3106P_0.jpg?v=1750957905,https://thearmypainter.com/products/warpaints-fanatic-warpaints-fanatic-sacred-scarlet-wp3106p,https://thearmypainter.com/products/warpaints-fanatic-warpaints-fanatic-sacred-scarlet-wp3106p,published;check_digit_valid,paint,5713799310605,Volume not established from listing.,2026-10-02
Army Painter,Warpaints Fanatic,Warpaints Fanatic: Scarab Green,WP3043,,,,5713799304307,5713799304307,EAN-13,https://cdn.shopify.com/s/files/1/0781/9850/5747/files/WP3043P_0.jpg?v=1750957903,https://thearmypainter.com/products/warpaints-fanatic-warpaints-fanatic-scarab-green-wp3043p,https://thearmypainter.com/products/warpaints-fanatic-warpaints-fanatic-scarab-green-wp3043p,published;check_digit_valid,paint,5713799304307,Volume not established from listing.,2026-10-02
Army Painter,Warpaints Fanatic,Warpaints Fanatic: Shieldwall Blue,WP3035,,,,5713799303515,5713799303515,EAN-13,https://cdn.shopify.com/s/files/1/0781/9850/5747/files/WP3035P_0.jpg?v=1750957903,https://thearmypainter.com/products/warpaints-fanatic-warpaints-fanatic-shieldwall-blue-wp3035p,https://thearmypainter.com/products/warpaints-fanatic-warpaints-fanatic-shieldwall-blue-wp3035p,published;check_digit_valid,paint,5713799303515,Volume not established from listing.,2026-10-02
Army Painter,Warpaints Fanatic,Warpaints Fanatic: Skeleton Bone,WP3087,,,,5713799308701,5713799308701,EAN-13,https://cdn.shopify.com/s/files/1/0781/9850/5747/files/WP3087P_0.jpg?v=1750957904,https://thearmypainter.com/products/warpaints-fanatic-warpaints-fanatic-skeleton-bone-wp3087p,https://thearmypainter.com/products/warpaints-fanatic-warpaints-fanatic-skeleton-bone-wp3087p,published;check_digit_valid,paint,5713799308701,Volume not established from listing.,2026-10-02
Army Painter,Warpaints Fanatic,Warpaints Fanatic: Space Dust,WP3095,,,,5713799309500,5713799309500,EAN-13,https://cdn.shopify.com/s/files/1/0781/9850/5747/files/WP3095P_0.jpg?v=1750957904,https://thearmypainter.com/products/warpaints-fanatic-warpaints-fanatic-space-dust-wp3095p,https://thearmypainter.com/products/warpaints-fanatic-warpaints-fanatic-space-dust-wp3095p,published;check_digit_valid,paint,5713799309500,Volume not established from listing.,2026-10-02
Army Painter,Warpaints Fanatic,Warpaints Fanatic: Spellbound Fuchsia,WP3136,,,,5713799313606,5713799313606,EAN-13,https://cdn.shopify.com/s/files/1/0781/9850/5747/files/WP3136P_0.jpg?v=1750957905,https://thearmypainter.com/products/warpaints-fanatic-warpaints-fanatic-spellbound-fuchsia-wp3136p,https://thearmypainter.com/products/warpaints-fanatic-warpaints-fanatic-spellbound-fuchsia-wp3136p,published;check_digit_valid,paint,5713799313606,Volume not established from listing.,2026-10-02
Army Painter,Warpaints Fanatic,Warpaints Fanatic: Stratos Blue,WP3015,,,,5713799301504,5713799301504,EAN-13,https://cdn.shopify.com/s/files/1/0781/9850/5747/files/WP3015P_0.jpg?v=1750957902,https://thearmypainter.com/products/warpaints-fanatic-warpaints-fanatic-stratos-blue-wp3015p,https://thearmypainter.com/products/warpaints-fanatic-warpaints-fanatic-stratos-blue-wp3015p,published;check_digit_valid,paint,5713799301504,Volume not established from listing.,2026-10-02
Army Painter,Warpaints Fanatic,Warpaints Fanatic: Talisman Teal,WP3046,,,,5713799304604,5713799304604,EAN-13,https://cdn.shopify.com/s/files/1/0781/9850/5747/files/WP3046P_0.jpg?v=1750957902,https://thearmypainter.com/products/warpaints-fanatic-warpaints-fanatic-talisman-teal-wp3046p,https://thearmypainter.com/products/warpaints-fanatic-warpaints-fanatic-talisman-teal-wp3046p,published;check_digit_valid,paint,5713799304604,Volume not established from listing.,2026-10-02
Army Painter,Warpaints Fanatic,Warpaints Fanatic: Temple Gate Teal,WP3044,,,,5713799304406,5713799304406,EAN-13,https://cdn.shopify.com/s/files/1/0781/9850/5747/files/WP3044P_0.jpg?v=1750957903,https://thearmypainter.com/products/warpaints-fanatic-warpaints-fanatic-temple-gate-teal-wp3044p,https://thearmypainter.com/products/warpaints-fanatic-warpaints-fanatic-temple-gate-teal-wp3044p,published;check_digit_valid,paint,5713799304406,Volume not established from listing.,2026-10-02
Army Painter,Warpaints Fanatic,Warpaints Fanatic: Terrestrial Titan,WP3127,,,,5713799312708,5713799312708,EAN-13,https://cdn.shopify.com/s/files/1/0781/9850/5747/files/WP3127P_0.jpg?v=1750957905,https://thearmypainter.com/products/warpaints-fanatic-warpaints-fanatic-terrestrial-titan-wp3127p,https://thearmypainter.com/products/warpaints-fanatic-warpaints-fanatic-terrestrial-titan-wp3127p,published;check_digit_valid,paint,5713799312708,Volume not established from listing.,2026-10-02
Army Painter,Warpaints Fanatic,Warpaints Fanatic: Thunderous Blue,WP3014,,,,5713799301405,5713799301405,EAN-13,https://cdn.shopify.com/s/files/1/0781/9850/5747/files/WP3014P_0.jpg?v=1750957902,https://thearmypainter.com/products/warpaints-fanatic-warpaints-fanatic-thunderous-blue-wp3014p,https://thearmypainter.com/products/warpaints-fanatic-warpaints-fanatic-thunderous-blue-wp3014p,published;check_digit_valid,paint,5713799301405,Volume not established from listing.,2026-10-02
Army Painter,Warpaints Fanatic,Warpaints Fanatic: Tidal Blue,WP3033,,,,5713799303300,5713799303300,EAN-13,https://cdn.shopify.com/s/files/1/0781/9850/5747/files/WP3033P_0.jpg?v=1750957902,https://thearmypainter.com/products/warpaints-fanatic-warpaints-fanatic-tidal-blue-wp3033p,https://thearmypainter.com/products/warpaints-fanatic-warpaints-fanatic-tidal-blue-wp3033p,published;check_digit_valid,paint,5713799303300,Volume not established from listing.,2026-10-02
Army Painter,Warpaints Fanatic,Warpaints Fanatic: Tiger's Eye Skin,WP3152,,,,5713799315204,5713799315204,EAN-13,https://cdn.shopify.com/s/files/1/0781/9850/5747/files/WP3152P_0.jpg?v=1750957906,https://thearmypainter.com/products/warpaints-fanatic-warpaints-fanatic-tiger-s-eye-skin-wp3152p,https://thearmypainter.com/products/warpaints-fanatic-warpaints-fanatic-tiger-s-eye-skin-wp3152p,published;check_digit_valid,paint,5713799315204,Volume not established from listing.,2026-10-02
Army Painter,Warpaints Fanatic,Warpaints Fanatic: Tomb King Tan,WP3086,,,,5713799308602,5713799308602,EAN-13,https://cdn.shopify.com/s/files/1/0781/9850/5747/files/WP3086P_0.jpg?v=1750957904,https://thearmypainter.com/products/warpaints-fanatic-warpaints-fanatic-tomb-king-tan-wp3086p,https://thearmypainter.com/products/warpaints-fanatic-warpaints-fanatic-tomb-king-tan-wp3086p,published;check_digit_valid,paint,5713799308602,Volume not established from listing.,2026-10-02
Army Painter,Warpaints Fanatic,Warpaints Fanatic: Topaz Skin,WP3153,,,,5713799315303,5713799315303,EAN-13,https://cdn.shopify.com/s/files/1/0781/9850/5747/files/WP3153P_0.jpg?v=1750957906,https://thearmypainter.com/products/warpaints-fanatic-warpaints-fanatic-topaz-skin-wp3153p,https://thearmypainter.com/products/warpaints-fanatic-warpaints-fanatic-topaz-skin-wp3153p,published;check_digit_valid,paint,5713799315303,Volume not established from listing.,2026-10-02
Army Painter,Warpaints Fanatic,Warpaints Fanatic: Tourmaline Skin,WP3155,,,,5713799315501,5713799315501,EAN-13,https://cdn.shopify.com/s/files/1/0781/9850/5747/files/WP3155P_0.jpg?v=1750957906,https://thearmypainter.com/products/warpaints-fanatic-warpaints-fanatic-tourmaline-skin-wp3155p,https://thearmypainter.com/products/warpaints-fanatic-warpaints-fanatic-tourmaline-skin-wp3155p,published;check_digit_valid,paint,5713799315501,Volume not established from listing.,2026-10-02
Army Painter,Warpaints Fanatic,Warpaints Fanatic: Tree Ancient,WP3110,,,,5713799311008,5713799311008,EAN-13,https://cdn.shopify.com/s/files/1/0781/9850/5747/files/WP3110P_0.jpg?v=1750957905,https://thearmypainter.com/products/warpaints-fanatic-warpaints-fanatic-tree-ancient-wp3110p,https://thearmypainter.com/products/warpaints-fanatic-warpaints-fanatic-tree-ancient-wp3110p,published;check_digit_valid,paint,5713799311008,Volume not established from listing.,2026-10-02
Army Painter,Warpaints Fanatic,Warpaints Fanatic: Triumphant Navy,WP3019,,,,5713799301900,5713799301900,EAN-13,https://cdn.shopify.com/s/files/1/0781/9850/5747/files/WP3019P_0.jpg?v=1750957902,https://thearmypainter.com/products/warpaints-fanatic-warpaints-fanatic-triumphant-navy-wp3019p,https://thearmypainter.com/products/warpaints-fanatic-warpaints-fanatic-triumphant-navy-wp3019p,published;check_digit_valid,paint,5713799301900,Volume not established from listing.,2026-10-02
Army Painter,Warpaints Fanatic,Warpaints Fanatic: Tundra Taupe,WP3079,,,,5713799307902,5713799307902,EAN-13,https://cdn.shopify.com/s/files/1/0781/9850/5747/files/WP3079P_0.jpg?v=1750957904,https://thearmypainter.com/products/warpaints-fanatic-warpaints-fanatic-tundra-taupe-wp3079p,https://thearmypainter.com/products/warpaints-fanatic-warpaints-fanatic-tundra-taupe-wp3079p,published;check_digit_valid,paint,5713799307902,Volume not established from listing.,2026-10-02
Army Painter,Warpaints Fanatic,Warpaints Fanatic: Turquoise Siren,WP3039,,,,5713799303904,5713799303904,EAN-13,https://cdn.shopify.com/s/files/1/0781/9850/5747/files/WP3039P_0.jpg?v=1750957903,https://thearmypainter.com/products/warpaints-fanatic-warpaints-fanatic-turquoise-siren-wp3039p,https://thearmypainter.com/products/warpaints-fanatic-warpaints-fanatic-turquoise-siren-wp3039p,published;check_digit_valid,paint,5713799303904,Volume not established from listing.,2026-10-02
Army Painter,Warpaints Fanatic,Warpaints Fanatic: Ultramarine Blue,WP3021,,,,5713799302105,5713799302105,EAN-13,https://cdn.shopify.com/s/files/1/0781/9850/5747/files/WP3021P_0.jpg?v=1750957902,https://thearmypainter.com/products/warpaints-fanatic-warpaints-fanatic-ultramarine-blue-wp3021p,https://thearmypainter.com/products/warpaints-fanatic-warpaints-fanatic-ultramarine-blue-wp3021p,published;check_digit_valid,paint,5713799302105,Volume not established from listing.,2026-10-02
Army Painter,Warpaints Fanatic,Warpaints Fanatic: Uniform Grey,WP3003,,,,5713799300309,5713799300309,EAN-13,https://cdn.shopify.com/s/files/1/0781/9850/5747/files/WP3003P_0.jpg?v=1750957902,https://thearmypainter.com/products/warpaints-fanatic-warpaints-fanatic-uniform-grey-wp3003p,https://thearmypainter.com/products/warpaints-fanatic-warpaints-fanatic-uniform-grey-wp3003p,published;check_digit_valid,paint,5713799300309,Volume not established from listing.,2026-10-02
Army Painter,Warpaints Fanatic,Warpaints Fanatic: Urban Buff,WP3078,,,,5713799307803,5713799307803,EAN-13,https://cdn.shopify.com/s/files/1/0781/9850/5747/files/WP3078P_0.jpg?v=1750957904,https://thearmypainter.com/products/warpaints-fanatic-warpaints-fanatic-urban-buff-wp3078p,https://thearmypainter.com/products/warpaints-fanatic-warpaints-fanatic-urban-buff-wp3078p,published;check_digit_valid,paint,5713799307803,Volume not established from listing.,2026-10-02
Army Painter,Warpaints Fanatic,Warpaints Fanatic: Violent Vermilion,WP3107,,,,5713799310704,5713799310704,EAN-13,https://cdn.shopify.com/s/files/1/0781/9850/5747/files/WP3107P_0.jpg?v=1750957905,https://thearmypainter.com/products/warpaints-fanatic-warpaints-fanatic-violent-vermilion-wp3107p,https://thearmypainter.com/products/warpaints-fanatic-warpaints-fanatic-violent-vermilion-wp3107p,published;check_digit_valid,paint,5713799310704,Volume not established from listing.,2026-10-02
Army Painter,Warpaints Fanatic,Warpaints Fanatic: Violet Coven,WP3131,,,,5713799313101,5713799313101,EAN-13,https://cdn.shopify.com/s/files/1/0781/9850/5747/files/WP3131P_0.jpg?v=1750957905,https://thearmypainter.com/products/warpaints-fanatic-warpaints-fanatic-violet-coven-wp3131p,https://thearmypainter.com/products/warpaints-fanatic-warpaints-fanatic-violet-coven-wp3131p,published;check_digit_valid,paint,5713799313101,Volume not established from listing.,2026-10-02
Army Painter,Warpaints Fanatic,Warpaints Fanatic: Vivid Volt,WP3059,,,,5713799305908,5713799305908,EAN-13,https://cdn.shopify.com/s/files/1/0781/9850/5747/files/WP3059P_0.jpg?v=1750957903,https://thearmypainter.com/products/warpaints-fanatic-warpaints-fanatic-vivid-volt-wp3059p,https://thearmypainter.com/products/warpaints-fanatic-warpaints-fanatic-vivid-volt-wp3059p,published;check_digit_valid,paint,5713799305908,Volume not established from listing.,2026-10-02
Army Painter,Warpaints Fanatic,Warpaints Fanatic: Warlock Magenta,WP3135,,,,5713799313507,5713799313507,EAN-13,https://cdn.shopify.com/s/files/1/0781/9850/5747/files/WP3135P_0.jpg?v=1750957905,https://thearmypainter.com/products/warpaints-fanatic-warpaints-fanatic-warlock-magenta-wp3135p,https://thearmypainter.com/products/warpaints-fanatic-warpaints-fanatic-warlock-magenta-wp3135p,published;check_digit_valid,paint,5713799313507,Volume not established from listing.,2026-10-02
Army Painter,Warpaints Fanatic,Warpaints Fanatic: Warped Yellow,WP3094,,,,5713799309401,5713799309401,EAN-13,https://cdn.shopify.com/s/files/1/0781/9850/5747/files/WP3094P_0.jpg?v=1750957905,https://thearmypainter.com/products/warpaints-fanatic-warpaints-fanatic-warped-yellow-wp3094p,https://thearmypainter.com/products/warpaints-fanatic-warpaints-fanatic-warped-yellow-wp3094p,published;check_digit_valid,paint,5713799309401,Volume not established from listing.,2026-10-02
Army Painter,Warpaints Fanatic,Warpaints Fanatic: Wasteland Clay,WP3082,,,,5713799308206,5713799308206,EAN-13,https://cdn.shopify.com/s/files/1/0781/9850/5747/files/WP3082P_0.jpg?v=1750957904,https://thearmypainter.com/products/warpaints-fanatic-warpaints-fanatic-wasteland-clay-wp3082p,https://thearmypainter.com/products/warpaints-fanatic-warpaints-fanatic-wasteland-clay-wp3082p,published;check_digit_valid,paint,5713799308206,Volume not established from listing.,2026-10-02
Army Painter,Warpaints Fanatic,Warpaints Fanatic: Weird Elixir,WP3124,,,,5713799312401,5713799312401,EAN-13,https://cdn.shopify.com/s/files/1/0781/9850/5747/files/WP3124P_0.jpg?v=1750957905,https://thearmypainter.com/products/warpaints-fanatic-warpaints-fanatic-weird-elixir-wp3124p,https://thearmypainter.com/products/warpaints-fanatic-warpaints-fanatic-weird-elixir-wp3124p,published;check_digit_valid,paint,5713799312401,Volume not established from listing.,2026-10-02
Army Painter,Warpaints Fanatic,Warpaints Fanatic: Wicked Pink,WP3121,,,,5713799312104,5713799312104,EAN-13,https://cdn.shopify.com/s/files/1/0781/9850/5747/files/WP3121P_0.jpg?v=1750957905,https://thearmypainter.com/products/warpaints-fanatic-warpaints-fanatic-wicked-pink-wp3121p,https://thearmypainter.com/products/warpaints-fanatic-warpaints-fanatic-wicked-pink-wp3121p,published;check_digit_valid,paint,5713799312104,Volume not established from listing.,2026-10-02
Army Painter,Warpaints Fanatic,Warpaints Fanatic: Wild Green,WP3053,,,,5713799305304,5713799305304,EAN-13,https://cdn.shopify.com/s/files/1/0781/9850/5747/files/WP3053P_0.jpg?v=1750957903,https://thearmypainter.com/products/warpaints-fanatic-warpaints-fanatic-wild-green-wp3053p,https://thearmypainter.com/products/warpaints-fanatic-warpaints-fanatic-wild-green-wp3053p,published;check_digit_valid,paint,5713799305304,Volume not established from listing.,2026-10-02
Army Painter,Warpaints Fanatic,Warpaints Fanatic: Wilted Rose,WP3144,,,,5713799314405,5713799314405,EAN-13,https://cdn.shopify.com/s/files/1/0781/9850/5747/files/WP3144P_0.jpg?v=1750957905,https://thearmypainter.com/products/warpaints-fanatic-warpaints-fanatic-wilted-rose-wp3144p,https://thearmypainter.com/products/warpaints-fanatic-warpaints-fanatic-wilted-rose-wp3144p,published;check_digit_valid,paint,5713799314405,Volume not established from listing.,2026-10-02
Army Painter,Warpaints Fanatic,Warpaints Fanatic: Wolf Grey,WP3016,,,,5713799301603,5713799301603,EAN-13,https://cdn.shopify.com/s/files/1/0781/9850/5747/files/WP3016P_0.jpg?v=1750957902,https://thearmypainter.com/products/warpaints-fanatic-warpaints-fanatic-wolf-grey-wp3016p,https://thearmypainter.com/products/warpaints-fanatic-warpaints-fanatic-wolf-grey-wp3016p,published;check_digit_valid,paint,5713799301603,Volume not established from listing.,2026-10-02
Army Painter,Warpaints Fanatic,Warpaints Fanatic: Woodland Camo,WP3067,,,,5713799306707,5713799306707,EAN-13,https://cdn.shopify.com/s/files/1/0781/9850/5747/files/WP3067P_0.jpg?v=1750957903,https://thearmypainter.com/products/warpaints-fanatic-warpaints-fanatic-woodland-camo-wp3067p,https://thearmypainter.com/products/warpaints-fanatic-warpaints-fanatic-woodland-camo-wp3067p,published;check_digit_valid,paint,5713799306707,Volume not established from listing.,2026-10-02
Army Painter,Warpaints Fanatic,Warpaints Fanatic: Worn Stone,WP3010,,,,5713799301009,5713799301009,EAN-13,https://cdn.shopify.com/s/files/1/0781/9850/5747/files/WP3010P_0.jpg?v=1750957902,https://thearmypainter.com/products/warpaints-fanatic-warpaints-fanatic-worn-stone-wp3010p,https://thearmypainter.com/products/warpaints-fanatic-warpaints-fanatic-worn-stone-wp3010p,published;check_digit_valid,paint,5713799301009,Volume not established from listing.,2026-10-02
Army Painter,Warpaints Fanatic,Warpaints Fanatic: Wyvern Fury,WP3116,,,,5713799311602,5713799311602,EAN-13,https://cdn.shopify.com/s/files/1/0781/9850/5747/files/WP3116P_0.jpg?v=1750957905,https://thearmypainter.com/products/warpaints-fanatic-warpaints-fanatic-wyvern-fury-wp3116p,https://thearmypainter.com/products/warpaints-fanatic-warpaints-fanatic-wyvern-fury-wp3116p,published;check_digit_valid,paint,5713799311602,Volume not established from listing.,2026-10-02
Army Painter,Warpaints Historical,Historical: Ammo Pouch Brown,WP4130,,,,5713799413009,5713799413009,EAN-13,https://cdn.shopify.com/s/files/1/0781/9850/5747/files/WP4130P_0.png?v=1782512168,https://thearmypainter.com/products/warpaints-historical-historical-ammo-pouch-brown-wp4130p,https://thearmypainter.com/products/warpaints-historical-historical-ammo-pouch-brown-wp4130p,published;check_digit_valid,paint,5713799413009,Volume not established from listing.,2026-10-02
Army Painter,Warpaints Historical,Historical: Banner Red,WP4131,,,,5713799413108,5713799413108,EAN-13,https://cdn.shopify.com/s/files/1/0781/9850/5747/files/WP4131P_0.png?v=1782512177,https://thearmypainter.com/products/warpaints-historical-historical-banner-red-wp4131p,https://thearmypainter.com/products/warpaints-historical-historical-banner-red-wp4131p,published;check_digit_valid,paint,5713799413108,Volume not established from listing.,2026-10-02
Army Painter,Warpaints Historical,Historical: Beret Maroon,WP4059,,,,5713799405905,5713799405905,EAN-13,https://cdn.shopify.com/s/files/1/0781/9850/5747/files/WP4059P_0.png?v=1755856425,https://thearmypainter.com/products/warpaints-historical-historical-beret-maroon-wp4059p,https://thearmypainter.com/products/warpaints-historical-historical-beret-maroon-wp4059p,published;check_digit_valid,paint,5713799405905,Volume not established from listing.,2026-10-02
Army Painter,Warpaints Historical,Historical: Black Tone,WP4024,,,,5713799402409,5713799402409,EAN-13,https://cdn.shopify.com/s/files/1/0781/9850/5747/files/WP4024P_0.png?v=1755856424,https://thearmypainter.com/products/warpaints-historical-historical-black-tone-wp4024p,https://thearmypainter.com/products/warpaints-historical-historical-black-tone-wp4024p,published;check_digit_valid,paint,5713799402409,Volume not established from listing.,2026-10-02
Army Painter,Warpaints Historical,Historical: Bleached Strap Grey,WP4150,,,,5713799415003,5713799415003,EAN-13,https://cdn.shopify.com/s/files/1/0781/9850/5747/files/WP4150P_0.png?v=1790633773,https://thearmypainter.com/products/warpaints-historical-historical-bleached-strap-grey-wp4150p,https://thearmypainter.com/products/warpaints-historical-historical-bleached-strap-grey-wp4150p,published;check_digit_valid,paint,5713799415003,Volume not established from listing.,2026-10-02
Army Painter,Warpaints Historical,Historical: Boot Brown,WP4025,,,,5713799402508,5713799402508,EAN-13,https://cdn.shopify.com/s/files/1/0781/9850/5747/files/WP4025P_0.png?v=1755856424,https://thearmypainter.com/products/warpaints-historical-historical-boot-brown-labelled-wp4025p,https://thearmypainter.com/products/warpaints-historical-historical-boot-brown-labelled-wp4025p,published;check_digit_valid,paint,5713799402508,Volume not established from listing.,2026-10-02
Army Painter,Warpaints Historical,Historical: British Camo Green,WP4060,,,,5713799406001,5713799406001,EAN-13,https://cdn.shopify.com/s/files/1/0781/9850/5747/files/WP4060P_0.png?v=1755856425,https://thearmypainter.com/products/warpaints-historical-historical-british-camo-green-wp4060p,https://thearmypainter.com/products/warpaints-historical-historical-british-camo-green-wp4060p,published;check_digit_valid,paint,5713799406001,Volume not established from listing.,2026-10-02
Army Painter,Warpaints Historical,Historical: Brown Tone,WP4036,,,,5713799403604,5713799403604,EAN-13,https://cdn.shopify.com/s/files/1/0781/9850/5747/files/WP4036P_0.png?v=1755856424,https://thearmypainter.com/products/warpaints-historical-historical-brown-tone-wp4036p,https://thearmypainter.com/products/warpaints-historical-historical-brown-tone-wp4036p,published;check_digit_valid,paint,5713799403604,Volume not established from listing.,2026-10-02
Army Painter,Warpaints Historical,Historical: Camo Brown,WP4040,,,,5713799404007,5713799404007,EAN-13,https://cdn.shopify.com/s/files/1/0781/9850/5747/files/WP4040P_0.png?v=1755856425,https://thearmypainter.com/products/warpaints-historical-historical-camo-brown-wp4040p,https://thearmypainter.com/products/warpaints-historical-historical-camo-brown-wp4040p,published;check_digit_valid,paint,5713799404007,Volume not established from listing.,2026-10-02
Army Painter,Warpaints Historical,Historical: Camo Sand,WP4043,,,,5713799404304,5713799404304,EAN-13,https://cdn.shopify.com/s/files/1/0781/9850/5747/files/WP4043P_0.png?v=1755856425,https://thearmypainter.com/products/warpaints-historical-historical-camo-sand-wp4043p,https://thearmypainter.com/products/warpaints-historical-historical-camo-sand-wp4043p,published;check_digit_valid,paint,5713799404304,Volume not established from listing.,2026-10-02
Army Painter,Warpaints Historical,Historical: Canvas,WP4033,,,,5713799403307,5713799403307,EAN-13,https://cdn.shopify.com/s/files/1/0781/9850/5747/files/WP4033P_0.png?v=1755856424,https://thearmypainter.com/products/warpaints-historical-historical-canvas-wp4033p,https://thearmypainter.com/products/warpaints-historical-historical-canvas-wp4033p,published;check_digit_valid,paint,5713799403307,Volume not established from listing.,2026-10-02
Army Painter,Warpaints Historical,Historical: Command Red,WP4049,,,,5713799404908,5713799404908,EAN-13,https://cdn.shopify.com/s/files/1/0781/9850/5747/files/WP4049P_0.png?v=1755856424,https://thearmypainter.com/products/warpaints-historical-historical-command-red-wp4049p,https://thearmypainter.com/products/warpaints-historical-historical-command-red-wp4049p,published;check_digit_valid,paint,5713799404908,Volume not established from listing.,2026-10-02
Army Painter,Warpaints Historical,Historical: Commando Green,WP4058,,,,5713799405806,5713799405806,EAN-13,https://cdn.shopify.com/s/files/1/0781/9850/5747/files/WP4058P_0.png?v=1755856425,https://thearmypainter.com/products/warpaints-historical-historical-commando-green-wp4058p,https://thearmypainter.com/products/warpaints-historical-historical-commando-green-wp4058p,published;check_digit_valid,paint,5713799405806,Volume not established from listing.,2026-10-02
Army Painter,Warpaints Historical,Historical: Dark Battle Dress,WP4052,,,,5713799405202,5713799405202,EAN-13,https://cdn.shopify.com/s/files/1/0781/9850/5747/files/WP4052P_0.png?v=1755856425,https://thearmypainter.com/products/warpaints-historical-historical-dark-battle-dress-wp4052p,https://thearmypainter.com/products/warpaints-historical-historical-dark-battle-dress-wp4052p,published;check_digit_valid,paint,5713799405202,Volume not established from listing.,2026-10-02
Army Painter,Warpaints Historical,Historical: Dark Boot Brown,WP4126,,,,5713799412606,5713799412606,EAN-13,https://cdn.shopify.com/s/files/1/0781/9850/5747/files/WP4126P_0.png?v=1782512167,https://thearmypainter.com/products/warpaints-historical-historical-dark-boot-brown-wp4126p,https://thearmypainter.com/products/warpaints-historical-historical-dark-boot-brown-wp4126p,published;check_digit_valid,paint,5713799412606,Volume not established from listing.,2026-10-02
Army Painter,Warpaints Historical,Historical: Dark DAK Green,WP4147,,,,5713799414709,5713799414709,EAN-13,https://cdn.shopify.com/s/files/1/0781/9850/5747/files/WP4147P_0.png?v=1790633774,https://thearmypainter.com/products/warpaints-historical-historical-dark-dak-green-wp4147p,https://thearmypainter.com/products/warpaints-historical-historical-dark-dak-green-wp4147p,published;check_digit_valid,paint,5713799414709,Volume not established from listing.,2026-10-02
Army Painter,Warpaints Historical,Historical: Dark DAK Sand,WP4144,,,,5713799414402,5713799414402,EAN-13,https://cdn.shopify.com/s/files/1/0781/9850/5747/files/WP4144P_0.png?v=1790633774,https://thearmypainter.com/products/warpaints-historical-historical-dark-dak-sand-wp4144p,https://thearmypainter.com/products/warpaints-historical-historical-dark-dak-sand-wp4144p,published;check_digit_valid,paint,5713799414402,Volume not established from listing.,2026-10-02
Army Painter,Warpaints Historical,Historical: Dark Drab,WP4026,,,,5713799402607,5713799402607,EAN-13,https://cdn.shopify.com/s/files/1/0781/9850/5747/files/WP4026P_0.png?v=1755856424,https://thearmypainter.com/products/warpaints-historical-historical-dark-drab-wp4026p,https://thearmypainter.com/products/warpaints-historical-historical-dark-drab-wp4026p,published;check_digit_valid,paint,5713799402607,Volume not established from listing.,2026-10-02
Army Painter,Warpaints Historical,Historical: Dark Feldgrau,WP4042,,,,5713799404205,5713799404205,EAN-13,https://cdn.shopify.com/s/files/1/0781/9850/5747/files/WP4042P_0.png?v=1755856425,https://thearmypainter.com/products/warpaints-historical-historical-dark-feldgrau-wp4042p,https://thearmypainter.com/products/warpaints-historical-historical-dark-feldgrau-wp4042p,published;check_digit_valid,paint,5713799404205,Volume not established from listing.,2026-10-02
Army Painter,Warpaints Historical,Historical: Dark Imperial Khaki,WP4154,,,,5713799415409,5713799415409,EAN-13,https://cdn.shopify.com/s/files/1/0781/9850/5747/files/WP4154P_0.png?v=1790633774,https://thearmypainter.com/products/warpaints-historical-historical-dark-imperial-khaki-wp4154p,https://thearmypainter.com/products/warpaints-historical-historical-dark-imperial-khaki-wp4154p,published;check_digit_valid,paint,5713799415409,Volume not established from listing.,2026-10-02
Army Painter,Warpaints Historical,Historical: Dark Leather,WP4141,,,,5713799414105,5713799414105,EAN-13,https://cdn.shopify.com/s/files/1/0781/9850/5747/files/WP4141P_0.png?v=1782512176,https://thearmypainter.com/products/warpaints-historical-historical-dark-leather-wp4141p,https://thearmypainter.com/products/warpaints-historical-historical-dark-leather-wp4141p,published;check_digit_valid,paint,5713799414105,Volume not established from listing.,2026-10-02
Army Painter,Warpaints Historical,Historical: Dark Mustard Khaki,WP4157,,,,5713799415706,5713799415706,EAN-13,https://cdn.shopify.com/s/files/1/0781/9850/5747/files/WP4157P_0.png?v=1790633774,https://thearmypainter.com/products/warpaints-historical-historical-dark-mustard-khaki-wp4157p,https://thearmypainter.com/products/warpaints-historical-historical-dark-mustard-khaki-wp4157p,published;check_digit_valid,paint,5713799415706,Volume not established from listing.,2026-10-02
Army Painter,Warpaints Historical,Historical: Dark Olive,WP4023,,,,5713799402300,5713799402300,EAN-13,https://cdn.shopify.com/s/files/1/0781/9850/5747/files/WP4023P_0.png?v=1755856424,https://thearmypainter.com/products/warpaints-historical-historical-dark-olive-wp4023p,https://thearmypainter.com/products/warpaints-historical-historical-dark-olive-wp4023p,published;check_digit_valid,paint,5713799402300,Volume not established from listing.,2026-10-02
Army Painter,Warpaints Historical,Historical: Dark Soviet Khaki,WP4123,,,,5713799412309,5713799412309,EAN-13,https://cdn.shopify.com/s/files/1/0781/9850/5747/files/WP4123P_0.png?v=1782512168,https://thearmypainter.com/products/warpaints-historical-historical-dark-soviet-khaki-wp4123p,https://thearmypainter.com/products/warpaints-historical-historical-dark-soviet-khaki-wp4123p,published;check_digit_valid,paint,5713799412309,Volume not established from listing.,2026-10-02
Army Painter,Warpaints Historical,Historical: Deep Khaki Drill,WP4134,,,,5713799413405,5713799413405,EAN-13,https://cdn.shopify.com/s/files/1/0781/9850/5747/files/WP4134P_0.png?v=1782512176,https://thearmypainter.com/products/warpaints-historical-historical-deep-khaki-drill-wp4134p,https://thearmypainter.com/products/warpaints-historical-historical-deep-khaki-drill-wp4134p,published;check_digit_valid,paint,5713799413405,Volume not established from listing.,2026-10-02
Army Painter,Warpaints Historical,Historical: Desert Olive Green,WP4140,,,,5713799414006,5713799414006,EAN-13,https://cdn.shopify.com/s/files/1/0781/9850/5747/files/WP4140P_0.png?v=1782512177,https://thearmypainter.com/products/warpaints-historical-historical-desert-olive-green-wp4140p,https://thearmypainter.com/products/warpaints-historical-historical-desert-olive-green-wp4140p,published;check_digit_valid,paint,5713799414006,Volume not established from listing.,2026-10-02
Army Painter,Warpaints Historical,Historical: Desert Skin,WP4151,,,,5713799415102,5713799415102,EAN-13,https://cdn.shopify.com/s/files/1/0781/9850/5747/files/WP4151P_0.png?v=1790633774,https://thearmypainter.com/products/warpaints-historical-historical-desert-skin-wp4151p,https://thearmypainter.com/products/warpaints-historical-historical-desert-skin-wp4151p,published;check_digit_valid,paint,5713799415102,Volume not established from listing.,2026-10-02
Army Painter,Warpaints Historical,Historical: Desert Webbing,WP4137,,,,5713799413702,5713799413702,EAN-13,https://cdn.shopify.com/s/files/1/0781/9850/5747/files/WP4137P_0.png?v=1782512176,https://thearmypainter.com/products/warpaints-historical-historical-desert-webbing-wp4137p,https://thearmypainter.com/products/warpaints-historical-historical-desert-webbing-wp4137p,published;check_digit_valid,paint,5713799413702,Volume not established from listing.,2026-10-02
Army Painter,Warpaints Historical,Historical: Ensign Blue,WP4028,,,,5713799402805,5713799402805,EAN-13,https://cdn.shopify.com/s/files/1/0781/9850/5747/files/WP4028P_0.png?v=1755856424,https://thearmypainter.com/products/warpaints-historical-historical-ensign-blue-wp4028p,https://thearmypainter.com/products/warpaints-historical-historical-ensign-blue-wp4028p,published;check_digit_valid,paint,5713799402805,Volume not established from listing.,2026-10-02
Army Painter,Warpaints Historical,Historical: Fair Skin,WP4055,,,,5713799405509,5713799405509,EAN-13,https://cdn.shopify.com/s/files/1/0781/9850/5747/files/WP4055P_0.png?v=1755856425,https://thearmypainter.com/products/warpaints-historical-historical-fair-skin-wp4055p,https://thearmypainter.com/products/warpaints-historical-historical-fair-skin-wp4055p,published;check_digit_valid,paint,5713799405509,Volume not established from listing.,2026-10-02
Army Painter,Warpaints Historical,Historical: Flag Red,WP4030,,,,5713799403000,5713799403000,EAN-13,https://cdn.shopify.com/s/files/1/0781/9850/5747/files/WP4030P_0.png?v=1755856425,https://thearmypainter.com/products/warpaints-historical-historical-red-flag-wp4030p,https://thearmypainter.com/products/warpaints-historical-historical-red-flag-wp4030p,published;check_digit_valid,paint,5713799403000,Volume not established from listing.,2026-10-02
Army Painter,Warpaints Historical,Historical: German Camo Green,WP4041,,,,5713799404106,5713799404106,EAN-13,https://cdn.shopify.com/s/files/1/0781/9850/5747/files/WP4041P_0.png?v=1755856425,https://thearmypainter.com/products/warpaints-historical-historical-german-camo-green-wp4041p,https://thearmypainter.com/products/warpaints-historical-historical-german-camo-green-wp4041p,published;check_digit_valid,paint,5713799404106,Volume not established from listing.,2026-10-02
Army Painter,Warpaints Historical,Historical: Greatcoat Green,WP4139,,,,5713799413900,5713799413900,EAN-13,https://cdn.shopify.com/s/files/1/0781/9850/5747/files/WP4139P_0.png?v=1782512177,https://thearmypainter.com/products/warpaints-historical-historical-greatcoat-green-wp4139p,https://thearmypainter.com/products/warpaints-historical-historical-greatcoat-green-wp4139p,published;check_digit_valid,paint,5713799413900,Volume not established from listing.,2026-10-02
Army Painter,Warpaints Historical,Historical: Hanpu Beige,WP4160,,,,5713799416000,5713799416000,EAN-13,https://cdn.shopify.com/s/files/1/0781/9850/5747/files/WP4160P_0.png?v=1790633783,https://thearmypainter.com/products/warpaints-historical-historical-hanpu-beige-wp4160p,https://thearmypainter.com/products/warpaints-historical-historical-hanpu-beige-wp4160p,published;check_digit_valid,paint,5713799416000,Volume not established from listing.,2026-10-02
Army Painter,Warpaints Historical,Historical: Helmet Brown,WP4161,,,,5713799416109,5713799416109,EAN-13,https://cdn.shopify.com/s/files/1/0781/9850/5747/files/WP4161P_0.png?v=1790633783,https://thearmypainter.com/products/warpaints-historical-historical-helmet-brown-wp4161p,https://thearmypainter.com/products/warpaints-historical-historical-helmet-brown-wp4161p,published;check_digit_valid,paint,5713799416109,Volume not established from listing.,2026-10-02
Army Painter,Warpaints Historical,Historical: Imperial Red,WP4165,,,,5713799416505,5713799416505,EAN-13,https://cdn.shopify.com/s/files/1/0781/9850/5747/files/WP4165P_0.png?v=1790633774,https://thearmypainter.com/products/warpaints-historical-historical-imperial-red-wp4165p,https://thearmypainter.com/products/warpaints-historical-historical-imperial-red-wp4165p,published;check_digit_valid,paint,5713799416505,Volume not established from listing.,2026-10-02
Army Painter,Warpaints Historical,Historical: Kawa Brown,WP4163,,,,5713799416307,5713799416307,EAN-13,https://cdn.shopify.com/s/files/1/0781/9850/5747/files/WP4163P_0.png?v=1790633784,https://thearmypainter.com/products/warpaints-historical-historical-kawa-brown-wp4163p,https://thearmypainter.com/products/warpaints-historical-historical-kawa-brown-wp4163p,published;check_digit_valid,paint,5713799416307,Volume not established from listing.,2026-10-02
Army Painter,Warpaints Historical,Historical: Leather Brown,WP4050,,,,5713799405004,5713799405004,EAN-13,https://cdn.shopify.com/s/files/1/0781/9850/5747/files/WP4050P_0.png?v=1755856426,https://thearmypainter.com/products/warpaints-historical-historical-leather-brown-wp4050p,https://thearmypainter.com/products/warpaints-historical-historical-leather-brown-wp4050p,published;check_digit_valid,paint,5713799405004,Volume not established from listing.,2026-10-02
Army Painter,Warpaints Historical,Historical: Life Vest Yellow,WP4029,,,,5713799402904,5713799402904,EAN-13,https://cdn.shopify.com/s/files/1/0781/9850/5747/files/WP4029P_0.png?v=1755856424,https://thearmypainter.com/products/warpaints-historical-historical-life-vest-yellow-wp4029p,https://thearmypainter.com/products/warpaints-historical-historical-life-vest-yellow-wp4029p,published;check_digit_valid,paint,5713799402904,Volume not established from listing.,2026-10-02
Army Painter,Warpaints Historical,Historical: Light Battle Dress,WP4051,,,,5713799405103,5713799405103,EAN-13,https://cdn.shopify.com/s/files/1/0781/9850/5747/files/WP4051P_0.png?v=1755856425,https://thearmypainter.com/products/warpaints-historical-historical-light-battle-dress-wp4051p,https://thearmypainter.com/products/warpaints-historical-historical-light-battle-dress-wp4051p,published;check_digit_valid,paint,5713799405103,Volume not established from listing.,2026-10-02
Army Painter,Warpaints Historical,Historical: Light DAK Green,WP4149,,,,5713799414907,5713799414907,EAN-13,https://cdn.shopify.com/s/files/1/0781/9850/5747/files/WP4149P_0.png?v=1790633774,https://thearmypainter.com/products/warpaints-historical-historical-light-dak-green-wp4149p,https://thearmypainter.com/products/warpaints-historical-historical-light-dak-green-wp4149p,published;check_digit_valid,paint,5713799414907,Volume not established from listing.,2026-10-02
Army Painter,Warpaints Historical,Historical: Light DAK Sand,WP4146,,,,5713799414600,5713799414600,EAN-13,https://cdn.shopify.com/s/files/1/0781/9850/5747/files/WP4146P_0.png?v=1790633774,https://thearmypainter.com/products/warpaints-historical-historical-light-dak-sand-wp4146p,https://thearmypainter.com/products/warpaints-historical-historical-light-dak-sand-wp4146p,published;check_digit_valid,paint,5713799414600,Volume not established from listing.,2026-10-02
Army Painter,Warpaints Historical,Historical: Light Drab,WP4032,,,,5713799403208,5713799403208,EAN-13,https://cdn.shopify.com/s/files/1/0781/9850/5747/files/WP4032P_0.png?v=1755856424,https://thearmypainter.com/products/warpaints-historical-historical-light-drab-wp4032p,https://thearmypainter.com/products/warpaints-historical-historical-light-drab-wp4032p,published;check_digit_valid,paint,5713799403208,Volume not established from listing.,2026-10-02
Army Painter,Warpaints Historical,Historical: Light Feldgrau,WP4045,,,,5713799404502,5713799404502,EAN-13,https://cdn.shopify.com/s/files/1/0781/9850/5747/files/WP4045P_0.png?v=1755856425,https://thearmypainter.com/products/warpaints-historical-historical-light-feldgrau-wp4045p,https://thearmypainter.com/products/warpaints-historical-historical-light-feldgrau-wp4045p,published;check_digit_valid,paint,5713799404502,Volume not established from listing.,2026-10-02
Army Painter,Warpaints Historical,Historical: Light Imperial Khaki,WP4156,,,,5713799415607,5713799415607,EAN-13,https://cdn.shopify.com/s/files/1/0781/9850/5747/files/WP4156P_0.png?v=1790633774,https://thearmypainter.com/products/warpaints-historical-historical-light-imperial-khaki-wp4156p,https://thearmypainter.com/products/warpaints-historical-historical-light-imperial-khaki-wp4156p,published;check_digit_valid,paint,5713799415607,Volume not established from listing.,2026-10-02
Army Painter,Warpaints Historical,Historical: Light Khaki Drill,WP4136,,,,5713799413603,5713799413603,EAN-13,https://cdn.shopify.com/s/files/1/0781/9850/5747/files/WP4136P_0.png?v=1782512176,https://thearmypainter.com/products/warpaints-historical-historical-light-khaki-drill-wp4136p,https://thearmypainter.com/products/warpaints-historical-historical-light-khaki-drill-wp4136p,published;check_digit_valid,paint,5713799413603,Volume not established from listing.,2026-10-02
Army Painter,Warpaints Historical,Historical: Light Mustard Khaki,WP4159,,,,5713799415904,5713799415904,EAN-13,https://cdn.shopify.com/s/files/1/0781/9850/5747/files/WP4159P_0.png?v=1790633784,https://thearmypainter.com/products/warpaints-historical-historical-light-mustard-khaki-wp4159p,https://thearmypainter.com/products/warpaints-historical-historical-light-mustard-khaki-wp4159p,published;check_digit_valid,paint,5713799415904,Volume not established from listing.,2026-10-02
Army Painter,Warpaints Historical,Historical: Light Soviet Khaki,WP4125,,,,5713799412507,5713799412507,EAN-13,https://cdn.shopify.com/s/files/1/0781/9850/5747/files/WP4125P_0.png?v=1782512168,https://thearmypainter.com/products/warpaints-historical-historical-light-soviet-khaki-wp4125p,https://thearmypainter.com/products/warpaints-historical-historical-light-soviet-khaki-wp4125p,published;check_digit_valid,paint,5713799412507,Volume not established from listing.,2026-10-02
Army Painter,Warpaints Historical,Historical: Matt Black,WP4020,,,,5713799402003,5713799402003,EAN-13,https://cdn.shopify.com/s/files/1/0781/9850/5747/files/WP4020P_0.png?v=1755856424,https://thearmypainter.com/products/warpaints-historical-historical-matt-black-wp4020p,https://thearmypainter.com/products/warpaints-historical-historical-matt-black-wp4020p,published;check_digit_valid,paint,5713799402003,Volume not established from listing.,2026-10-02
Army Painter,Warpaints Historical,Historical: Matt White,WP4021,,,,5713799402102,5713799402102,EAN-13,https://cdn.shopify.com/s/files/1/0781/9850/5747/files/WP4021P_0.png?v=1755856424,https://thearmypainter.com/products/warpaints-historical-historical-matt-white-wp4021p,https://thearmypainter.com/products/warpaints-historical-historical-matt-white-wp4021p,published;check_digit_valid,paint,5713799402102,Volume not established from listing.,2026-10-02
Army Painter,Warpaints Historical,Historical: Medium Drab,WP4022,,,,5713799402201,5713799402201,EAN-13,https://cdn.shopify.com/s/files/1/0781/9850/5747/files/WP4022P_0.png?v=1755856424,https://thearmypainter.com/products/warpaints-historical-historical-medium-drab-wp4022p,https://thearmypainter.com/products/warpaints-historical-historical-medium-drab-wp4022p,published;check_digit_valid,medium/auxiliary,5713799402201,Volume not established from listing.,2026-10-02
Army Painter,Warpaints Historical,Historical: Meisai Green,WP4164,,,,5713799416406,5713799416406,EAN-13,https://cdn.shopify.com/s/files/1/0781/9850/5747/files/WP4164P_0.png?v=1790633784,https://thearmypainter.com/products/warpaints-historical-historical-meisai-green-wp4164p,https://thearmypainter.com/products/warpaints-historical-historical-meisai-green-wp4164p,published;check_digit_valid,paint,5713799416406,Volume not established from listing.,2026-10-02
Army Painter,Warpaints Historical,Historical: Mid Battle Dress,WP4054,,,,5713799405400,5713799405400,EAN-13,https://cdn.shopify.com/s/files/1/0781/9850/5747/files/WP4054P_0.png?v=1755856425,https://thearmypainter.com/products/warpaints-historical-historical-mid-battle-dress-wp4054p,https://thearmypainter.com/products/warpaints-historical-historical-mid-battle-dress-wp4054p,published;check_digit_valid,paint,5713799405400,Volume not established from listing.,2026-10-02
Army Painter,Warpaints Historical,Historical: Mid DAK Green,WP4148,,,,5713799414808,5713799414808,EAN-13,https://cdn.shopify.com/s/files/1/0781/9850/5747/files/WP4148P_0.png?v=1790633774,https://thearmypainter.com/products/warpaints-historical-historical-mid-dak-green-wp4148p,https://thearmypainter.com/products/warpaints-historical-historical-mid-dak-green-wp4148p,published;check_digit_valid,paint,5713799414808,Volume not established from listing.,2026-10-02
Army Painter,Warpaints Historical,Historical: Mid DAK Sand,WP4145,,,,5713799414501,5713799414501,EAN-13,https://cdn.shopify.com/s/files/1/0781/9850/5747/files/WP4145P_0.png?v=1790633774,https://thearmypainter.com/products/warpaints-historical-historical-mid-dak-sand-wp4145p,https://thearmypainter.com/products/warpaints-historical-historical-mid-dak-sand-wp4145p,published;check_digit_valid,paint,5713799414501,Volume not established from listing.,2026-10-02
Army Painter,Warpaints Historical,Historical: Mid Feldgrau,WP4044,,,,5713799404403,5713799404403,EAN-13,https://cdn.shopify.com/s/files/1/0781/9850/5747/files/WP4044P_0.png?v=1755856425,https://thearmypainter.com/products/warpaints-historical-historical-mid-feldgrau-wp4044p,https://thearmypainter.com/products/warpaints-historical-historical-mid-feldgrau-wp4044p,published;check_digit_valid,paint,5713799404403,Volume not established from listing.,2026-10-02
Army Painter,Warpaints Historical,Historical: Mid Imperial Khaki,WP4155,,,,5713799415508,5713799415508,EAN-13,https://cdn.shopify.com/s/files/1/0781/9850/5747/files/WP4155P_0.png?v=1790633774,https://thearmypainter.com/products/warpaints-historical-historical-mid-imperial-khaki-wp4155p,https://thearmypainter.com/products/warpaints-historical-historical-mid-imperial-khaki-wp4155p,published;check_digit_valid,paint,5713799415508,Volume not established from listing.,2026-10-02
Army Painter,Warpaints Historical,Historical: Mid Khaki Drill,WP4135,,,,5713799413504,5713799413504,EAN-13,https://cdn.shopify.com/s/files/1/0781/9850/5747/files/WP4135P_0.png?v=1782512176,https://thearmypainter.com/products/warpaints-historical-historical-mid-khaki-drill-wp4135p,https://thearmypainter.com/products/warpaints-historical-historical-mid-khaki-drill-wp4135p,published;check_digit_valid,paint,5713799413504,Volume not established from listing.,2026-10-02
Army Painter,Warpaints Historical,Historical: Mid Mustard Khaki,WP4158,,,,5713799415805,5713799415805,EAN-13,https://cdn.shopify.com/s/files/1/0781/9850/5747/files/WP4158P_0.png?v=1790633784,https://thearmypainter.com/products/warpaints-historical-historical-mid-mustard-khaki-wp4158p,https://thearmypainter.com/products/warpaints-historical-historical-mid-mustard-khaki-wp4158p,published;check_digit_valid,paint,5713799415805,Volume not established from listing.,2026-10-02
Army Painter,Warpaints Historical,Historical: Mid Soviet Khaki,WP4124,,,,5713799412408,5713799412408,EAN-13,https://cdn.shopify.com/s/files/1/0781/9850/5747/files/WP4124P_0.png?v=1782512168,https://thearmypainter.com/products/warpaints-historical-historical-mid-soviet-khaki-wp4124p,https://thearmypainter.com/products/warpaints-historical-historical-mid-soviet-khaki-wp4124p,published;check_digit_valid,paint,5713799412408,Volume not established from listing.,2026-10-02
Army Painter,Warpaints Historical,Historical: Military Shade,WP4037,,,,5713799403703,5713799403703,EAN-13,https://cdn.shopify.com/s/files/1/0781/9850/5747/files/WP4037P_0.png?v=1755856424,https://thearmypainter.com/products/warpaints-historical-historical-military-shade-wp4037p,https://thearmypainter.com/products/warpaints-historical-historical-military-shade-wp4037p,published;check_digit_valid,paint,5713799403703,Volume not established from listing.,2026-10-02
Army Painter,Warpaints Historical,Historical: Mud Spatter,WP4057,,,,5713799405707,5713799405707,EAN-13,https://cdn.shopify.com/s/files/1/0781/9850/5747/files/WP4057P_0.png?v=1755856425,https://thearmypainter.com/products/warpaints-historical-historical-mud-spatter-wp4057p,https://thearmypainter.com/products/warpaints-historical-historical-mud-spatter-wp4057p,published;check_digit_valid,texture/effect,5713799405707,Volume not established from listing.,2026-10-02
Army Painter,Warpaints Historical,Historical: Navy Blue,WP4132,,,,5713799413207,5713799413207,EAN-13,https://cdn.shopify.com/s/files/1/0781/9850/5747/files/WP4132P_0.png?v=1782512176,https://thearmypainter.com/products/warpaints-historical-historical-navy-blue-wp4132p,https://thearmypainter.com/products/warpaints-historical-historical-navy-blue-wp4132p,published;check_digit_valid,paint,5713799413207,Volume not established from listing.,2026-10-02
Army Painter,Warpaints Historical,Historical: Paratrooper Tan,WP4027,,,,5713799402706,5713799402706,EAN-13,https://cdn.shopify.com/s/files/1/0781/9850/5747/files/WP4027P_0.png?v=1755856424,https://thearmypainter.com/products/warpaints-historical-historical-paratrooper-tan-wp4027p,https://thearmypainter.com/products/warpaints-historical-historical-paratrooper-tan-wp4027p,published;check_digit_valid,paint,5713799402706,Volume not established from listing.,2026-10-02
Army Painter,Warpaints Historical,Historical: Peachy Skin,WP4128,,,,5713799412804,5713799412804,EAN-13,https://cdn.shopify.com/s/files/1/0781/9850/5747/files/WP4128P_0.png?v=1782512169,https://thearmypainter.com/products/warpaints-historical-historical-peachy-skin-wp4128p,https://thearmypainter.com/products/warpaints-historical-historical-peachy-skin-wp4128p,published;check_digit_valid,paint,5713799412804,Volume not established from listing.,2026-10-02
Army Painter,Warpaints Historical,Historical: Raw Wool,WP4152,,,,5713799415201,5713799415201,EAN-13,https://cdn.shopify.com/s/files/1/0781/9850/5747/files/WP4152P_0.png?v=1790633774,https://thearmypainter.com/products/warpaints-historical-historical-raw-wool-wp4152p,https://thearmypainter.com/products/warpaints-historical-historical-raw-wool-wp4152p,published;check_digit_valid,paint,5713799415201,Volume not established from listing.,2026-10-02
Army Painter,Warpaints Historical,Historical: Rifle Brown,WP4031,,,,5713799403109,5713799403109,EAN-13,https://cdn.shopify.com/s/files/1/0781/9850/5747/files/WP4031P_0.png?v=1755856424,https://thearmypainter.com/products/warpaints-historical-historical-rifle-brown-wp4031p,https://thearmypainter.com/products/warpaints-historical-historical-rifle-brown-wp4031p,published;check_digit_valid,paint,5713799403109,Volume not established from listing.,2026-10-02
Army Painter,Warpaints Historical,Historical: Rosy Skin,WP4035,,,,5713799403505,5713799403505,EAN-13,https://cdn.shopify.com/s/files/1/0781/9850/5747/files/WP4035P_0.png?v=1755856424,https://thearmypainter.com/products/warpaints-historical-historical-rosy-skin-wp4035p,https://thearmypainter.com/products/warpaints-historical-historical-rosy-skin-wp4035p,published;check_digit_valid,paint,5713799403505,Volume not established from listing.,2026-10-02
Army Painter,Warpaints Historical,Historical: Rust,WP4034,,,,5713799403406,5713799403406,EAN-13,https://cdn.shopify.com/s/files/1/0781/9850/5747/files/WP4034P_0.png?v=1755856425,https://thearmypainter.com/products/warpaints-historical-historical-rust-wp4034p,https://thearmypainter.com/products/warpaints-historical-historical-rust-wp4034p,published;check_digit_valid,paint,5713799403406,Volume not established from listing.,2026-10-02
Army Painter,Warpaints Historical,Historical: Schilf Green,WP4153,,,,5713799415300,5713799415300,EAN-13,https://cdn.shopify.com/s/files/1/0781/9850/5747/files/WP4153P_0.png?v=1790633774,https://thearmypainter.com/products/warpaints-historical-historical-schilf-green-wp4153p,https://thearmypainter.com/products/warpaints-historical-historical-schilf-green-wp4153p,published;check_digit_valid,paint,5713799415300,Volume not established from listing.,2026-10-02
Army Painter,Warpaints Historical,Historical: Senshi Skin,WP4162,,,,5713799416208,5713799416208,EAN-13,https://cdn.shopify.com/s/files/1/0781/9850/5747/files/WP4162P_0.png?v=1790633784,https://thearmypainter.com/products/warpaints-historical-historical-senshi-skin-wp4162p,https://thearmypainter.com/products/warpaints-historical-historical-senshi-skin-wp4162p,published;check_digit_valid,paint,5713799416208,Volume not established from listing.,2026-10-02
Army Painter,Warpaints Historical,Historical: Shin Gunto Gold,WP4166,,,,5713799416604,5713799416604,EAN-13,https://cdn.shopify.com/s/files/1/0781/9850/5747/files/WP4166P_0.png?v=1790600434,https://thearmypainter.com/products/warpaints-historical-historical-shin-gunto-gold-wp4166p,https://thearmypainter.com/products/warpaints-historical-historical-shin-gunto-gold-wp4166p,published;check_digit_valid,paint,5713799416604,Volume not established from listing.,2026-10-02
Army Painter,Warpaints Historical,Historical: Soft Tone,WP4143,,,,5713799414303,5713799414303,EAN-13,https://cdn.shopify.com/s/files/1/0781/9850/5747/files/WP4143P_0.png?v=1782512177,https://thearmypainter.com/products/warpaints-historical-historical-soft-tone-wp4143p,https://thearmypainter.com/products/warpaints-historical-historical-soft-tone-wp4143p,published;check_digit_valid,paint,5713799414303,Volume not established from listing.,2026-10-02
Army Painter,Warpaints Historical,Historical: Steel,WP4038,,,,5713799403802,5713799403802,EAN-13,https://cdn.shopify.com/s/files/1/0781/9850/5747/files/WP4038P_0.png?v=1755856424,https://thearmypainter.com/products/warpaints-historical-historical-steel-wp4038p,https://thearmypainter.com/products/warpaints-historical-historical-steel-wp4038p,published;check_digit_valid,paint,5713799403802,Volume not established from listing.,2026-10-02
Army Painter,Warpaints Historical,Historical: Steel Helmet Green,WP4127,,,,5713799412705,5713799412705,EAN-13,https://cdn.shopify.com/s/files/1/0781/9850/5747/files/WP4127P_0.png?v=1782512169,https://thearmypainter.com/products/warpaints-historical-historical-steel-helmet-green-wp4127p,https://thearmypainter.com/products/warpaints-historical-historical-steel-helmet-green-wp4127p,published;check_digit_valid,paint,5713799412705,Volume not established from listing.,2026-10-02
Army Painter,Warpaints Historical,Historical: Stone Grey,WP4138,,,,5713799413801,5713799413801,EAN-13,https://cdn.shopify.com/s/files/1/0781/9850/5747/files/WP4138P_0.png?v=1782512176,https://thearmypainter.com/products/warpaints-historical-historical-stone-grey-wp4138p,https://thearmypainter.com/products/warpaints-historical-historical-stone-grey-wp4138p,published;check_digit_valid,paint,5713799413801,Volume not established from listing.,2026-10-02
Army Painter,Warpaints Historical,Historical: Strap Grey,WP4048,,,,5713799404809,5713799404809,EAN-13,https://cdn.shopify.com/s/files/1/0781/9850/5747/files/WP4048P_0.png?v=1755856425,https://thearmypainter.com/products/warpaints-historical-historical-strap-grey-wp4048p,https://thearmypainter.com/products/warpaints-historical-historical-strap-grey-wp4048p,published;check_digit_valid,paint,5713799404809,Volume not established from listing.,2026-10-02
Army Painter,Warpaints Historical,Historical: Tanker Grey,WP4047,,,,5713799404700,5713799404700,EAN-13,https://cdn.shopify.com/s/files/1/0781/9850/5747/files/WP4047P_0.png?v=1755856425,https://thearmypainter.com/products/warpaints-historical-historical-tanker-grey-wp4047p,https://thearmypainter.com/products/warpaints-historical-historical-tanker-grey-wp4047p,published;check_digit_valid,paint,5713799404700,Volume not established from listing.,2026-10-02
Army Painter,Warpaints Historical,Historical: Tanned Skin,WP4142,,,,5713799414204,5713799414204,EAN-13,https://cdn.shopify.com/s/files/1/0781/9850/5747/files/WP4142P_0.png?v=1782512176,https://thearmypainter.com/products/warpaints-historical-historical-tanned-skin-wp4142p,https://thearmypainter.com/products/warpaints-historical-historical-tanned-skin-wp4142p,published;check_digit_valid,paint,5713799414204,Volume not established from listing.,2026-10-02
Army Painter,Warpaints Historical,Historical: Telogreika Ochre,WP4129,,,,5713799412903,5713799412903,EAN-13,https://cdn.shopify.com/s/files/1/0781/9850/5747/files/WP4129P_0.png?v=1782512176,https://thearmypainter.com/products/warpaints-historical-historical-telogreika-ochre-wp4129p,https://thearmypainter.com/products/warpaints-historical-historical-telogreika-ochre-wp4129p,published;check_digit_valid,paint,5713799412903,Volume not established from listing.,2026-10-02
Army Painter,Warpaints Historical,Historical: Warm Skin Tone,WP4039,,,,5713799403901,5713799403901,EAN-13,https://cdn.shopify.com/s/files/1/0781/9850/5747/files/WP4039P_0.png?v=1755856425,https://thearmypainter.com/products/warpaints-historical-historical-warm-skin-tone-wp4039p,https://thearmypainter.com/products/warpaints-historical-historical-warm-skin-tone-wp4039p,published;check_digit_valid,paint,5713799403901,Volume not established from listing.,2026-10-02
Army Painter,Warpaints Historical,Historical: Weathered Skin,WP4046,,,,5713799404601,5713799404601,EAN-13,https://cdn.shopify.com/s/files/1/0781/9850/5747/files/WP4046P_0.png?v=1755856424,https://thearmypainter.com/products/warpaints-historical-historical-weathered-skin-wp4046p,https://thearmypainter.com/products/warpaints-historical-historical-weathered-skin-wp4046p,published;check_digit_valid,paint,5713799404601,Volume not established from listing.,2026-10-02
Army Painter,Warpaints Historical,Historical: Webbing Green,WP4053,,,,5713799405301,5713799405301,EAN-13,https://cdn.shopify.com/s/files/1/0781/9850/5747/files/WP4053P_0.png?v=1755856424,https://thearmypainter.com/products/warpaints-historical-historical-webbing-green-wp4053p,https://thearmypainter.com/products/warpaints-historical-historical-webbing-green-wp4053p,published;check_digit_valid,paint,5713799405301,Volume not established from listing.,2026-10-02
Army Painter,Warpaints Historical,Historical: Webbing Khaki,WP4056,,,,5713799405608,5713799405608,EAN-13,https://cdn.shopify.com/s/files/1/0781/9850/5747/files/WP4056P_0.png?v=1755856425,https://thearmypainter.com/products/warpaints-historical-historical-webbing-khaki-wp4056p,https://thearmypainter.com/products/warpaints-historical-historical-webbing-khaki-wp4056p,published;check_digit_valid,paint,5713799405608,Volume not established from listing.,2026-10-02
Army Painter,Warpaints Historical,Historical: Yellow Ochre,WP4133,,,,5713799413306,5713799413306,EAN-13,https://cdn.shopify.com/s/files/1/0781/9850/5747/files/WP4133P_0.png?v=1782512176,https://thearmypainter.com/products/warpaints-historical-historical-ochre-yellow-wp4133p,https://thearmypainter.com/products/warpaints-historical-historical-ochre-yellow-wp4133p,published;check_digit_valid,paint,5713799413306,Volume not established from listing.,2026-10-02
Citadel,Air,AIR: Abaddon Black,28-15,,,,5011921182848,5011921182848,EAN-13,https://cdn.shopify.com/s/files/1/0700/0621/0796/files/gamers-guild-az-citadel-citadel-paint-air-abaddon-black-24ml-games-workshop-30691480666317.png?v=1780171216,https://shop.millenniumgames.com/products/air-abaddon-black-gaw28-15,https://shop.millenniumgames.com/products/air-abaddon-black-gaw28-15,published;check_digit_valid,paint,5011921182848,Volume not established from listing.,2026-10-02
Citadel,Air,AIR: Administratum Grey,28-44,,,,5011921115747,5011921115747,EAN-13,https://cdn.shopify.com/s/files/1/0700/0621/0796/files/administratum-grey-air-24ml-paint-citadel.png?v=1780171236,https://shop.millenniumgames.com/products/air-administratum-grey-gaw28-44,https://shop.millenniumgames.com/products/air-administratum-grey-gaw28-44,published;check_digit_valid,paint,5011921115747,Volume not established from listing.,2026-10-02
Citadel,Air,AIR: Air Caste Thinner,28-34,,,,5011921115648,5011921115648,EAN-13,https://cdn.shopify.com/s/files/1/0700/0621/0796/files/https-tradegames-workshopcom-assets-2019-06-air-ai_80b5932a-c47a-499c-acec-26fdbc785984.png?v=1780171293,https://shop.millenniumgames.com/products/air-air-caste-thinner-gaw28-34,https://shop.millenniumgames.com/products/air-air-caste-thinner-gaw28-34,published;check_digit_valid,medium/auxiliary,5011921115648,Volume not established from listing.,2026-10-02
Citadel,Air,AIR: Averland Sunset,28-01,,,,5011921064090,5011921064090,EAN-13,https://cdn.shopify.com/s/files/1/0700/0621/0796/files/averland-sunset-air-24ml-paint-citadel.png?v=1780171289,https://shop.millenniumgames.com/products/air-averland-sunset-gaw28-01,https://shop.millenniumgames.com/products/air-averland-sunset-gaw28-01,published;check_digit_valid,paint,5011921064090,Volume not established from listing.,2026-10-02
Citadel,Air,AIR: Balthasar Gold,28-17,,,,5011921115464,5011921115464,EAN-13,https://cdn.shopify.com/s/files/1/0700/0621/0796/files/https-tradegames-workshopcom-assets-2019-06-air-ba_2e456b16-4607-4757-89ca-aa39d5888eb6.png?v=1780171281,https://shop.millenniumgames.com/products/air-balthasar-gold-gaw28-17,https://shop.millenniumgames.com/products/air-balthasar-gold-gaw28-17,published;check_digit_valid,paint,5011921115464,Volume not established from listing.,2026-10-02
Citadel,Air,AIR: Baneblade Brown,28-42,,,,5011921115723,5011921115723,EAN-13,https://cdn.shopify.com/s/files/1/0700/0621/0796/files/https-tradegames-workshopcom-assets-2019-06-air-ba_d41f3b8b-7c09-46a8-a044-572397fb9f3f.png?v=1780171238,https://shop.millenniumgames.com/products/air-baneblade-brown-gaw28-42,https://shop.millenniumgames.com/products/air-baneblade-brown-gaw28-42,published;check_digit_valid,paint,5011921115723,Volume not established from listing.,2026-10-02
Citadel,Air,AIR: Caliban Green,28-07,,,,5011921182763,5011921182763,EAN-13,https://cdn.shopify.com/s/files/1/0700/0621/0796/files/gamers-guild-az-citadel-citadel-paint-air-caliban-green-24ml-games-workshop-30691481125069.jpg?v=1780171240,https://shop.millenniumgames.com/products/air-caliban-green-gaw28-07,https://shop.millenniumgames.com/products/air-caliban-green-gaw28-07,published;check_digit_valid,paint,5011921182763,Volume not established from listing.,2026-10-02
Citadel,Air,AIR: Dawnstone,28-43,,,,5011921115730,5011921115730,EAN-13,https://cdn.shopify.com/s/files/1/0700/0621/0796/files/dawnstone-air-24ml-paint-citadel.png?v=1780171243,https://shop.millenniumgames.com/products/air-dawnstone-gaw28-43,https://shop.millenniumgames.com/products/air-dawnstone-gaw28-43,published;check_digit_valid,paint,5011921115730,Volume not established from listing.,2026-10-02
Citadel,Air,AIR: Deathworld Forest,28-09,,,,5011921182787,5011921182787,EAN-13,https://cdn.shopify.com/s/files/1/0700/0621/0796/files/gamers-guild-az-citadel-citadel-paint-air-deathworld-forest-24ml-games-workshop-30691471950029.jpg?v=1780171290,https://shop.millenniumgames.com/products/air-deathworld-forest-gaw28-09,https://shop.millenniumgames.com/products/air-deathworld-forest-gaw28-09,published;check_digit_valid,paint,5011921182787,Volume not established from listing.,2026-10-02
Citadel,Air,AIR: Elysian Green,28-31,,,,5011921115617,5011921115617,EAN-13,https://cdn.shopify.com/s/files/1/0700/0621/0796/files/https-tradegames-workshopcom-assets-2019-06-air-el_3c2e534b-5d26-4228-a44a-269b9f4efb19.png?v=1780171245,https://shop.millenniumgames.com/products/air-elysian-green-gaw28-31,https://shop.millenniumgames.com/products/air-elysian-green-gaw28-31,published;check_digit_valid,paint,5011921115617,Volume not established from listing.,2026-10-02
Citadel,Air,AIR: Evil Sunz Scarlet,28-22,,,,5011921115532,5011921115532,EAN-13,https://cdn.shopify.com/s/files/1/0700/0621/0796/files/evil-sunz-scarlet-air-24ml-paint-citadel.png?v=1780171269,https://shop.millenniumgames.com/products/air-evil-sunz-scarlet-gaw28-22,https://shop.millenniumgames.com/products/air-evil-sunz-scarlet-gaw28-22,published;check_digit_valid,paint,5011921115532,Volume not established from listing.,2026-10-02
Citadel,Air,AIR: Kantor Blue,28-04,,,,5011921115334,5011921115334,EAN-13,https://cdn.shopify.com/s/files/1/0700/0621/0796/files/kantor-blue-air-24ml-paint-citadel.png?v=1780171212,https://shop.millenniumgames.com/products/air-kantor-blue-gaw28-04,https://shop.millenniumgames.com/products/air-kantor-blue-gaw28-04,published;check_digit_valid,paint,5011921115334,Volume not established from listing.,2026-10-02
Citadel,Air,AIR: Khorne Red,28-03,,,,5011921182640,5011921182640,EAN-13,https://cdn.shopify.com/s/files/1/0700/0621/0796/files/gamers-guild-az-citadel-citadel-paint-air-khorne-red-24ml-games-workshop-30691714400461.jpg?v=1780171224,https://shop.millenniumgames.com/products/air-khorne-red-gaw28-03,https://shop.millenniumgames.com/products/air-khorne-red-gaw28-03,published;check_digit_valid,paint,5011921182640,Volume not established from listing.,2026-10-02
Citadel,Air,AIR: Kislev Flesh,28-37,,,,5011921115679,5011921115679,EAN-13,https://cdn.shopify.com/s/files/1/0700/0621/0796/files/kislev-flesh-air-24ml-paint-citadel.png?v=1780171248,https://shop.millenniumgames.com/products/air-kislev-flesh-gaw28-37,https://shop.millenniumgames.com/products/air-kislev-flesh-gaw28-37,published;check_digit_valid,paint,5011921115679,Volume not established from listing.,2026-10-02
Citadel,Air,AIR: Lothern Blue,28-25,,,,5011921115563,5011921115563,EAN-13,https://cdn.shopify.com/s/files/1/0700/0621/0796/files/lothern-blue-air-24ml-paint-citadel.png?v=1780171252,https://shop.millenniumgames.com/products/air-lothern-blue-gaw28-25,https://shop.millenniumgames.com/products/air-lothern-blue-gaw28-25,published;check_digit_valid,paint,5011921115563,Volume not established from listing.,2026-10-02
Citadel,Air,AIR: Mephiston Red,28-02,,,,5011921115310,5011921115310,EAN-13,https://cdn.shopify.com/s/files/1/0700/0621/0796/files/https-tradegames-workshopcom-assets-2019-06-air-me_42244e13-d062-472c-9553-e56f626b37bc.png?v=1780171285,https://shop.millenniumgames.com/products/air-mephiston-red-gaw28-02,https://shop.millenniumgames.com/products/air-mephiston-red-gaw28-02,published;check_digit_valid,paint,5011921115310,Volume not established from listing.,2026-10-02
Citadel,Air,AIR: Moot Green,28-28,,,,5011921115594,5011921115594,EAN-13,https://cdn.shopify.com/s/files/1/0700/0621/0796/files/moot-green-air-24ml-paint-citadel.png?v=1780171255,https://shop.millenniumgames.com/products/air-moot-green-gaw28-28,https://shop.millenniumgames.com/products/air-moot-green-gaw28-28,published;check_digit_valid,paint,5011921115594,Volume not established from listing.,2026-10-02
Citadel,Air,AIR: Ogryn Camo,28-32,,,,5011921115624,5011921115624,EAN-13,https://cdn.shopify.com/s/files/1/0700/0621/0796/files/https-tradegames-workshopcom-assets-2019-06-air-og_ba17ba65-35ce-47e4-8d78-ab3a2b243655.png?v=1780171272,https://shop.millenniumgames.com/products/air-ogryn-camo-gaw28-32,https://shop.millenniumgames.com/products/air-ogryn-camo-gaw28-32,published;check_digit_valid,paint,5011921115624,Volume not established from listing.,2026-10-02
Citadel,Air,AIR: Runefang Steel,28-48,,,,5011921115785,5011921115785,EAN-13,https://cdn.shopify.com/s/files/1/0700/0621/0796/files/https-tradegames-workshopcom-assets-2019-06-air-ru_cc767847-ef3d-45e3-981f-9c907e21a740.png?v=1780171258,https://shop.millenniumgames.com/products/air-runefang-steel-gaw28-48,https://shop.millenniumgames.com/products/air-runefang-steel-gaw28-48,published;check_digit_valid,paint,5011921115785,Volume not established from listing.,2026-10-02
Citadel,Air,AIR: Russ Grey,28-50,,,,5011921115808,5011921115808,EAN-13,https://cdn.shopify.com/s/files/1/0700/0621/0796/files/russ-grey-air-24ml-paint-citadel.png?v=1780171261,https://shop.millenniumgames.com/products/air-russ-grey-gaw28-50,https://shop.millenniumgames.com/products/air-russ-grey-gaw28-50,published;check_digit_valid,paint,5011921115808,Volume not established from listing.,2026-10-02
Citadel,Air,AIR: The Fang,28-19,,,,5011921182886,5011921182886,EAN-13,https://cdn.shopify.com/s/files/1/0700/0621/0796/files/gamers-guild-az-citadel-citadel-paint-air-the-fang-24ml-games-workshop-30691705553101.jpg?v=1780171217,https://shop.millenniumgames.com/products/air-the-fang-gaw28-19,https://shop.millenniumgames.com/products/air-the-fang-gaw28-19,published;check_digit_valid,paint,5011921182886,Volume not established from listing.,2026-10-02
Citadel,Air,AIR: Typhon Ash,28-68,,,,5011921118113,5011921118113,EAN-13,https://cdn.shopify.com/s/files/1/0700/0621/0796/files/https-tradegames-workshopcom-assets-2019-06-air-ty_5cb8262b-d893-4357-81d1-e4f5bba27900.png?v=1780171221,https://shop.millenniumgames.com/products/air-typhon-ash-gaw28-68,https://shop.millenniumgames.com/products/air-typhon-ash-gaw28-68,published;check_digit_valid,paint,5011921118113,Volume not established from listing.,2026-10-02
Citadel,Air,AIR: Ushabti Bone,28-33,,,,5011921115631,5011921115631,EAN-13,https://cdn.shopify.com/s/files/1/0700/0621/0796/files/ushabti-bone-air-24ml-paint-citadel.png?v=1780171267,https://shop.millenniumgames.com/products/air-ushabti-bone-gaw28-33,https://shop.millenniumgames.com/products/air-ushabti-bone-gaw28-33,published;check_digit_valid,paint,5011921115631,Volume not established from listing.,2026-10-02
Citadel,Air,AIR: White Scar,28-46,,,,5011921183371,5011921183371,EAN-13,https://cdn.shopify.com/s/files/1/0700/0621/0796/files/gamers-guild-az-citadel-citadel-paint-air-white-scar-24ml-games-workshop-30692163256525.jpg?v=1780171277,https://shop.millenniumgames.com/products/air-white-scar-gaw28-46,https://shop.millenniumgames.com/products/air-white-scar-gaw28-46,published;check_digit_valid,paint,5011921183371,Volume not established from listing.,2026-10-02
Citadel,Air,AIR: Zandri Dust,28-10,,,,5011921115396,5011921115396,EAN-13,https://cdn.shopify.com/s/files/1/0700/0621/0796/files/https-tradegames-workshopcom-assets-2019-06-air-za_89e8c754-2059-4eff-b2d5-bd6ebbf09388.png?v=1780171234,https://shop.millenniumgames.com/products/air-zandri-dust-gaw28-10,https://shop.millenniumgames.com/products/air-zandri-dust-gaw28-10,published;check_digit_valid,paint,5011921115396,Volume not established from listing.,2026-10-02
Citadel,Air,Angron Red Clear,28-55,,,,5011921183463,5011921183463,EAN-13,https://cdn.shopify.com/s/files/1/0700/0621/0796/files/gamers-guild-az-citadel-citadel-paint-air-angron-red-clear-24ml-games-workshop-30691472015565.jpg?v=1780171227,https://shop.millenniumgames.com/products/angron-red-clear-gaw28-55,https://shop.millenniumgames.com/products/angron-red-clear-gaw28-55,published;check_digit_valid,paint,5011921183463,Volume not established from listing.,2026-10-02
Citadel,Air,Calth Blue Clear,28-56,,,,5011921117291,5011921117291,EAN-13,https://cdn.shopify.com/s/files/1/0700/0621/0796/files/calth-blue-clear-air-24ml-paint-citadel.png?v=1780171230,https://shop.millenniumgames.com/products/calth-blue-clear-gaw28-56,https://shop.millenniumgames.com/products/calth-blue-clear-gaw28-56,published;check_digit_valid,paint,5011921117291,Volume not established from listing.,2026-10-02
Citadel,Air,Citadel Air: Castellan Green,28-08,,,,5011921115372,5011921115372,EAN-13,https://cdn.shopify.com/s/files/1/0700/0621/0796/files/99189958215_56189958215_AIR_CASTELLAN_GREEN_24ML.jpg?v=1782223363,https://shop.millenniumgames.com/products/citadel-air-castellan-green,https://shop.millenniumgames.com/products/citadel-air-castellan-green,published;check_digit_valid,paint,5011921115372,Volume not established from listing.,2026-10-02
Citadel,Air,Citadel Air: Corvus Black,28-66,,,,5011921117390,5011921117390,EAN-13,https://cdn.shopify.com/s/files/1/0700/0621/0796/files/99189958250_56189958250_AIR_CORVUS_BLACK_24ML.jpg?v=1782223354,https://shop.millenniumgames.com/products/citadel-air-corvus-black,https://shop.millenniumgames.com/products/citadel-air-corvus-black,published;check_digit_valid,paint,5011921117390,Volume not established from listing.,2026-10-02
Citadel,Air,Citadel Air: Fenrisian Grey,28-51,,,,5011921116584,5011921116584,EAN-13,https://cdn.shopify.com/s/files/1/0700/0621/0796/files/99189958243_56189958243_AIR_FENRISIAN_GREY_24ML.jpg?v=1782223393,https://shop.millenniumgames.com/products/citadel-air-fenrisian-grey,https://shop.millenniumgames.com/products/citadel-air-fenrisian-grey,published;check_digit_valid,paint,5011921116584,Volume not established from listing.,2026-10-02
Citadel,Air,Citadel Air: Flash Gitz Yellow,28-20,,,,5011921115518,5011921115518,EAN-13,https://cdn.shopify.com/s/files/1/0700/0621/0796/files/99189958224_56189958224_AIR_FLASH_GITZ_YELLOW_24ML.jpg?v=1782223603,https://shop.millenniumgames.com/products/citadel-air-flash-gitz-yellow,https://shop.millenniumgames.com/products/citadel-air-flash-gitz-yellow,published;check_digit_valid,paint,5011921115518,Volume not established from listing.,2026-10-02
Citadel,Air,Citadel Air: Macragge Blue,28-05,,,,5011921115341,5011921115341,EAN-13,https://cdn.shopify.com/s/files/1/0700/0621/0796/files/99189958213_56189958213_AIR_MACRAGGE_BLUE_24ML.jpg?v=1782223359,https://shop.millenniumgames.com/products/citadel-air-macragge-blue,https://shop.millenniumgames.com/products/citadel-air-macragge-blue,published;check_digit_valid,paint,5011921115341,Volume not established from listing.,2026-10-02
Citadel,Air,Citadel Air: Mournfang Brown,28-11,,,,5011921115402,5011921115402,EAN-13,https://cdn.shopify.com/s/files/1/0700/0621/0796/files/99189958218_56189958218_AIR_MOURNFANG_BROWN_24ML.jpg?v=1782223599,https://shop.millenniumgames.com/products/citadel-air-mournfang-brown,https://shop.millenniumgames.com/products/citadel-air-mournfang-brown,published;check_digit_valid,paint,5011921115402,Volume not established from listing.,2026-10-02
Citadel,Air,Citadel Air: Phoenician Purple,28-60,,,,5011921117338,5011921117338,EAN-13,https://cdn.shopify.com/s/files/1/0700/0621/0796/files/99189958248_56189958248_AIR_PHOENICIAN_PURPLE_24ML.jpg?v=1782223410,https://shop.millenniumgames.com/products/citadel-air-phoenician-purple,https://shop.millenniumgames.com/products/citadel-air-phoenician-purple,published;check_digit_valid,paint,5011921117338,Volume not established from listing.,2026-10-02
Citadel,Air,Citadel Air: Temple Guard Blue,28-26,,,,5011921182961,5011921182961,EAN-13,https://cdn.shopify.com/s/files/1/0700/0621/0796/files/99189958228_56189958228_AIR_TEMPLE_GUARD_BLUE_24ML.jpg?v=1782223396,https://shop.millenniumgames.com/products/citadel-air-temple-guard-blue,https://shop.millenniumgames.com/products/citadel-air-temple-guard-blue,published;check_digit_valid,paint,5011921182961,Volume not established from listing.,2026-10-02
Citadel,Air,Citadel Air: Ulthuan Grey,28-45,,,,5011921115754,5011921115754,EAN-13,https://cdn.shopify.com/s/files/1/0700/0621/0796/files/99189958239_56189958239_AIR_ULTHUAN_GREY_24ML.jpg?v=1782223484,https://shop.millenniumgames.com/products/citadel-air-ulthuan-grey,https://shop.millenniumgames.com/products/citadel-air-ulthuan-grey,published;check_digit_valid,paint,5011921115754,Volume not established from listing.,2026-10-02
Citadel,Air,Eidolon Purple Clear,28-58,,,,5011921117314,5011921117314,EAN-13,https://cdn.shopify.com/s/files/1/0700/0621/0796/files/https-tradegames-workshopcom-assets-2019-06-air-ei_fa0d6e8c-85bd-42be-91ae-efb2d60a46e4.png?v=1780171197,https://shop.millenniumgames.com/products/eidolon-purple-clear-gaw28-58,https://shop.millenniumgames.com/products/eidolon-purple-clear-gaw28-58,published;check_digit_valid,paint,5011921117314,Volume not established from listing.,2026-10-02
Citadel,Air,Grey Knights Steel,28-79,,,,5011921183807,5011921183807,EAN-13,https://cdn.shopify.com/s/files/1/0700/0621/0796/files/gamers-guild-az-citadel-citadel-paint-air-grey-knights-steel-24ml-games-workshop-30691498721485.jpg?v=1780171209,https://shop.millenniumgames.com/products/grey-knights-steel-gaw28-79,https://shop.millenniumgames.com/products/grey-knights-steel-gaw28-79,published;check_digit_valid,paint,5011921183807,Volume not established from listing.,2026-10-02
Citadel,Air,Mortarion Green,28-59,,,,5011921117321,5011921117321,EAN-13,https://cdn.shopify.com/s/files/1/0700/0621/0796/files/https-tradegames-workshopcom-assets-2019-06-air-mo_2984df3a-1ab2-4fdb-a9d1-17f3e74a228c.png?v=1780171194,https://shop.millenniumgames.com/products/mortarion-green-gaw28-59,https://shop.millenniumgames.com/products/mortarion-green-gaw28-59,published;check_digit_valid,paint,5011921117321,Volume not established from listing.,2026-10-02
Citadel,Air,Night Lords Blue,28-63,,,,5011921183548,5011921183548,EAN-13,https://cdn.shopify.com/s/files/1/0700/0621/0796/files/night-lords-blue-air-24ml-paint-citadel.png?v=1780171199,https://shop.millenniumgames.com/products/night-lords-blue-gaw28-63,https://shop.millenniumgames.com/products/night-lords-blue-gaw28-63,published;check_digit_valid,paint,5011921183548,Volume not established from listing.,2026-10-02
Citadel,Air,Phalanx Yellow Air,28-70,,,,5011921118120,5011921118120,EAN-13,https://cdn.shopify.com/s/files/1/0700/0621/0796/files/phalanx-yellow-air-24ml-paint-citadel.png?v=1780171202,https://shop.millenniumgames.com/products/phalanx-yellow-air-gaw28-70,https://shop.millenniumgames.com/products/phalanx-yellow-air-gaw28-70,published;check_digit_valid,paint,5011921118120,Volume not established from listing.,2026-10-02
Citadel,Air,Thallax Gold AIR,28-80,,,,5011921118205,5011921118205,EAN-13,https://cdn.shopify.com/s/files/1/0700/0621/0796/files/https-tradegames-workshopcom-assets-2019-06-air-th_dd7fe129-410a-4d4f-a401-e71a304495b4.png?v=1780171275,https://shop.millenniumgames.com/products/thallax-gold-air-gaw28-80,https://shop.millenniumgames.com/products/thallax-gold-air-gaw28-80,published;check_digit_valid,paint,5011921118205,Volume not established from listing.,2026-10-02
Citadel,Base,Barak-Nar Burgundy,21-49,,,,5011921188215,5011921188215,EAN-13,https://cdn.shopify.com/s/files/1/0700/0621/0796/files/https___trade.games-workshop.com_assets_2026_03_EP360-21-49-99189950312-BARAK-NARBURGUNDY12MLROW.jpg?v=1780171324,https://shop.millenniumgames.com/products/barak-nar-burgundy-gaw21-49,https://shop.millenniumgames.com/products/barak-nar-burgundy-gaw21-49,published;check_digit_valid,paint,5011921188215,Volume not established from listing.,2026-10-02
Citadel,Base,Bugman's Glow,21-18,,,,5011921234431,5011921234431,EAN-13,https://cdn.shopify.com/s/files/1/0700/0621/0796/files/gamers-guild-az-citadel-warhammer-colour-paint-base-bugman-s-glow-12ml-games-workshop-1234822615.webp?v=1780171300,https://shop.millenniumgames.com/products/bugmans-glow-gaw21-18,https://shop.millenniumgames.com/products/bugmans-glow-gaw21-18,published;check_digit_valid,paint,5011921234431,Volume not established from listing.,2026-10-02
Citadel,Base,Caliban Green,21-12,,,,5011921234370,5011921234370,EAN-13,https://cdn.shopify.com/s/files/1/0700/0621/0796/files/gamers-guild-az-citadel-warhammer-colour-paint-base-caliban-green-12ml-games-workshop-1230760665.jpg?v=1780171348,https://shop.millenniumgames.com/products/caliban-green-gaw21-12,https://shop.millenniumgames.com/products/caliban-green-gaw21-12,published;check_digit_valid,paint,5011921234370,Volume not established from listing.,2026-10-02
Citadel,Base,Castellan Green,21-14,,,,5011921234394,5011921234394,EAN-13,https://cdn.shopify.com/s/files/1/0700/0621/0796/files/gamers-guild-az-citadel-warhammer-colour-paint-base-castellan-green-12ml-games-workshop-1230760666.jpg?v=1780171357,https://shop.millenniumgames.com/products/castellan-green-gaw21-14,https://shop.millenniumgames.com/products/castellan-green-gaw21-14,published;check_digit_valid,paint,5011921234394,Volume not established from listing.,2026-10-02
Citadel,Base,Catachan Flesh,21-50,,,,5011921121113,5011921121113,EAN-13,https://cdn.shopify.com/s/files/1/0700/0621/0796/files/Base-Catachan-Flesh.png?v=1780171327,https://shop.millenniumgames.com/products/catachan-flesh-gaw21-50,https://shop.millenniumgames.com/products/catachan-flesh-gaw21-50,published;check_digit_valid,paint,5011921121113,Volume not established from listing.,2026-10-02
Citadel,Base,Citadel Base: Abaddon Black,21-25,,,,5011921187720,5011921187720,EAN-13,https://cdn.shopify.com/s/files/1/0700/0621/0796/files/99189950289_56189950289_BASE_ABADDON_BLACK_12ML_ALT.jpg?v=1782223517,https://shop.millenniumgames.com/products/citadel-base-abaddon-black,https://shop.millenniumgames.com/products/citadel-base-abaddon-black,published;check_digit_valid,paint,5011921187720,Volume not established from listing.,2026-10-02
Citadel,Base,Citadel Base: Averland Sunset,21-01,,,,5011921234264,5011921234264,EAN-13,https://cdn.shopify.com/s/files/1/0700/0621/0796/files/99189950265_56189950265_BASE_AVERLAND_SUNSET_12ML.jpg?v=1782223463,https://shop.millenniumgames.com/products/citadel-base-averland-sunset,https://shop.millenniumgames.com/products/citadel-base-averland-sunset,published;check_digit_valid,paint,5011921234264,Volume not established from listing.,2026-10-02
Citadel,Base,Citadel Base: Balthasar Gold,21-29,,,,5011921118816,5011921118816,EAN-13,https://cdn.shopify.com/s/files/1/0700/0621/0796/files/CIT21-29__36786.webp?v=1784316050,https://shop.millenniumgames.com/products/citadel-base-balthasar-gold,https://shop.millenniumgames.com/products/citadel-base-balthasar-gold,published;check_digit_valid,paint,5011921118816,Volume not established from listing.,2026-10-02
Citadel,Base,Citadel Base: Caledor Sky,21-09,,,,5011921026364,5011921026364,EAN-13,https://cdn.shopify.com/s/files/1/0700/0621/0796/files/99189950273_56189950273_BASE_CALEDOR_SKY_12ML.jpg?v=1782223414,https://shop.millenniumgames.com/products/citadel-base-caledor-sky,https://shop.millenniumgames.com/products/citadel-base-caledor-sky,published;check_digit_valid,paint,5011921026364,Volume not established from listing.,2026-10-02
Citadel,Base,Citadel Base: Celestra Grey,21-26,,,,5011921234509,5011921234509,EAN-13,https://cdn.shopify.com/s/files/1/0700/0621/0796/files/99189950290_56189950290_BASE_CELESTRA_GREY_12ML.jpg?v=1782223437,https://shop.millenniumgames.com/products/citadel-base-celestra-grey,https://shop.millenniumgames.com/products/citadel-base-celestra-grey,published;check_digit_valid,paint,5011921234509,Volume not established from listing.,2026-10-02
Citadel,Base,Citadel Base: Corax White,21-52,,,,5011921188253,5011921188253,EAN-13,https://cdn.shopify.com/s/files/1/0700/0621/0796/files/a6580c71-e34d-4c83-afcd-0988eef8219f_592x611_7e60ed80-ea40-44e0-a11e-bba7b109c6db.webp?v=1784065645,https://shop.millenniumgames.com/products/citadel-base-corax-white,https://shop.millenniumgames.com/products/citadel-base-corax-white,published;check_digit_valid,paint,5011921188253,Volume not established from listing.,2026-10-02
Citadel,Base,Citadel Base: Death Korps Drab,21-40,,,,5011921117512,5011921117512,EAN-13,https://cdn.shopify.com/s/files/1/0700/0621/0796/files/99189950302_56189950302_BASE_DEATH_KORPS_DRAB_12ML.jpg?v=1782223366,https://shop.millenniumgames.com/products/citadel-base-death-korps-drab,https://shop.millenniumgames.com/products/citadel-base-death-korps-drab,published;check_digit_valid,paint,5011921117512,Volume not established from listing.,2026-10-02
Citadel,Base,Citadel Base: Deathworld Forest,21-15,,12,,5011921234400,5011921234400,EAN-13,https://cdn.shopify.com/s/files/1/0700/0621/0796/files/1__49549.1754337514.png?v=1783085871,https://shop.millenniumgames.com/products/citadel-base-death-world-forest,https://shop.millenniumgames.com/products/citadel-base-death-world-forest,published;check_digit_valid,paint,5011921234400,,2026-10-02
Citadel,Base,Citadel Base: Ionrach Skin,21-38,,,,5011921234608,5011921234608,EAN-13,https://cdn.shopify.com/s/files/1/0700/0621/0796/files/99189950300_56189950300_BASE_IONRACH_SKIN_12ML.jpg?v=1782223429,https://shop.millenniumgames.com/products/citadel-base-ionrach-skin,https://shop.millenniumgames.com/products/citadel-base-ionrach-skin,published;check_digit_valid,paint,5011921234608,Volume not established from listing.,2026-10-02
Citadel,Base,Citadel Base: Iron Warriors,21-48,,,,5011921188208,5011921188208,EAN-13,https://cdn.shopify.com/s/files/1/0700/0621/0796/files/99189950311_56189950311_BASE_IRON_WARRIORS_12ML.jpg?v=1782223552,https://shop.millenniumgames.com/products/citadel-base-iron-warriors,https://valhallahobby.com/shop/product/citadel-base-iron-warriors-12ml/,published_alternate_source;check_digit_valid,paint,189950168061,Barcode obtained from alternate published listing. Original source barcode retained in source_barcode.,2026-10-02
Citadel,Base,Citadel Base: Khorne Red,21-04,,,,5011921185948,5011921185948,EAN-13,https://cdn.shopify.com/s/files/1/0700/0621/0796/files/99189950268_56189950268_BASE_KHORNE_RED_12ML.jpg?v=1782223511,https://shop.millenniumgames.com/products/citadel-base-khorne-red,https://shop.millenniumgames.com/products/citadel-base-khorne-red,published;check_digit_valid,paint,5011921185948,Volume not established from listing.,2026-10-02
Citadel,Base,Citadel Base: Leadbelcher,21-28,,,,5011921234523,5011921234523,EAN-13,https://cdn.shopify.com/s/files/1/0700/0621/0796/files/99189950292_56189950292_BASE_LEADBELCHER_12ML.jpg?v=1782223520,https://shop.millenniumgames.com/products/citadel-base-leadbelcher,https://shop.millenniumgames.com/products/citadel-base-leadbelcher,published;check_digit_valid,paint,5011921234523,Volume not established from listing.,2026-10-02
Citadel,Base,Citadel Base: Mechanicus Standard Grey,21-24,,,,5011921187713,5011921187713,EAN-13,https://cdn.shopify.com/s/files/1/0700/0621/0796/files/99189950288_56189950288_BASE_MECHANICUS_STANDARD_GREY_12ML.jpg?v=1782223515,https://shop.millenniumgames.com/products/citadel-base-mechanicus-standard-grey,https://shop.millenniumgames.com/products/citadel-base-mechanicus-standard-grey,published;check_digit_valid,paint,5011921187713,Volume not established from listing.,2026-10-02
Citadel,Base,Citadel Base: Mephiston Red,21-03,,,,5011921185931,5011921185931,EAN-13,https://cdn.shopify.com/s/files/1/0700/0621/0796/files/99189950267_56189950267_BASE_MEPHISTON_RED_12ML.jpg?v=1782223528,https://shop.millenniumgames.com/products/citadel-base-mephiston-red,https://shop.millenniumgames.com/products/citadel-base-mephiston-red,published;check_digit_valid,paint,5011921185931,Volume not established from listing.,2026-10-02
Citadel,Base,Citadel Base: Mournfang Brown,21-20,,,,5011921187140,5011921187140,EAN-13,https://cdn.shopify.com/s/files/1/0700/0621/0796/files/99189950284_56189950284_BASE_MOURNFANG_BROWN_12ML.jpg?v=1782223405,https://shop.millenniumgames.com/products/citadel-base-mournfang-brown,https://shop.millenniumgames.com/products/citadel-base-mournfang-brown,published;check_digit_valid,paint,5011921187140,Volume not established from listing.,2026-10-02
Citadel,Base,Citadel Base: Night Lords Blue,21-42,,,,5011921117536,5011921117536,EAN-13,https://cdn.shopify.com/s/files/1/0700/0621/0796/files/99189950304_56189950304_BASE_NIGHT_LORDS_BLUE_12ML.jpg?v=1782223369,https://shop.millenniumgames.com/products/citadel-base-night-lords-blue,https://shop.millenniumgames.com/products/citadel-base-night-lords-blue,published;check_digit_valid,paint,5011921117536,Volume not established from listing.,2026-10-02
Citadel,Base,Citadel Base: Phoenician Purple,21-39,,,,5011921117505,5011921117505,EAN-13,https://cdn.shopify.com/s/files/1/0700/0621/0796/files/https-tradegames-workshopcom-assets-2019-06-base-p_afdf4b4c-8bcb-4b4e-bfe2-72c3088b9535.png?v=1780171353,https://shop.millenniumgames.com/products/phoenician-purple-gaw21-39,https://shop.millenniumgames.com/products/phoenician-purple-gaw21-39,published;check_digit_valid,paint,5011921117505,Volume not established from listing.,2026-10-02
Citadel,Base,Citadel Base: Retributor Armour,21-35,,,,5011921058808,5011921058808,EAN-13,https://cdn.shopify.com/s/files/1/0700/0621/0796/files/99209999044_sprayRetributorArmour.svg?v=1782223531,https://shop.millenniumgames.com/products/retributor-armour,https://shop.millenniumgames.com/products/retributor-armour,published;check_digit_valid,paint,5011921058808,Volume not established from listing.,2026-10-02
Citadel,Base,Citadel Base: Rhinox Hide,21-22,,,,5011921187683,5011921187683,EAN-13,https://cdn.shopify.com/s/files/1/0700/0621/0796/files/99189950286_56189950286_BASE_RHINOX_HIDE_12ML.jpg?v=1782223508,https://shop.millenniumgames.com/products/citadel-base-rhinox-hide,https://shop.millenniumgames.com/products/citadel-base-rhinox-hide,published;check_digit_valid,paint,5011921187683,Volume not established from listing.,2026-10-02
Citadel,Base,Citadel Base: Screamer Pink,21-33,,,,5011921234561,5011921234561,EAN-13,https://cdn.shopify.com/s/files/1/0700/0621/0796/files/gamers-guild-az-citadel-warhammer-colour-paint-base-screamer-pink-12ml-games-workshop-1230760696.jpg?v=1780171338,https://shop.millenniumgames.com/products/screamer-pink-gaw21-33,https://shop.millenniumgames.com/products/screamer-pink-gaw21-33,published;check_digit_valid,paint,5011921234561,Volume not established from listing.,2026-10-02
Citadel,Base,Citadel Base: Thondia Brown,21-58,,,,5011921188314,5011921188314,EAN-13,https://cdn.shopify.com/s/files/1/0700/0621/0796/files/99189950321_56189950321_BASE_THONDIA_BROWN_12ML.jpg?v=1782223638,https://shop.millenniumgames.com/products/thondia-brown,https://www.philibertnet.com/en/base/98689-citadel-base-thondia-brown-12ml-5011921188314.html,published_alternate_source;check_digit_valid,paint,9918995020706,Barcode obtained from alternate published listing. Original source barcode retained in source_barcode.,2026-10-02
Citadel,Base,Citadel Base: Wraithbone,21-53,,,,5011921234714,5011921234714,EAN-13,https://cdn.shopify.com/s/files/1/0700/0621/0796/files/99189950316_56189950316_BASE_WRAITHBONE_12ML.jpg?v=1782223500,https://shop.millenniumgames.com/products/citadel-base-wraithbone,https://shop.millenniumgames.com/products/citadel-base-wraithbone,published;check_digit_valid,paint,5011921234714,Volume not established from listing.,2026-10-02
Citadel,Base,Citadel Base: Zandri Dust,21-16,,,,5011921026432,5011921026432,EAN-13,https://cdn.shopify.com/s/files/1/0700/0621/0796/files/99189950280_56189950280_BASE_ZANDRI_DUST_12ML.jpg?v=1782223504,https://shop.millenniumgames.com/products/citadel-base-zandri-dust,https://shop.millenniumgames.com/products/citadel-base-zandri-dust,published;check_digit_valid,paint,5011921026432,Volume not established from listing.,2026-10-02
Citadel,Base,Corvus Black,21-44,,,,5011921234639,5011921234639,EAN-13,https://cdn.shopify.com/s/files/1/0700/0621/0796/files/https-tradegames-workshopcom-assets-2019-06-base-c_460bf0bc-9440-476b-8f8e-f6322f727d59.png?v=1780171379,https://shop.millenniumgames.com/products/corvus-black-gaw21-44,https://shop.millenniumgames.com/products/corvus-black-gaw21-44,published;check_digit_valid,paint,5011921234639,Volume not established from listing.,2026-10-02
Citadel,Base,Daemonette Hide,21-06,,,,5011921234318,5011921234318,EAN-13,https://cdn.shopify.com/s/files/1/0700/0621/0796/files/https-tradegames-workshopcom-assets-2019-05-daemon_2d72156a-be96-43cb-aab5-a716339af8f9.png?v=1780171363,https://shop.millenniumgames.com/products/daemonette-hide-gaw21-06,https://shop.millenniumgames.com/products/daemonette-hide-gaw21-06,published;check_digit_valid,paint,5011921234318,Volume not established from listing.,2026-10-02
Citadel,Base,Death Guard Green,21-37,,,,5011921187829,5011921187829,EAN-13,https://cdn.shopify.com/s/files/1/0700/0621/0796/files/gw-21-37-1_65c63c10-e7d5-48e8-b242-374472bfa681.jpg?v=1780171331,https://shop.millenniumgames.com/products/death-guard-green-gaw21-37,https://shop.millenniumgames.com/products/death-guard-green-gaw21-37,published;check_digit_valid,paint,5011921187829,Volume not established from listing.,2026-10-02
Citadel,Base,Dryad Bark,21-23,,,,5011921187690,5011921187690,EAN-13,https://cdn.shopify.com/s/files/1/0700/0621/0796/files/gamers-guild-az-citadel-warhammer-colour-paint-base-dryad-bark-12ml-games-workshop-1230760674.jpg?v=1780171367,https://shop.millenniumgames.com/products/dryad-bark-gaw21-23,https://shop.millenniumgames.com/products/dryad-bark-gaw21-23,published;check_digit_valid,paint,5011921187690,Volume not established from listing.,2026-10-02
Citadel,Base,Gal Vorbak Red,21-41,,,,5011921117529,5011921117529,EAN-13,https://cdn.shopify.com/s/files/1/0700/0621/0796/files/https-tradegames-workshopcom-assets-2019-06-base-g_da6738d3-0500-4fc8-8abe-65031ebd6fe7.png?v=1780171315,https://shop.millenniumgames.com/products/gal-vorbak-red-gaw21-41,https://shop.millenniumgames.com/products/gal-vorbak-red-gaw21-41,published;check_digit_valid,paint,5011921117529,Volume not established from listing.,2026-10-02
Citadel,Base,Grey Knights Steel,21-47,,,,5011921188185,5011921188185,EAN-13,https://cdn.shopify.com/s/files/1/0700/0621/0796/files/https___trade.games-workshop.com_assets_2026_03_EP360-21-47-99189950309-GREYKNIGHTSSTEEL12MLROW.jpg?v=1780171322,https://shop.millenniumgames.com/products/grey-knights-steel-gaw21-47,https://shop.millenniumgames.com/products/grey-knights-steel-gaw21-47,published;check_digit_valid,paint,5011921188185,Volume not established from listing.,2026-10-02
Citadel,Base,Grey Seer,21-54,,,,5011921234721,5011921234721,EAN-13,https://cdn.shopify.com/s/files/1/0700/0621/0796/files/gamers-guild-az-citadel-warhammer-colour-paint-base-grey-seer-12ml-games-workshop-1230760675.jpg?v=1780171355,https://shop.millenniumgames.com/products/grey-seer-gaw21-54,https://shop.millenniumgames.com/products/grey-seer-gaw21-54,published;check_digit_valid,paint,5011921234721,Volume not established from listing.,2026-10-02
Citadel,Base,Hobgrot Hide,21-57,,,,5011921157617,5011921157617,EAN-13,https://cdn.shopify.com/s/files/1/0700/0621/0796/files/https-tradegames-workshopcom-assets-2021-06-991899_e0a4daac-bc21-411d-8328-6c406fbefc0b.jpg?v=1780171385,https://shop.millenniumgames.com/products/hobgrot-hide-gaw21-57,https://shop.millenniumgames.com/products/hobgrot-hide-gaw21-57,published;check_digit_valid,paint,5011921157617,Volume not established from listing.,2026-10-02
Citadel,Base,Incubi Darkness,21-11,,,,5011921234363,5011921234363,EAN-13,https://cdn.shopify.com/s/files/1/0700/0621/0796/files/gamers-guild-az-citadel-warhammer-colour-paint-base-incubi-darkness-12ml-games-workshop-1230760677.jpg?v=1780171365,https://shop.millenniumgames.com/products/incubi-darkness-gaw21-11,https://shop.millenniumgames.com/products/incubi-darkness-gaw21-11,published;check_digit_valid,paint,5011921234363,Volume not established from listing.,2026-10-02
Citadel,Base,Iron Hands Steel,21-46,,,,5011921117567,5011921117567,EAN-13,https://cdn.shopify.com/s/files/1/0700/0621/0796/files/https-tradegames-workshopcom-assets-2019-06-base-i_2d21ef53-fa21-4796-a909-8aedca63fd6c.png?v=1780171334,https://shop.millenniumgames.com/products/iron-hands-steel-gaw21-46,https://shop.millenniumgames.com/products/iron-hands-steel-gaw21-46,published;check_digit_valid,paint,5011921117567,Volume not established from listing.,2026-10-02
Citadel,Base,Jokaero Orange,21-02,,,,5011921026197,5011921026197,EAN-13,https://cdn.shopify.com/s/files/1/0700/0621/0796/files/https-tradegames-workshopcom-assets-2019-05-jokaer_0cec1030-f8c1-4e2a-acfb-c708db49a1be.png?v=1780171296,https://shop.millenniumgames.com/products/jokaero-orange-gaw21-02,https://shop.millenniumgames.com/products/jokaero-orange-gaw21-02,published;check_digit_valid,paint,5011921026197,Volume not established from listing.,2026-10-02
Citadel,Base,Kantor Blue,21-07,,,,5011921185979,5011921185979,EAN-13,https://cdn.shopify.com/s/files/1/0700/0621/0796/files/gamers-guild-az-citadel-warhammer-colour-paint-base-kantor-blue-12ml-games-workshop-1230760681.jpg?v=1780171340,https://shop.millenniumgames.com/products/kantor-blue-gaw21-07,https://shop.millenniumgames.com/products/kantor-blue-gaw21-07,published;check_digit_valid,paint,5011921185979,Volume not established from listing.,2026-10-02
Citadel,Base,Lupercal Green,21-45,,,,5011921188161,5011921188161,EAN-13,https://cdn.shopify.com/s/files/1/0700/0621/0796/files/lupercal-green-base-12ml-paint-citadel.png?v=1780171320,https://shop.millenniumgames.com/products/lupercal-green-gaw21-45,https://shop.millenniumgames.com/products/lupercal-green-gaw21-45,published;check_digit_valid,paint,5011921188161,Volume not established from listing.,2026-10-02
Citadel,Base,Macragge Blue,21-08,,,,5011921185986,5011921185986,EAN-13,https://cdn.shopify.com/s/files/1/0700/0621/0796/files/https___trade.games-workshop.com_assets_2026_03_BSF-21-08-99189950272-MACRAGGEBLUE12MLROW__1.jpg?v=1780171350,https://shop.millenniumgames.com/products/macragge-blue-gaw21-08,https://shop.millenniumgames.com/products/macragge-blue-gaw21-08,published;check_digit_valid,paint,5011921185986,Volume not established from listing.,2026-10-02
Citadel,Base,Morghast Bone,21-51,,,,5011921188239,5011921188239,EAN-13,https://cdn.shopify.com/s/files/1/0700/0621/0796/files/gamers-guild-az-citadel-citadel-paint-base-morghast-bone-12ml-games-workshop-30691695395021.jpg?v=1780171343,https://shop.millenniumgames.com/products/morghast-bone-gaw21-51,https://shop.millenniumgames.com/products/morghast-bone-gaw21-51,published;check_digit_valid,paint,5011921188239,Volume not established from listing.,2026-10-02
Citadel,Base,Naggaroth Night,21-05,,,,5011921234301,5011921234301,EAN-13,https://cdn.shopify.com/s/files/1/0700/0621/0796/files/gamers-guild-az-citadel-warhammer-colour-paint-base-naggaroth-night-12ml-games-workshop-1230760687.jpg?v=1780171369,https://shop.millenniumgames.com/products/naggaroth-night-gaw21-05,https://shop.millenniumgames.com/products/naggaroth-night-gaw21-05,published;check_digit_valid,paint,5011921234301,Volume not established from listing.,2026-10-02
Citadel,Base,Nocturne Green,21-43,,,,5011921188123,5011921188123,EAN-13,https://cdn.shopify.com/s/files/1/0700/0621/0796/files/nocturne-green-base-12ml-paint-citadel.png?v=1780171318,https://shop.millenniumgames.com/products/nocturne-green-gaw21-43,https://shop.millenniumgames.com/products/nocturne-green-gaw21-43,published;check_digit_valid,paint,5011921188123,Volume not established from listing.,2026-10-02
Citadel,Base,Orruk Flesh,21-56,,,,5011921234745,5011921234745,EAN-13,https://cdn.shopify.com/s/files/1/0700/0621/0796/files/https-tradegames-workshopcom-assets-2021-06-991899_c4241af0-f143-4b08-87c6-b92cc9784d14.jpg?v=1780171387,https://shop.millenniumgames.com/products/orruk-flesh-gaw21-56,https://shop.millenniumgames.com/products/orruk-flesh-gaw21-56,published;check_digit_valid,paint,5011921234745,Volume not established from listing.,2026-10-02
Citadel,Base,Rakarth Flesh,21-27,,,,5011921234516,5011921234516,EAN-13,https://cdn.shopify.com/s/files/1/0700/0621/0796/files/gamers-guild-az-citadel-warhammer-colour-paint-base-rakarth-flesh-12ml-games-workshop-1230760690.jpg?v=1780171374,https://shop.millenniumgames.com/products/rakarth-flesh-gaw21-27,https://shop.millenniumgames.com/products/rakarth-flesh-gaw21-27,published;check_digit_valid,paint,5011921234516,Volume not established from listing.,2026-10-02
Citadel,Base,Ratskin Flesh,21-19,,,,5011921026463,5011921026463,EAN-13,https://cdn.shopify.com/s/files/1/0700/0621/0796/files/https-tradegames-workshopcom-assets-2019-05-ratski_7ceb723f-d941-4e04-84ac-b69ad1c5b277.png?v=1780171307,https://shop.millenniumgames.com/products/ratskin-flesh-gaw21-19,https://shop.millenniumgames.com/products/ratskin-flesh-gaw21-19,published;check_digit_valid,paint,5011921026463,Volume not established from listing.,2026-10-02
Citadel,Base,Runelord Brass,21-55,,,,5011921188284,5011921188284,EAN-13,https://cdn.shopify.com/s/files/1/0700/0621/0796/files/https___trade.games-workshop.com_assets_2026_03_EP210-21-55-99189950318-RUNELORDBRASS12MLROW.jpg?v=1780171382,https://shop.millenniumgames.com/products/runelord-brass-gaw21-55,https://shop.millenniumgames.com/products/runelord-brass-gaw21-55,published;check_digit_valid,paint,5011921188284,Volume not established from listing.,2026-10-02
Citadel,Base,Screaming Bell,21-30,,,,5011921187768,5011921187768,EAN-13,https://cdn.shopify.com/s/files/1/0700/0621/0796/files/citadel-base-screaming-bell-12ml.jpg?v=1780171376,https://shop.millenniumgames.com/products/screaming-bell-gaw21-30,https://shop.millenniumgames.com/products/screaming-bell-gaw21-30,published;check_digit_valid,paint,5011921187768,Volume not established from listing.,2026-10-02
Citadel,Base,Steel Legion Drab,21-17,,,,5011921187119,5011921187119,EAN-13,https://cdn.shopify.com/s/files/1/0700/0621/0796/files/gamers-guild-az-citadel-warhammer-colour-paint-base-steel-legion-drab-12ml-games-workshop-1230760697.jpg?v=1780171312,https://shop.millenniumgames.com/products/steel-legion-drab-gaw21-17,https://shop.millenniumgames.com/products/steel-legion-drab-gaw21-17,published;check_digit_valid,paint,5011921187119,Volume not established from listing.,2026-10-02
Citadel,Base,Stegadon Scale Green,21-10,,,,5011921186013,5011921186013,EAN-13,https://cdn.shopify.com/s/files/1/0700/0621/0796/files/https-tradegames-workshopcom-assets-2019-05-stegad_8d5f32c2-9249-44e9-98d2-bc024303163b.png?v=1780171371,https://shop.millenniumgames.com/products/stegadon-scale-green-gaw21-10,https://shop.millenniumgames.com/products/stegadon-scale-green-gaw21-10,published;check_digit_valid,paint,5011921186013,Volume not established from listing.,2026-10-02
Citadel,Base,The Fang,21-32,,,,5011921187782,5011921187782,EAN-13,https://cdn.shopify.com/s/files/1/0700/0621/0796/files/https___trade.games-workshop.com_assets_2026_03_BSA-21-32-99189950295-THEFANG12MLROW.jpg?v=1780171310,https://shop.millenniumgames.com/products/the-fang-gaw21-32,https://shop.millenniumgames.com/products/the-fang-gaw21-32,published;check_digit_valid,paint,5011921187782,Volume not established from listing.,2026-10-02
Citadel,Base,Thousand Sons Blue,21-36,,,,5011921234585,5011921234585,EAN-13,https://cdn.shopify.com/s/files/1/0700/0621/0796/files/gamers-guild-az-citadel-warhammer-colour-paint-base-thousand-sons-blue-12ml-games-workshop-1230760700.jpg?v=1780171335,https://shop.millenniumgames.com/products/thousand-sons-blue-gaw21-36,https://shop.millenniumgames.com/products/thousand-sons-blue-gaw21-36,published;check_digit_valid,paint,5011921234585,Volume not established from listing.,2026-10-02
Citadel,Base,Waaagh! Flesh,21-13,,,,5011921234387,5011921234387,EAN-13,https://cdn.shopify.com/s/files/1/0700/0621/0796/files/gamers-guild-az-citadel-warhammer-colour-paint-base-waaagh-flesh-12ml-games-workshop-1230760699.jpg?v=1780171298,https://shop.millenniumgames.com/products/waaagh-flesh-gaw21-13,https://shop.millenniumgames.com/products/waaagh-flesh-gaw21-13,published;check_digit_valid,paint,5011921234387,Volume not established from listing.,2026-10-02
Citadel,Base,Warplock Bronze,21-31,,,,5011921234547,5011921234547,EAN-13,https://cdn.shopify.com/s/files/1/0700/0621/0796/files/gamers-guild-az-citadel-warhammer-colour-paint-base-warplock-bronze-12ml-games-workshop-1230760704.jpg?v=1780171346,https://shop.millenniumgames.com/products/warplock-bronze-gaw21-31,https://shop.millenniumgames.com/products/warplock-bronze-gaw21-31,published;check_digit_valid,paint,5011921234547,Volume not established from listing.,2026-10-02
Citadel,Base,XV-88,21-21,,,,5011921187157,5011921187157,EAN-13,https://cdn.shopify.com/s/files/1/0700/0621/0796/files/https___trade.games-workshop.com_assets_2026_03_BSA-21-21-99189950285-XV-8812MLROW.jpg?v=1780171360,https://shop.millenniumgames.com/products/xv-88-gaw21-21,https://shop.millenniumgames.com/products/xv-88-gaw21-21,published;check_digit_valid,paint,5011921187157,Volume not established from listing.,2026-10-02
Citadel,Contrast,Aeldari Emerald,29-48,,,,5011921145065,5011921145065,EAN-13,https://cdn.shopify.com/s/files/1/0700/0621/0796/files/gamers-guild-az-citadel-citadel-paint-contrast-aeldari-emerald-18ml-games-workshop-30691589390541.jpg?v=1780171497,https://shop.millenniumgames.com/products/aeldari-emerald-gaw29-48,https://shop.millenniumgames.com/products/aeldari-emerald-gaw29-48,published;check_digit_valid,paint,5011921145065,Volume not established from listing.,2026-10-02
Citadel,Contrast,Aethermatic Blue,29-41,,,,5011921120987,5011921120987,EAN-13,https://cdn.shopify.com/s/files/1/0700/0621/0796/files/https-tradegames-workshopcom-assets-2019-06-contra_76d15313-89fc-469f-b209-5c066824ac8a.png?v=1780171424,https://shop.millenniumgames.com/products/aethermatic-blue-gaw29-41,https://shop.millenniumgames.com/products/aethermatic-blue-gaw29-41,published;check_digit_valid,paint,5011921120987,Volume not established from listing.,2026-10-02
Citadel,Contrast,Aggaros Dunes,29-25,,,,5011921185511,5011921185511,EAN-13,https://cdn.shopify.com/s/files/1/0700/0621/0796/files/gamers-guild-az-citadel-citadel-paint-contrast-aggaros-dunes-18ml-games-workshop-30691547218125.jpg?v=1780171412,https://shop.millenniumgames.com/products/aggaros-dunes-gaw29-25,https://shop.millenniumgames.com/products/aggaros-dunes-gaw29-25,published;check_digit_valid,paint,5011921185511,Volume not established from listing.,2026-10-02
Citadel,Contrast,Akhelian Green,29-19,,,,5011921120765,5011921120765,EAN-13,https://cdn.shopify.com/s/files/1/0700/0621/0796/files/https-tradegames-workshopcom-assets-2019-06-contra_a4acd3a5-098d-4d03-ad05-c290231da78f.png?v=1780171432,https://shop.millenniumgames.com/products/akhelian-green-gaw29-19,https://shop.millenniumgames.com/products/akhelian-green-gaw29-19,published;check_digit_valid,paint,5011921120765,Volume not established from listing.,2026-10-02
Citadel,Contrast,Asurmen Blue,29-59,,,,5011921145171,5011921145171,EAN-13,https://cdn.shopify.com/s/files/1/0700/0621/0796/files/gamers-guild-az-citadel-citadel-paint-contrast-asurmen-blue-18ml-games-workshop-30692164206797.jpg?v=1780171482,https://shop.millenniumgames.com/products/asurmen-blue-gaw29-59,https://shop.millenniumgames.com/products/asurmen-blue-gaw29-59,published;check_digit_valid,paint,5011921145171,Volume not established from listing.,2026-10-02
Citadel,Contrast,Bad Moon Yellow,29-53,,,,5011921145119,5011921145119,EAN-13,https://cdn.shopify.com/s/files/1/0700/0621/0796/files/gamers-guild-az-citadel-citadel-paint-contrast-bad-moon-yellow-18ml-games-workshop-30691547381965.jpg?v=1780171469,https://shop.millenniumgames.com/products/bad-moon-yellow-gaw29-53,https://shop.millenniumgames.com/products/bad-moon-yellow-gaw29-53,published;check_digit_valid,paint,5011921145119,Volume not established from listing.,2026-10-02
Citadel,Contrast,Briar Queen Chill,29-56,,,,5011921145140,5011921145140,EAN-13,https://cdn.shopify.com/s/files/1/0700/0621/0796/files/https___trade.games-workshop.com_assets_2022_06_Briar_Queen_Chill_Contrast_18ml_2022_New.png?v=1780171477,https://shop.millenniumgames.com/products/briar-queen-chill-gaw29-56,https://shop.millenniumgames.com/products/briar-queen-chill-gaw29-56,published;check_digit_valid,paint,5011921145140,Volume not established from listing.,2026-10-02
Citadel,Contrast,Celestium Blue,29-60,,,,5011921145188,5011921145188,EAN-13,https://cdn.shopify.com/s/files/1/0700/0621/0796/files/gamers-guild-az-citadel-citadel-paint-contrast-celestium-blue-18ml-games-workshop-30692173381837.jpg?v=1780171499,https://shop.millenniumgames.com/products/celestium-blue-gaw29-60,https://shop.millenniumgames.com/products/celestium-blue-gaw29-60,published;check_digit_valid,paint,5011921145188,Volume not established from listing.,2026-10-02
Citadel,Contrast,Citadel Contrast: Apothecary White,29-34,,,,5011921185610,5011921185610,EAN-13,https://cdn.shopify.com/s/files/1/0700/0621/0796/files/99189960226_56189960226_CONTRAST_APOTHECARY_WHITE_18ML.jpg?v=1782223616,https://shop.millenniumgames.com/products/citadel-contrast-apothecary-white,https://shop.millenniumgames.com/products/citadel-contrast-apothecary-white,published;check_digit_valid,paint,5011921185610,Volume not established from listing.,2026-10-02
Citadel,Contrast,Citadel Contrast: Baal Red,29-67,,,,5011921176311,5011921176311,EAN-13,https://cdn.shopify.com/s/files/1/0700/0621/0796/files/99189960259_56189960259_CONTRAST_BAAL_RED_18ML.jpg?v=1782223657,https://shop.millenniumgames.com/products/citadel-contrast-baal-red,https://shop.millenniumgames.com/products/citadel-contrast-baal-red,published;check_digit_valid,paint,5011921176311,Volume not established from listing.,2026-10-02
Citadel,Contrast,Citadel Contrast: Basilicanum Grey,29-37,,,,5011921120949,5011921120949,EAN-13,https://cdn.shopify.com/s/files/1/0700/0621/0796/files/99189960229_56189960229_CONTRAST_BASILICANUM_GREY_18ML.jpg?v=1782223459,https://shop.millenniumgames.com/products/citadel-contrast-basilicanum-grey,https://shop.millenniumgames.com/products/citadel-contrast-basilicanum-grey,published;check_digit_valid,paint,5011921120949,Volume not established from listing.,2026-10-02
Citadel,Contrast,Citadel Contrast: Black Legion,29-45,,,,5011921145034,5011921145034,EAN-13,https://cdn.shopify.com/s/files/1/0700/0621/0796/files/99189960237_56189960237_CONTRAST_BLACK_LEGION_18ML.jpg?v=1782223646,https://shop.millenniumgames.com/products/citadel-contrast-black-legion,https://shop.millenniumgames.com/products/citadel-contrast-black-legion,published;check_digit_valid,paint,5011921145034,Volume not established from listing.,2026-10-02
Citadel,Contrast,Citadel Contrast: Black Templar,29-38,,,,5011921185658,5011921185658,EAN-13,https://cdn.shopify.com/s/files/1/0700/0621/0796/files/99189960230_56189960230_CONTRAST_BLACK_TEMPLAR_18ML.jpg?v=1782223621,https://shop.millenniumgames.com/products/citadel-contrast-black-templar,https://shop.millenniumgames.com/products/citadel-contrast-black-templar,published;check_digit_valid,paint,5011921185658,Volume not established from listing.,2026-10-02
Citadel,Contrast,Citadel Contrast: Blood Angels Red,29-12,,,,5011921120697,5011921120697,EAN-13,https://cdn.shopify.com/s/files/1/0700/0621/0796/files/99189960206_56189960206_CONTRAST_BLOOD_ANGELS_RED_18ML.jpg?v=1782223496,https://shop.millenniumgames.com/products/citadel-contrast-blood-angels-red,https://shop.millenniumgames.com/products/citadel-contrast-blood-angels-red,published;check_digit_valid,paint,5011921120697,Volume not established from listing.,2026-10-02
Citadel,Contrast,Citadel Contrast: Dark Angels Green,29-20,,,,5011921120772,5011921120772,EAN-13,https://cdn.shopify.com/s/files/1/0700/0621/0796/files/99189960214_56189960214_CONTRAST_DARK_ANGELS_GREEN_18ML.jpg?v=1782223480,https://shop.millenniumgames.com/products/citadel-contrast-dark-angels-green,https://shop.millenniumgames.com/products/citadel-contrast-dark-angels-green,published;check_digit_valid,paint,5011921120772,Volume not established from listing.,2026-10-02
Citadel,Contrast,Citadel Contrast: Dreadful Visage,29-65,,,,5011921144600,5011921144600,EAN-13,https://cdn.shopify.com/s/files/1/0700/0621/0796/files/99189960257_56189960257_CONTRAST_DREADFUL_VISAGE_18ML.jpg?v=1782223654,https://shop.millenniumgames.com/products/citadel-contrast-dreadful-visage,https://shop.millenniumgames.com/products/citadel-contrast-dreadful-visage,published;check_digit_valid,paint,5011921144600,Volume not established from listing.,2026-10-02
Citadel,Contrast,Citadel Contrast: Hexwraith Flame,27-20,,,,5011921176335,5011921176335,EAN-13,https://cdn.shopify.com/s/files/1/0700/0621/0796/files/99189960261_56189960261_CONTRAST_HEXWRAITH_FLAME_18ML.jpg?v=1782223596,https://shop.millenniumgames.com/products/citadel-contrast-hexwraith-flame,https://valhallahobby.com/shop/product/citadel-contrast-paint-hexwraith-flame-18ml/,published_alternate_source;check_digit_valid,paint,9918995602606,Barcode obtained from alternate published listing. Original source barcode retained in source_barcode.,2026-10-02
Citadel,Contrast,Citadel Contrast: Magmadroth Flame,29-68,,,,5011921176328,5011921176328,EAN-13,https://cdn.shopify.com/s/files/1/0700/0621/0796/files/99189960260_56189960260_CONTRAST_MAGMADROTH_FLAME_18ML.jpg?v=1782223659,https://shop.millenniumgames.com/products/citadel-contrast-magmadroth-flame,https://shop.millenniumgames.com/products/citadel-contrast-magmadroth-flame,published;check_digit_valid,paint,5011921176328,Volume not established from listing.,2026-10-02
Citadel,Contrast,Citadel Contrast: Ratling Grime,29-46,,,,5011921145041,5011921145041,EAN-13,https://cdn.shopify.com/s/files/1/0700/0621/0796/files/99189960238_56189960238_CONTRAST_RATLING_GRIME_18ML.jpg?v=1782223650,https://shop.millenniumgames.com/products/citadel-contrast-ratling-grime,https://shop.millenniumgames.com/products/citadel-contrast-ratling-grime,published;check_digit_valid,paint,5011921145041,Volume not established from listing.,2026-10-02
Citadel,Contrast,Citadel Contrast: Skeleton Horde,29-26,,,,5011921120833,5011921120833,EAN-13,https://cdn.shopify.com/s/files/1/0700/0621/0796/files/99189960219_56189960219_CONTRAST_SKELETON_HORDE_18ML.jpg?v=1782223612,https://shop.millenniumgames.com/products/citadel-contrast-skeleton-horde,https://shop.millenniumgames.com/products/citadel-contrast-skeleton-horde,published;check_digit_valid,paint,5011921120833,Volume not established from listing.,2026-10-02
Citadel,Contrast,Citadel Contrast: Space Wolves Grey,29-36,,,,5011921120932,5011921120932,EAN-13,https://cdn.shopify.com/s/files/1/0700/0621/0796/files/99189960228_56189960228_CONTRAST_SPACE_WOLVES_GREY_18ML.jpg?v=1782223402,https://shop.millenniumgames.com/products/citadel-contrast-space-wolves-grey,https://shop.millenniumgames.com/products/citadel-contrast-space-wolves-grey,published;check_digit_valid,paint,5011921120932,Volume not established from listing.,2026-10-02
Citadel,Contrast,Citadel Contrast: Talassar Blue,29-39,,,,5011921120963,5011921120963,EAN-13,https://cdn.shopify.com/s/files/1/0700/0621/0796/files/99189960231_56189960231_CONTRAST_TALASSAR_BLUE_18ML.jpg?v=1782223625,https://shop.millenniumgames.com/products/citadel-contrast-talassar-blue,https://shop.millenniumgames.com/products/citadel-contrast-talassar-blue,published;check_digit_valid,paint,5011921120963,Volume not established from listing.,2026-10-02
Citadel,Contrast,Citadel Contrast: Warp Lightning,29-40,,,,5011921120970,5011921120970,EAN-13,https://cdn.shopify.com/s/files/1/0700/0621/0796/files/99189960232_56189960232_CONTRAST_WARP_LIGHTNING_18ML.jpg?v=1782223488,https://shop.millenniumgames.com/products/citadel-contrast-warp-lightning,https://shop.millenniumgames.com/products/citadel-contrast-warp-lightning,published;check_digit_valid,paint,5011921120970,Volume not established from listing.,2026-10-02
Citadel,Contrast,Contrast Medium,27-33,,,,5011921193073,5011921193073,EAN-13,https://cdn.shopify.com/s/files/1/0700/0621/0796/files/https-tradegames-workshopcom-assets-2019-06-techni_b96b395c-fe65-4096-901e-b308a8ca63ed.png?v=1780171860,https://shop.millenniumgames.com/products/contrast-medium-gaw27-33,https://shop.millenniumgames.com/products/contrast-medium-gaw27-33,published;check_digit_valid,medium/auxiliary,5011921193073,Volume not established from listing.,2026-10-02
Citadel,Contrast,Creed Camo,29-23,,,,5011921185481,5011921185481,EAN-13,https://cdn.shopify.com/s/files/1/0700/0621/0796/files/creed-camo-contrast-18ml-paint-citadel.png?v=1780171437,https://shop.millenniumgames.com/products/creed-camo-gaw29-23,https://shop.millenniumgames.com/products/creed-camo-gaw29-23,published;check_digit_valid,paint,5011921185481,Volume not established from listing.,2026-10-02
Citadel,Contrast,Cygor Brown,29-29,,,,5011921120864,5011921120864,EAN-13,https://cdn.shopify.com/s/files/1/0700/0621/0796/files/https-tradegames-workshopcom-assets-2019-06-contra_86ededb5-2ed0-43da-809a-9c4ac4081a2a.png?v=1780171396,https://shop.millenniumgames.com/products/cygor-brown-gaw29-29,https://shop.millenniumgames.com/products/cygor-brown-gaw29-29,published;check_digit_valid,paint,5011921120864,Volume not established from listing.,2026-10-02
Citadel,Contrast,Darkoath Flesh,29-33,,,,5011921185603,5011921185603,EAN-13,https://cdn.shopify.com/s/files/1/0700/0621/0796/files/gamers-guild-az-citadel-citadel-paint-contrast-darkoath-flesh-18ml-games-workshop-30691555999949.jpg?v=1780171440,https://shop.millenniumgames.com/products/darkoath-flesh-gaw29-33,https://shop.millenniumgames.com/products/darkoath-flesh-gaw29-33,published;check_digit_valid,paint,5011921185603,Volume not established from listing.,2026-10-02
Citadel,Contrast,Doomfire Magenta,29-66,,,,5011921176304,5011921176304,EAN-13,https://cdn.shopify.com/s/files/1/0700/0621/0796/files/gamers-guild-az-citadel-citadel-paint-contrast-doomfire-magenta-18ml-games-workshop-30691556032717.jpg?v=1780171524,https://shop.millenniumgames.com/products/doomfire-magenta-gaw29-66,https://shop.millenniumgames.com/products/doomfire-magenta-gaw29-66,published;check_digit_valid,paint,5011921176304,Volume not established from listing.,2026-10-02
Citadel,Contrast,Flesh Tearers Red,29-13,,,,5011921184835,5011921184835,EAN-13,https://cdn.shopify.com/s/files/1/0700/0621/0796/files/flesh-tearers-red-contrast-18ml-paint-citadel.png?v=1780171444,https://shop.millenniumgames.com/products/flesh-tearers-red-gaw29-13,https://shop.millenniumgames.com/products/flesh-tearers-red-gaw29-13,published;check_digit_valid,paint,5011921184835,Volume not established from listing.,2026-10-02
Citadel,Contrast,Frostheart,29-57,,,,5011921145157,5011921145157,EAN-13,https://cdn.shopify.com/s/files/1/0700/0621/0796/files/gamers-guild-az-citadel-citadel-paint-contrast-frostheart-18ml-games-workshop-30692173643981.jpg?v=1780171484,https://shop.millenniumgames.com/products/frostheart-gaw29-57,https://shop.millenniumgames.com/products/frostheart-gaw29-57,published;check_digit_valid,paint,5011921145157,Volume not established from listing.,2026-10-02
Citadel,Contrast,Fyreslayer Flesh,29-31,,,,5011921185580,5011921185580,EAN-13,https://cdn.shopify.com/s/files/1/0700/0621/0796/files/gamers-guild-az-citadel-citadel-paint-contrast-fyreslayer-flesh-18ml-games-workshop-30692174266573.jpg?v=1780171459,https://shop.millenniumgames.com/products/fyreslayer-flesh-gaw29-31,https://shop.millenniumgames.com/products/fyreslayer-flesh-gaw29-31,published;check_digit_valid,paint,5011921185580,Volume not established from listing.,2026-10-02
Citadel,Contrast,Garaghak's Sewer,29-44,,,,5011921145027,5011921145027,EAN-13,https://cdn.shopify.com/s/files/1/0700/0621/0796/files/gamers-guild-az-citadel-citadel-paint-contrast-garaghak-s-sewer-18ml-games-workshop-30691563569357.jpg?v=1780171479,https://shop.millenniumgames.com/products/garaghaks-sewer-gaw29-44,https://shop.millenniumgames.com/products/garaghaks-sewer-gaw29-44,published;check_digit_valid,paint,5011921145027,Volume not established from listing.,2026-10-02
Citadel,Contrast,Gore-Grunta Fur,29-28,,,,5011921120857,5011921120857,EAN-13,https://cdn.shopify.com/s/files/1/0700/0621/0796/files/https-tradegames-workshopcom-assets-2019-06-contra_d0f7e397-eea4-4e38-9569-9fd23ab0b375.png?v=1780171457,https://shop.millenniumgames.com/products/gore-grunta-fur-gaw29-28,https://shop.millenniumgames.com/products/gore-grunta-fur-gaw29-28,published;check_digit_valid,paint,5011921120857,Volume not established from listing.,2026-10-02
Citadel,Contrast,Gryph Charger Grey,29-35,,,,5011921185627,5011921185627,EAN-13,https://cdn.shopify.com/s/files/1/0700/0621/0796/files/gamers-guild-az-citadel-citadel-paint-contrast-gryph-charger-grey-18ml-games-workshop-30691573498061.png?v=1780171462,https://shop.millenniumgames.com/products/gryph-charger-grey-gaw29-35,https://shop.millenniumgames.com/products/gryph-charger-grey-gaw29-35,published;check_digit_valid,paint,5011921185627,Volume not established from listing.,2026-10-02
Citadel,Contrast,Gryph-Hound Orange,29-11,,,,5011921184811,5011921184811,EAN-13,https://cdn.shopify.com/s/files/1/0700/0621/0796/files/gryph-hound-orange-contrast-18ml-paint-citadel.png?v=1780171415,https://shop.millenniumgames.com/products/gryph-hound-orange-gaw29-11,https://shop.millenniumgames.com/products/gryph-hound-orange-gaw29-11,published;check_digit_valid,paint,5011921184811,Volume not established from listing.,2026-10-02
Citadel,Contrast,Guilliman Flesh,29-32,,,,5011921120895,5011921120895,EAN-13,https://cdn.shopify.com/s/files/1/0700/0621/0796/files/https-tradegames-workshopcom-assets-2019-06-contra_587b5735-5a13-4909-bf8d-7aa591412ca0.png?v=1780171394,https://shop.millenniumgames.com/products/guilliman-flesh-gaw29-32,https://shop.millenniumgames.com/products/guilliman-flesh-gaw29-32,published;check_digit_valid,paint,5011921120895,Volume not established from listing.,2026-10-02
Citadel,Contrast,Gutrippa Flesh,29-49,,,,5011921145072,5011921145072,EAN-13,https://cdn.shopify.com/s/files/1/0700/0621/0796/files/https___trade.games-workshop.com_assets_2022_06_Gutrippa_Flesh_Contrast_18ml_2022_New.png?v=1780171518,https://shop.millenniumgames.com/products/gutrippa-flesh-gaw29-49,https://shop.millenniumgames.com/products/gutrippa-flesh-gaw29-49,published;check_digit_valid,paint,5011921145072,Volume not established from listing.,2026-10-02
Citadel,Contrast,Imperial Fist,29-54,,,,5011921145126,5011921145126,EAN-13,https://cdn.shopify.com/s/files/1/0700/0621/0796/files/https___trade.games-workshop.com_assets_2022_06_Imperial_Fist_Contrast_18ml_2022_New.png?v=1780171466,https://shop.millenniumgames.com/products/imperial-fist-gaw29-54,https://shop.millenniumgames.com/products/imperial-fist-gaw29-54,published;check_digit_valid,paint,5011921145126,Volume not established from listing.,2026-10-02
Citadel,Contrast,Ironjawz Yellow,29-52,,,,5011921145102,5011921145102,EAN-13,https://cdn.shopify.com/s/files/1/0700/0621/0796/files/https___trade.games-workshop.com_assets_2022_06_Ironjawz_Yellow_Contrast_18ml_2022_New.png?v=1780171487,https://shop.millenniumgames.com/products/ironjawz-yellow-gaw29-52,https://shop.millenniumgames.com/products/ironjawz-yellow-gaw29-52,published;check_digit_valid,paint,5011921145102,Volume not established from listing.,2026-10-02
Citadel,Contrast,Iyanden Yellow,29-10,,,,5011921184798,5011921184798,EAN-13,https://cdn.shopify.com/s/files/1/0700/0621/0796/files/gamers-guild-az-citadel-citadel-paint-contrast-iyanden-yellow-18ml-games-workshop-30691563077837.jpg?v=1780171410,https://shop.millenniumgames.com/products/iyanden-yellow-gaw29-10,https://shop.millenniumgames.com/products/iyanden-yellow-gaw29-10,published;check_digit_valid,paint,5011921184798,Volume not established from listing.,2026-10-02
Citadel,Contrast,Karandras Green,29-50,,,,5011921145089,5011921145089,EAN-13,https://cdn.shopify.com/s/files/1/0700/0621/0796/files/https___trade.games-workshop.com_assets_2022_06_Karandras_Green_Contrast_18ml_2022_New.png?v=1780171521,https://shop.millenniumgames.com/products/karandras-green-gaw29-50,https://shop.millenniumgames.com/products/karandras-green-gaw29-50,published;check_digit_valid,paint,5011921145089,Volume not established from listing.,2026-10-02
Citadel,Contrast,Kroxigor Scales,29-55,,,,5011921145133,5011921145133,EAN-13,https://cdn.shopify.com/s/files/1/0700/0621/0796/files/gamers-guild-az-citadel-citadel-paint-contrast-kroxigor-scales-18ml-games-workshop-30691563405517.png?v=1780171472,https://shop.millenniumgames.com/products/kroxigor-scales-gaw29-55,https://shop.millenniumgames.com/products/kroxigor-scales-gaw29-55,published;check_digit_valid,paint,5011921145133,Volume not established from listing.,2026-10-02
Citadel,Contrast,Leviadon Blue,29-17,,,,5011921185399,5011921185399,EAN-13,https://cdn.shopify.com/s/files/1/0700/0621/0796/files/gamers-guild-az-citadel-citadel-paint-contrast-leviadon-blue-18ml-games-workshop-30691563438285.jpg?v=1780171399,https://shop.millenniumgames.com/products/leviadon-blue-gaw29-17,https://shop.millenniumgames.com/products/leviadon-blue-gaw29-17,published;check_digit_valid,paint,5011921185399,Volume not established from listing.,2026-10-02
Citadel,Contrast,Leviathan Purple,29-62,,,,5011921145201,5011921145201,EAN-13,https://cdn.shopify.com/s/files/1/0700/0621/0796/files/https___trade.games-workshop.com_assets_2022_06_Leviathon_Purple_Contrast_18ml_2022_New.png?v=1780171509,https://shop.millenniumgames.com/products/leviathan-purple-gaw29-62,https://shop.millenniumgames.com/products/leviathan-purple-gaw29-62,published;check_digit_valid,paint,5011921145201,Volume not established from listing.,2026-10-02
Citadel,Contrast,Luxion Purple,29-63,,,,5011921145218,5011921145218,EAN-13,https://cdn.shopify.com/s/files/1/0700/0621/0796/files/gamers-guild-az-citadel-citadel-paint-contrast-luxion-purple-18ml-games-workshop-30692174627021.png?v=1780171512,https://shop.millenniumgames.com/products/luxion-purple-gaw29-63,https://shop.millenniumgames.com/products/luxion-purple-gaw29-63,published;check_digit_valid,paint,5011921145218,Volume not established from listing.,2026-10-02
Citadel,Contrast,Magos Purple,29-16,,,,5011921184866,5011921184866,EAN-13,https://cdn.shopify.com/s/files/1/0700/0621/0796/files/magos-purple-contrast-18ml-paint-citadel.png?v=1780171447,https://shop.millenniumgames.com/products/magos-purple-gaw29-16,https://shop.millenniumgames.com/products/magos-purple-gaw29-16,published;check_digit_valid,paint,5011921184866,Volume not established from listing.,2026-10-02
Citadel,Contrast,Mantis Warriors Green,29-47,,,,5011921145058,5011921145058,EAN-13,https://cdn.shopify.com/s/files/1/0700/0621/0796/files/https___trade.games-workshop.com_assets_2022_06_Mantis_Warrior_Green_Contrast_18ml_2022_New.png?v=1780171494,https://shop.millenniumgames.com/products/mantis-warriors-green-gaw29-47,https://shop.millenniumgames.com/products/mantis-warriors-green-gaw29-47,published;check_digit_valid,paint,5011921145058,Volume not established from listing.,2026-10-02
Citadel,Contrast,Militarum Green,29-24,,,,5011921185504,5011921185504,EAN-13,https://cdn.shopify.com/s/files/1/0700/0621/0796/files/militarum-green-contrast-18ml-paint-citadel.png?v=1780171453,https://shop.millenniumgames.com/products/militarum-green-gaw29-24,https://shop.millenniumgames.com/products/militarum-green-gaw29-24,published;check_digit_valid,paint,5011921185504,Volume not established from listing.,2026-10-02
Citadel,Contrast,Nazdreg Yellow,29-21,,,,5011921185443,5011921185443,EAN-13,https://cdn.shopify.com/s/files/1/0700/0621/0796/files/nazdreg-yellow-contrast-18ml-paint-citadel.png?v=1780171402,https://shop.millenniumgames.com/products/nazdreg-yellow-gaw29-21,https://shop.millenniumgames.com/products/nazdreg-yellow-gaw29-21,published;check_digit_valid,paint,5011921185443,Volume not established from listing.,2026-10-02
Citadel,Contrast,Nighthaunt Gloom,27-19,,,,5011921176342,5011921176342,EAN-13,https://cdn.shopify.com/s/files/1/0700/0621/0796/files/https___trade.games-workshop.com_assets_2022_06_Nighthaunt_Gloom_Contrast_18ml_2022_New.png?v=1780171390,https://shop.millenniumgames.com/products/nighthaunt-gloom-gaw27-19,https://shop.millenniumgames.com/products/nighthaunt-gloom-gaw27-19,published;check_digit_valid,paint,5011921176342,Volume not established from listing.,2026-10-02
Citadel,Contrast,Ork Flesh,29-22,,,,5011921185474,5011921185474,EAN-13,https://cdn.shopify.com/s/files/1/0700/0621/0796/files/ork-flesh-contrast-18ml-paint-citadel.png?v=1780171428,https://shop.millenniumgames.com/products/ork-flesh-gaw29-22,https://shop.millenniumgames.com/products/ork-flesh-gaw29-22,published;check_digit_valid,paint,5011921185474,Volume not established from listing.,2026-10-02
Citadel,Contrast,Plaguebearer Flesh,29-42,,,,5011921185696,5011921185696,EAN-13,https://cdn.shopify.com/s/files/1/0700/0621/0796/files/plaguebearer-flesh-contrast-18ml-paint-citadel.png?v=1780171442,https://shop.millenniumgames.com/products/plaguebearer-flesh-gaw29-42,https://shop.millenniumgames.com/products/plaguebearer-flesh-gaw29-42,published;check_digit_valid,paint,5011921185696,Volume not established from listing.,2026-10-02
Citadel,Contrast,Pylar Glacier,29-58,,,,5011921145164,5011921145164,EAN-13,https://cdn.shopify.com/s/files/1/0700/0621/0796/files/https___trade.games-workshop.com_assets_2022_06_Pylar_Glacier_Contrast_18ml_2022_New.png?v=1780171503,https://shop.millenniumgames.com/products/pylar-glacier-gaw29-58,https://shop.millenniumgames.com/products/pylar-glacier-gaw29-58,published;check_digit_valid,paint,5011921145164,Volume not established from listing.,2026-10-02
Citadel,Contrast,Shyish Purple,29-15,,,,5011921120727,5011921120727,EAN-13,https://cdn.shopify.com/s/files/1/0700/0621/0796/files/https-tradegames-workshopcom-assets-2019-06-contra_148b39df-67d7-4ba8-844a-8aae6b2a8249.png?v=1780171437,https://shop.millenniumgames.com/products/shyish-purple-gaw29-15,https://shop.millenniumgames.com/products/shyish-purple-gaw29-15,published;check_digit_valid,paint,5011921120727,Volume not established from listing.,2026-10-02
Citadel,Contrast,Sigvald Burgundy,29-64,,,,5011921144594,5011921144594,EAN-13,https://cdn.shopify.com/s/files/1/0700/0621/0796/files/gamers-guild-az-citadel-citadel-paint-contrast-sigvald-burgundy-18ml-games-workshop-30691588178125.jpg?v=1780171514,https://shop.millenniumgames.com/products/sigvald-burgundy-gaw29-64,https://shop.millenniumgames.com/products/sigvald-burgundy-gaw29-64,published;check_digit_valid,paint,5011921144594,Volume not established from listing.,2026-10-02
Citadel,Contrast,Snakebite Leather,29-27,,,,5011921185535,5011921185535,EAN-13,https://cdn.shopify.com/s/files/1/0700/0621/0796/files/gamers-guild-az-citadel-citadel-paint-contrast-snakebite-leather-18ml-games-workshop-30691611574477.png?v=1780171408,https://shop.millenniumgames.com/products/snakebite-leather-gaw29-27,https://shop.millenniumgames.com/products/snakebite-leather-gaw29-27,published;check_digit_valid,paint,5011921185535,Volume not established from listing.,2026-10-02
Citadel,Contrast,Stormfiend,29-61,,,,5011921145195,5011921145195,EAN-13,https://cdn.shopify.com/s/files/1/0700/0621/0796/files/gamers-guild-az-citadel-citadel-paint-contrast-stormfiend-18ml-games-workshop-30691611836621.png?v=1780171506,https://shop.millenniumgames.com/products/stormfiend-gaw29-61,https://shop.millenniumgames.com/products/stormfiend-gaw29-61,published;check_digit_valid,paint,5011921145195,Volume not established from listing.,2026-10-02
Citadel,Contrast,Striking Scorpion Green,29-51,,,,5011921145096,5011921145096,EAN-13,https://cdn.shopify.com/s/files/1/0700/0621/0796/files/https___trade.games-workshop.com_assets_2022_06_Striking_Scorpion_Green_Contrast_18ml_2022_New.png?v=1780171491,https://shop.millenniumgames.com/products/striking-scorpion-green-gaw29-51,https://shop.millenniumgames.com/products/striking-scorpion-green-gaw29-51,published;check_digit_valid,paint,5011921145096,Volume not established from listing.,2026-10-02
Citadel,Contrast,Terradon Turquoise,29-43,,,,5011921185702,5011921185702,EAN-13,https://cdn.shopify.com/s/files/1/0700/0621/0796/files/terradon-turquoise-contrast-18ml-paint-citadel.png?v=1780171418,https://shop.millenniumgames.com/products/terradon-turquoise-gaw29-43,https://shop.millenniumgames.com/products/terradon-turquoise-gaw29-43,published;check_digit_valid,paint,5011921185702,Volume not established from listing.,2026-10-02
Citadel,Contrast,Ultramarines Blue,29-18,,,,5011921120758,5011921120758,EAN-13,https://cdn.shopify.com/s/files/1/0700/0621/0796/files/https-tradegames-workshopcom-assets-2019-06-contra_86051205-1552-4331-89f4-bd0233d303c0.png?v=1780171450,https://shop.millenniumgames.com/products/ultramarines-blue-gaw29-18,https://shop.millenniumgames.com/products/ultramarines-blue-gaw29-18,published;check_digit_valid,paint,5011921120758,Volume not established from listing.,2026-10-02
Citadel,Contrast,Volupus Pink,29-14,,,,5011921120710,5011921120710,EAN-13,https://cdn.shopify.com/s/files/1/0700/0621/0796/files/https-tradegames-workshopcom-assets-2019-06-contra_dee712b5-27ae-43c8-a8fe-7313efe37790.png?v=1780171420,https://shop.millenniumgames.com/products/volupus-pink-gaw29-14,https://shop.millenniumgames.com/products/volupus-pink-gaw29-14,published;check_digit_valid,paint,5011921120710,Volume not established from listing.,2026-10-02
Citadel,Contrast,Wyldwood,29-30,,,,5011921120871,5011921120871,EAN-13,https://cdn.shopify.com/s/files/1/0700/0621/0796/files/https-tradegames-workshopcom-assets-2019-06-contra_31ef6c39-ac33-471a-b734-7e204a42f3c7.png?v=1780171405,https://shop.millenniumgames.com/products/wyldwood-gaw29-30,https://shop.millenniumgames.com/products/wyldwood-gaw29-30,published;check_digit_valid,paint,5011921120871,Volume not established from listing.,2026-10-02
Citadel,Dry,Citadel Dry: Wrack White,23-22,,,,5011921192366,5011921192366,EAN-13,https://cdn.shopify.com/s/files/1/0700/0621/0796/files/99189952020_dryWrackWhite.svg?v=1782223585,https://shop.millenniumgames.com/products/citadel-dry-wrack-white,https://shop.millenniumgames.com/products/citadel-dry-wrack-white,published;check_digit_valid,paint,5011921192366,Volume not established from listing.,2026-10-02
Citadel,Dry,Dawnstone DRY,23-29,,,,5011921192472,5011921192472,EAN-13,https://cdn.shopify.com/s/files/1/0700/0621/0796/files/citadel-dry-dawnstone-12ml.jpg?v=1780171572,https://shop.millenniumgames.com/products/dawnstone-dry-gaw23-29,https://shop.millenniumgames.com/products/dawnstone-dry-gaw23-29,published;check_digit_valid,paint,5011921192472,Volume not established from listing.,2026-10-02
Citadel,Dry,Eldar Flesh,23-09,,,,5011921192281,5011921192281,EAN-13,https://cdn.shopify.com/s/files/1/0700/0621/0796/files/citadel-dry-eldar-flesh-12ml.jpg?v=1780171565,https://shop.millenniumgames.com/products/eldar-flesh-gaw23-09,https://shop.millenniumgames.com/products/eldar-flesh-gaw23-09,published;check_digit_valid,paint,5011921192281,Volume not established from listing.,2026-10-02
Citadel,Dry,Etherium Blue,23-05,,,,5011921027071,5011921027071,EAN-13,https://cdn.shopify.com/s/files/1/0700/0621/0796/files/https-tradegames-workshopcom-assets-2019-05-dry-et_575e7d7c-df95-4adf-9733-3c1c24b97782.png?v=1780171563,https://shop.millenniumgames.com/products/etherium-blue-gaw23-05,https://shop.millenniumgames.com/products/etherium-blue-gaw23-05,published;check_digit_valid,paint,5011921027071,Volume not established from listing.,2026-10-02
Citadel,Dry,Golden Griffon,23-14,,,,5011921027163,5011921027163,EAN-13,https://cdn.shopify.com/s/files/1/0700/0621/0796/files/https-tradegames-workshopcom-assets-2019-05-dry-go_a2a8cb73-ea75-4473-95de-526fcc6f8f68.png?v=1780171536,https://shop.millenniumgames.com/products/golden-griffon-gaw23-14,https://shop.millenniumgames.com/products/golden-griffon-gaw23-14,published;check_digit_valid,paint,5011921027163,Volume not established from listing.,2026-10-02
Citadel,Dry,Golgfag Brown,23-26,,,,5011921067305,5011921067305,EAN-13,https://cdn.shopify.com/s/files/1/0700/0621/0796/files/https-tradegames-workshopcom-assets-2019-05-dry-go.png?v=1780171550,https://shop.millenniumgames.com/products/golgfag-brown-gaw23-26,https://shop.millenniumgames.com/products/golgfag-brown-gaw23-26,published;check_digit_valid,paint,5011921067305,Volume not established from listing.,2026-10-02
Citadel,Dry,Hexos Palesun,23-01,,,,5011921027033,5011921027033,EAN-13,https://cdn.shopify.com/s/files/1/0700/0621/0796/files/https-tradegames-workshopcom-assets-2019-05-dry-he_59870e35-3a47-47ab-86b0-20ea5939cd49.png?v=1780171532,https://shop.millenniumgames.com/products/hexos-palesun-gaw23-01,https://shop.millenniumgames.com/products/hexos-palesun-gaw23-01,published;check_digit_valid,paint,5011921027033,Volume not established from listing.,2026-10-02
Citadel,Dry,Hoeth Blue DRY,23-18,,,,5011921192380,5011921192380,EAN-13,https://cdn.shopify.com/s/files/1/0700/0621/0796/files/gamers-guild-az-citadel-citadel-paint-dry-hoeth-blue-12ml-games-workshop-30691630055629.png?v=1780171561,https://shop.millenniumgames.com/products/hoeth-blue-dry-gaw23-18,https://shop.millenniumgames.com/products/hoeth-blue-dry-gaw23-18,published;check_digit_valid,paint,5011921192380,Volume not established from listing.,2026-10-02
Citadel,Dry,Imrik Blue,23-20,,,,5011921192403,5011921192403,EAN-13,https://cdn.shopify.com/s/files/1/0700/0621/0796/files/citadel-dry-imrik-blue-12ml.jpg?v=1780171556,https://shop.millenniumgames.com/products/imrik-blue-gaw23-20,https://shop.millenniumgames.com/products/imrik-blue-gaw23-20,published;check_digit_valid,paint,5011921192403,Volume not established from listing.,2026-10-02
Citadel,Dry,Longbeard Grey,23-12,,,,5011921027149,5011921027149,EAN-13,https://cdn.shopify.com/s/files/1/0700/0621/0796/files/https-tradegames-workshopcom-assets-2019-05-dry-lo_ab30e28f-50a2-450d-96be-895e4b3d681c.png?v=1780171530,https://shop.millenniumgames.com/products/longbeard-grey-gaw23-12,https://shop.millenniumgames.com/products/longbeard-grey-gaw23-12,published;check_digit_valid,paint,5011921027149,Volume not established from listing.,2026-10-02
Citadel,Dry,Lucius Lilac,23-03,,,,5011921027057,5011921027057,EAN-13,https://cdn.shopify.com/s/files/1/0700/0621/0796/files/https-tradegames-workshopcom-assets-2019-05-dry-lu_9f4f5d8c-3bab-4e85-89cd-9d394e0c57b9.png?v=1780171541,https://shop.millenniumgames.com/products/lucius-lilac-gaw23-03,https://shop.millenniumgames.com/products/lucius-lilac-gaw23-03,published;check_digit_valid,paint,5011921027057,Volume not established from listing.,2026-10-02
Citadel,Dry,Necron Compound,23-13,,,,5011921192328,5011921192328,EAN-13,https://cdn.shopify.com/s/files/1/0700/0621/0796/files/gamers-guild-az-citadel-citadel-paint-dry-necron-compound-12ml-games-workshop-30691623829709.jpg?v=1780171527,https://shop.millenniumgames.com/products/necron-compound-gaw23-13,https://shop.millenniumgames.com/products/necron-compound-gaw23-13,published;check_digit_valid,paint,5011921192328,Volume not established from listing.,2026-10-02
Citadel,Dry,Niblet Green,23-24,,,,5011921192427,5011921192427,EAN-13,https://cdn.shopify.com/s/files/1/0700/0621/0796/files/gamers-guild-az-citadel-citadel-paint-dry-niblet-green-12ml-games-workshop-30691623862477.jpg?v=1780171554,https://shop.millenniumgames.com/products/niblet-green-gaw23-24,https://shop.millenniumgames.com/products/niblet-green-gaw23-24,published;check_digit_valid,paint,5011921192427,Volume not established from listing.,2026-10-02
Citadel,Dry,Nurgling Green,23-25,,,,5011921192434,5011921192434,EAN-13,https://cdn.shopify.com/s/files/1/0700/0621/0796/files/gamers-guild-az-citadel-citadel-paint-dry-nurgling-green-12ml-games-workshop-30691624059085.jpg?v=1780171547,https://shop.millenniumgames.com/products/nurgling-green-gaw23-25,https://shop.millenniumgames.com/products/nurgling-green-gaw23-25,published;check_digit_valid,paint,5011921192434,Volume not established from listing.,2026-10-02
Citadel,Dry,Praxeti White,23-04,,,,5011921027064,5011921027064,EAN-13,https://cdn.shopify.com/s/files/1/0700/0621/0796/files/https-tradegames-workshopcom-assets-2019-05-dry-pr_6f93713c-86a4-41cc-9599-157691efc316.png?v=1780171538,https://shop.millenniumgames.com/products/praxeti-white-gaw23-04,https://shop.millenniumgames.com/products/praxeti-white-gaw23-04,published;check_digit_valid,paint,5011921027064,Volume not established from listing.,2026-10-02
Citadel,Dry,Ryza Rust,23-16,,,,5011921192359,5011921192359,EAN-13,https://cdn.shopify.com/s/files/1/0700/0621/0796/files/citadel-dry-ryza-rust-12ml.jpg?v=1780171569,https://shop.millenniumgames.com/products/ryza-rust-gaw23-16,https://shop.millenniumgames.com/products/ryza-rust-gaw23-16,published;check_digit_valid,paint,5011921192359,Volume not established from listing.,2026-10-02
Citadel,Dry,Stormfang,23-21,,,,5011921192410,5011921192410,EAN-13,https://cdn.shopify.com/s/files/1/0700/0621/0796/files/gamers-guild-az-citadel-citadel-paint-dry-stormfang-12ml-games-workshop-30691629433037.png?v=1780171545,https://shop.millenniumgames.com/products/stormfang-gaw23-21,https://shop.millenniumgames.com/products/stormfang-gaw23-21,published;check_digit_valid,paint,5011921192410,Volume not established from listing.,2026-10-02
Citadel,Dry,Sylvaneth Bark,23-28,,,,5011921192465,5011921192465,EAN-13,https://cdn.shopify.com/s/files/1/0700/0621/0796/files/gamers-guild-az-citadel-citadel-paint-dry-sylvaneth-bark-12ml-games-workshop-30691629564109.jpg?v=1780171552,https://shop.millenniumgames.com/products/sylvaneth-bark-gaw23-28,https://shop.millenniumgames.com/products/sylvaneth-bark-gaw23-28,published;check_digit_valid,paint,5011921192465,Volume not established from listing.,2026-10-02
Citadel,Dry,Terminatus Stone,23-11,,,,5011921027132,5011921027132,EAN-13,https://cdn.shopify.com/s/files/1/0700/0621/0796/files/https-tradegames-workshopcom-assets-2019-05-dry-te_1ac01962-81e9-4f03-9cde-3ce7236660ea.png?v=1780171534,https://shop.millenniumgames.com/products/terminatus-stone-gaw23-11,https://shop.millenniumgames.com/products/terminatus-stone-gaw23-11,published;check_digit_valid,paint,5011921027132,Volume not established from listing.,2026-10-02
Citadel,Dry,Tyrant Skull,23-10,,,,5011921192298,5011921192298,EAN-13,https://cdn.shopify.com/s/files/1/0700/0621/0796/files/gamers-guild-az-citadel-citadel-paint-dry-tyrant-skull-12ml-games-workshop-30691629859021.jpg?v=1780171567,https://shop.millenniumgames.com/products/tyrant-skull-gaw23-10,https://shop.millenniumgames.com/products/tyrant-skull-gaw23-10,published;check_digit_valid,paint,5011921192298,Volume not established from listing.,2026-10-02
Citadel,Dry,Underhive Ash,23-08,,,,5011921027101,5011921027101,EAN-13,https://cdn.shopify.com/s/files/1/0700/0621/0796/files/citadel-dry-underhive-ash-12ml.jpg?v=1780171543,https://shop.millenniumgames.com/products/underhive-ash-gaw23-08,https://shop.millenniumgames.com/products/underhive-ash-gaw23-08,published;check_digit_valid,paint,5011921027101,Volume not established from listing.,2026-10-02
Citadel,Layer,Ahriman Blue,22-76,,,,5011921187485,5011921187485,EAN-13,https://cdn.shopify.com/s/files/1/0700/0621/0796/files/https-tradegames-workshopcom-assets-2019-05-ahrima_51e8bace-11ca-488d-a5dd-99dc92a527c1.png?v=1780171643,https://shop.millenniumgames.com/products/ahriman-blue-gaw22-76,https://shop.millenniumgames.com/products/ahriman-blue-gaw22-76,published;check_digit_valid,paint,5011921187485,Volume not established from listing.,2026-10-02
Citadel,Layer,Alaitoc Blue,22-13,,,,5011921234868,5011921234868,EAN-13,https://cdn.shopify.com/s/files/1/0700/0621/0796/files/https-tradegames-workshopcom-assets-2019-05-alaito_645a36b1-3e7a-40a0-b1c0-97bcb41a8808.png?v=1780171607,https://shop.millenniumgames.com/products/alaitoc-blue-gaw22-13,https://shop.millenniumgames.com/products/alaitoc-blue-gaw22-13,published;check_digit_valid,paint,5011921234868,Volume not established from listing.,2026-10-02
Citadel,Layer,Altdorf Guard Blue,22-15,,,,5011921027019,5011921027019,EAN-13,https://cdn.shopify.com/s/files/1/0700/0621/0796/files/https-tradegames-workshopcom-assets-2019-05-altdor_5ecb1f6d-bca7-4d8c-827d-9a721684a55c.png?v=1780171581,https://shop.millenniumgames.com/products/altdorf-guard-blue-gaw22-15,https://shop.millenniumgames.com/products/altdorf-guard-blue-gaw22-15,published;check_digit_valid,paint,5011921027019,Volume not established from listing.,2026-10-02
Citadel,Layer,Auric Armour Gold,22-62,,,,5011921186808,5011921186808,EAN-13,https://cdn.shopify.com/s/files/1/0700/0621/0796/files/https___trade.games-workshop.com_assets_2026_03_BSA-22-62-99189951360-AURICARMOURGOLD12MLROW.jpg?v=1780171673,https://shop.millenniumgames.com/products/auric-armour-gold-gaw22-62,https://shop.millenniumgames.com/products/auric-armour-gold-gaw22-62,published;check_digit_valid,paint,5011921186808,Volume not established from listing.,2026-10-02
Citadel,Layer,Baharroth Blue,22-79,,,,5011921115129,5011921115129,EAN-13,https://cdn.shopify.com/s/files/1/0700/0621/0796/files/https-tradegames-workshopcom-assets-2019-06-layer_0682fa24-3b41-4c30-850d-cdda27b36d4a.png?v=1780171716,https://shop.millenniumgames.com/products/baharroth-blue-gaw22-79,https://shop.millenniumgames.com/products/baharroth-blue-gaw22-79,published;check_digit_valid,paint,5011921115129,Volume not established from listing.,2026-10-02
Citadel,Layer,Balor Brown,22-43,,,,5011921235148,5011921235148,EAN-13,https://cdn.shopify.com/s/files/1/0700/0621/0796/files/gamers-guild-az-citadel-warhammer-colour-paint-layer-balor-brown-12ml-games-workshop-1230905498.jpg?v=1780171702,https://shop.millenniumgames.com/products/balor-brown-gaw22-43,https://shop.millenniumgames.com/products/balor-brown-gaw22-43,published;check_digit_valid,paint,5011921235148,Volume not established from listing.,2026-10-02
Citadel,Layer,Baneblade Brown,22-48,,,,5011921186600,5011921186600,EAN-13,https://cdn.shopify.com/s/files/1/0700/0621/0796/files/https___trade.games-workshop.com_assets_2026_03_EP210-22-48-99189951346-BANEBLADEBROWN12MLROW.jpg?v=1780171634,https://shop.millenniumgames.com/products/baneblade-brown-gaw22-48,https://shop.millenniumgames.com/products/baneblade-brown-gaw22-48,published;check_digit_valid,paint,5011921186600,Volume not established from listing.,2026-10-02
Citadel,Layer,Bestigor Flesh,22-38,,,,5011921027675,5011921027675,EAN-13,https://cdn.shopify.com/s/files/1/0700/0621/0796/files/https-tradegames-workshopcom-assets-2019-05-bestig_4cafa077-2c02-43bb-9ff4-57f0c2c44f5e.png?v=1780171632,https://shop.millenniumgames.com/products/bestigor-flesh-gaw22-38,https://shop.millenniumgames.com/products/bestigor-flesh-gaw22-38,published;check_digit_valid,paint,5011921027675,Volume not established from listing.,2026-10-02
Citadel,Layer,Bloodreaver Flesh,22-92,,,,5011921235599,5011921235599,EAN-13,https://cdn.shopify.com/s/files/1/0700/0621/0796/files/https___trade.games-workshop.com_assets_2026_03_BSA-22-92-99189951389-BLOODREAVERFLESH12MLROW.jpg?v=1780171621,https://shop.millenniumgames.com/products/bloodreaver-flesh-gaw22-92,https://shop.millenniumgames.com/products/bloodreaver-flesh-gaw22-92,published;check_digit_valid,paint,5011921235599,Volume not established from listing.,2026-10-02
Citadel,Layer,Blue Horror,22-84,,,,5011921235520,5011921235520,EAN-13,https://cdn.shopify.com/s/files/1/0700/0621/0796/files/https___trade.games-workshop.com_assets_2026_03_EP360-22-84-99189951380-BLUEHORROR12MLROW.jpg?v=1780171616,https://shop.millenniumgames.com/products/blue-horror-gaw22-84,https://shop.millenniumgames.com/products/blue-horror-gaw22-84,published;check_digit_valid,paint,5011921235520,Volume not established from listing.,2026-10-02
Citadel,Layer,Cadian Fleshtone,22-36,,,,5011921027651,5011921027651,EAN-13,https://cdn.shopify.com/s/files/1/0700/0621/0796/files/https-tradegames-workshopcom-assets-2019-05-cadian_d1cda413-995b-415f-a1ac-d9df6c6fb4e5.png?v=1780171700,https://shop.millenniumgames.com/products/cadian-fleshtone-gaw22-36,https://shop.millenniumgames.com/products/cadian-fleshtone-gaw22-36,published;check_digit_valid,paint,5011921027651,Volume not established from listing.,2026-10-02
Citadel,Layer,Calgar Blue,22-16,,,,5011921027026,5011921027026,EAN-13,https://cdn.shopify.com/s/files/1/0700/0621/0796/files/https-tradegames-workshopcom-assets-2019-05-calgar_9afa107e-e2db-4127-8842-739123f77551.png?v=1780171637,https://shop.millenniumgames.com/products/calgar-blue-gaw22-16,https://shop.millenniumgames.com/products/calgar-blue-gaw22-16,published;check_digit_valid,paint,5011921027026,Volume not established from listing.,2026-10-02
Citadel,Layer,Canoptek Alloy,22-94,,,,5011921187676,5011921187676,EAN-13,https://cdn.shopify.com/s/files/1/0700/0621/0796/files/https___trade.games-workshop.com_assets_2026_03_EP360-22-94-99189951391-CANOPTEKALLOY12MLROW.jpg?v=1780171732,https://shop.millenniumgames.com/products/canoptek-alloy-gaw22-94,https://shop.millenniumgames.com/products/canoptek-alloy-gaw22-94,published;check_digit_valid,paint,5011921187676,Volume not established from listing.,2026-10-02
Citadel,Layer,Citadel Air: Troll Slayer Orange,28-21,,,,5011921115525,5011921115525,EAN-13,https://cdn.shopify.com/s/files/1/0700/0621/0796/files/99189958225_56189958225_AIR_TROLL_SLAYER_ORANGE_24ML.jpg?v=1782223607,https://shop.millenniumgames.com/products/citadel-air-troll-slayer-orange,https://shop.millenniumgames.com/products/citadel-air-troll-slayer-orange,published;check_digit_valid,paint,5011921115525,Volume not established from listing.,2026-10-02
Citadel,Layer,Citadel Layer: Administratum Grey,22-50,,,,5011921186624,5011921186624,EAN-13,https://cdn.shopify.com/s/files/1/0700/0621/0796/files/41QtxxwLe2L._AC.jpg?v=1784314786,https://shop.millenniumgames.com/products/citadel-layer-administratum-grey,https://shop.millenniumgames.com/products/citadel-layer-administratum-grey,published;check_digit_valid,paint,5011921186624,Volume not established from listing.,2026-10-02
Citadel,Layer,Citadel Layer: Brass Scorpion,22-65,,,,5011921027835,5011921027835,EAN-13,https://cdn.shopify.com/s/files/1/0700/0621/0796/files/99189951362_56189951362_LAYER_BRASS_SCORPION_12ML.jpg?v=1782223577,https://shop.millenniumgames.com/products/citadel-layer-brass-scorpion,https://shop.millenniumgames.com/products/citadel-layer-brass-scorpion,published;check_digit_valid,paint,5011921027835,Volume not established from listing.,2026-10-02
Citadel,Layer,Citadel Layer: Castellax Bronze,22-89,,,,5011921117697,5011921117697,EAN-13,https://cdn.shopify.com/s/files/1/0700/0621/0796/files/99189951385_56189951385_LAYER_CASTELLAX_BRONZE_12ML.jpg?v=1782223581,https://shop.millenniumgames.com/products/citadel-layer-castellax-bronze,https://shop.millenniumgames.com/products/citadel-layer-castellax-bronze,published;check_digit_valid,paint,5011921117697,Volume not established from listing.,2026-10-02
Citadel,Layer,Citadel Layer: Dawnstone,22-49,,,,5011921186617,5011921186617,EAN-13,https://cdn.shopify.com/s/files/1/0700/0621/0796/files/99189951347_56189951347_LAYER_DAWNSTONE_12ML.jpg?v=1782223446,https://shop.millenniumgames.com/products/citadel-layer-dawnstone,https://shop.millenniumgames.com/products/citadel-layer-dawnstone,published;check_digit_valid,paint,5011921186617,Volume not established from listing.,2026-10-02
Citadel,Layer,Citadel Layer: Deathclaw Brown,22-41,,,,5011921027705,5011921027705,EAN-13,https://cdn.shopify.com/s/files/1/0700/0621/0796/files/99189951339_56189951339_LAYER_DEATHCLAW_BROWN_12ML.jpg?v=1782223330,https://shop.millenniumgames.com/products/citadel-layer-deathclaw-brown,https://shop.millenniumgames.com/products/citadel-layer-deathclaw-brown,published;check_digit_valid,paint,5011921027705,Volume not established from listing.,2026-10-02
Citadel,Layer,Citadel Layer: Emperor's Children,22-70,,,,5011921027897,5011921027897,EAN-13,https://cdn.shopify.com/s/files/1/0700/0621/0796/files/99189951366_56189951366_LAYER_EMPERORS_CHILDREN_12ML.jpg?v=1782223471,https://shop.millenniumgames.com/products/emperor-s-children,https://shop.millenniumgames.com/products/emperor-s-children,published;check_digit_valid,paint,5011921027897,Volume not established from listing.,2026-10-02
Citadel,Layer,Citadel Layer: Eshin Grey,22-51,,,,5011921186648,5011921186648,EAN-13,https://cdn.shopify.com/s/files/1/0700/0621/0796/files/99189951349_56189951349_LAYER_ESHIN_GREY_12ML.jpg?v=1782223441,https://shop.millenniumgames.com/products/citadel-layer-eshin-grey,https://shop.millenniumgames.com/products/citadel-layer-eshin-grey,published;check_digit_valid,paint,5011921186648,Volume not established from listing.,2026-10-02
Citadel,Layer,Citadel Layer: Evil Sunz Scarlet,22-05,,,,5011921185153,5011921185153,EAN-13,https://cdn.shopify.com/s/files/1/0700/0621/0796/files/99189951303_56189951303_LAYER_EVIL_SUNZ_SCARLET_12ML.jpg?v=1782223565,https://shop.millenniumgames.com/products/citadel-layer-evil-sunz-scarlet,https://shop.millenniumgames.com/products/citadel-layer-evil-sunz-scarlet,published;check_digit_valid,paint,5011921185153,Volume not established from listing.,2026-10-02
Citadel,Layer,Citadel Layer: Fenrisian Grey,22-68,,,,9011972186846,9011972186846,EAN-13,https://cdn.shopify.com/s/files/1/0700/0621/0796/files/99189951364_56189951364_LAYER_FENRISIAN_GREY_12ML.jpg?v=1782223422,https://shop.millenniumgames.com/products/citadel-layer-fenrisian-grey,https://shop.millenniumgames.com/products/citadel-layer-fenrisian-grey,published;check_digit_valid,paint,9011972186846,Volume not established from listing.,2026-10-02
Citadel,Layer,Citadel Layer: Flash Gitz Yellow,22-02,,,,5011921185139,5011921185139,EAN-13,https://cdn.shopify.com/s/files/1/0700/0621/0796/files/99189951300_56189951300_LAYER_FLASH_GITZ_YELLOW_12ML.jpg?v=1782223350,https://shop.millenniumgames.com/products/citadel-layer-flash-gitz-yellow,https://shop.millenniumgames.com/products/citadel-layer-flash-gitz-yellow,published;check_digit_valid,paint,5011921185139,Volume not established from listing.,2026-10-02
Citadel,Layer,Citadel Layer: Ironbreaker,22-59,,,,5011921235308,5011921235308,EAN-13,https://cdn.shopify.com/s/files/1/0700/0621/0796/files/99189951357_56189951357_LAYER_IRONBREAKER_12ML.jpg?v=1782223534,https://shop.millenniumgames.com/products/citadel-layer-ironbreaker,https://shop.millenniumgames.com/products/citadel-layer-ironbreaker,published;check_digit_valid,paint,5011921235308,Volume not established from listing.,2026-10-02
Citadel,Layer,Citadel Layer: Kabalite Green,22-21,,,,5011921234943,5011921234943,EAN-13,https://cdn.shopify.com/s/files/1/0700/0621/0796/files/99189951319_56189951319_LAYER_KABALITE_GREEN_12ML.jpg?v=1782223433,https://shop.millenniumgames.com/products/citadel-layer-kabalite-green,https://shop.millenniumgames.com/products/citadel-layer-kabalite-green,published;check_digit_valid,paint,5011921234943,Volume not established from listing.,2026-10-02
Citadel,Layer,Citadel Layer: Kislev Flesh,22-37,,,,5011921235094,5011921235094,EAN-13,https://cdn.shopify.com/s/files/1/0700/0621/0796/files/99189951335_56189951335_LAYER_KISLEV_FLESH_12ML.jpg?v=1782223573,https://shop.millenniumgames.com/products/citadel-layer-kislev-flesh,https://shop.millenniumgames.com/products/citadel-layer-kislev-flesh,published;check_digit_valid,paint,5011921235094,Volume not established from listing.,2026-10-02
Citadel,Layer,Citadel Layer: Krieg Khaki,22-83,,,,5011921115167,5011921115167,EAN-13,https://cdn.shopify.com/s/files/1/0700/0621/0796/files/99189951379_56189951379_LAYER_KRIEG_KHAKI_12ML.jpg?v=1782223374,https://shop.millenniumgames.com/products/krieg-khaki,https://shop.millenniumgames.com/products/krieg-khaki,published;check_digit_valid,paint,5011921115167,Volume not established from listing.,2026-10-02
Citadel,Layer,Citadel Layer: Liberator Gold,22-71,,,,5011921058815,5011921058815,EAN-13,https://cdn.shopify.com/s/files/1/0700/0621/0796/files/99189951367_56189951367_LAYER_LIBERATOR_GOLD_12ML.jpg?v=1782223425,https://shop.millenniumgames.com/products/citadel-layer-liberator-gold,https://shop.millenniumgames.com/products/citadel-layer-liberator-gold,published;check_digit_valid,paint,5011921058815,Volume not established from listing.,2026-10-02
Citadel,Layer,Citadel Layer: Runefang Steel,22-60,,,,5011921186785,5011921186785,EAN-13,https://cdn.shopify.com/s/files/1/0700/0621/0796/files/99189951358_56189951358_LAYER_RUNEFANG_STEEL_12ML.jpg?v=1782223538,https://shop.millenniumgames.com/products/citadel-layer-runefang-steel,https://shop.millenniumgames.com/products/citadel-layer-runefang-steel,published;check_digit_valid,paint,5011921186785,Volume not established from listing.,2026-10-02
Citadel,Layer,Citadel Layer: Russ Grey,22-67,,,,5011921235360,5011921235360,EAN-13,https://cdn.shopify.com/s/files/1/0700/0621/0796/files/99189951363_56189951363_LAYER_RUSS_GREY_12ML.jpg?v=1782223346,https://shop.millenniumgames.com/products/citadel-layer-russ-grey,https://shop.millenniumgames.com/products/citadel-layer-russ-grey,published;check_digit_valid,paint,5011921235360,Volume not established from listing.,2026-10-02
Citadel,Layer,Citadel Layer: Skullcrusher Brass,22-73,,,,5011921073276,5011921073276,EAN-13,https://cdn.shopify.com/s/files/1/0700/0621/0796/files/99189951369_56189951369_LAYER_SKULLCRUSHER_BRASS_12ML.jpg?v=1782223382,https://shop.millenniumgames.com/products/citadel-layer-skullcrusher-brass,https://shop.millenniumgames.com/products/citadel-layer-skullcrusher-brass,published;check_digit_valid,paint,5011921073276,Volume not established from listing.,2026-10-02
Citadel,Layer,Citadel Layer: Stormhost Silver,22-75,,,,5011921073290,5011921073290,EAN-13,https://cdn.shopify.com/s/files/1/0700/0621/0796/files/99189951371_56189951371_LAYER_STORMHOST_SILVER_12ML.jpg?v=1782223467,https://shop.millenniumgames.com/products/citadel-layer-stormhost-silver,https://shop.millenniumgames.com/products/citadel-layer-stormhost-silver,published;check_digit_valid,paint,5011921073290,Volume not established from listing.,2026-10-02
Citadel,Layer,Citadel Layer: Straken Green,22-28,,,,5011921027446,5011921027446,EAN-13,https://cdn.shopify.com/s/files/1/0700/0621/0796/files/99189951326_56189951326_LAYER_STRAKEN_GREEN_12ML.jpg?v=1782223339,https://shop.millenniumgames.com/products/citadel-layer-straken-green,https://shop.millenniumgames.com/products/citadel-layer-straken-green,published;check_digit_valid,paint,5011921027446,Volume not established from listing.,2026-10-02
Citadel,Layer,Citadel Layer: Thunderhawk Blue,22-53,,12,,5011921235247,5011921235247,EAN-13,https://cdn.shopify.com/s/files/1/0700/0621/0796/files/1__31615.1754337541.png?v=1783085880,https://shop.millenniumgames.com/products/citadel-layer-thunderhawk-blue,https://shop.millenniumgames.com/products/citadel-layer-thunderhawk-blue,published;check_digit_valid,paint,5011921235247,,2026-10-02
Citadel,Layer,Citadel Layer: Troll Slayer Orange,22-03,,,,5011921189083,5011921189083,EAN-13,https://cdn.shopify.com/s/files/1/0700/0621/0796/files/99189951301_56189951301_LAYER_TROLLSLAYER_ORANGE_12ML.jpg?v=1782223560,https://shop.millenniumgames.com/products/citadel-layer-troll-slayer-orange,https://shop.millenniumgames.com/products/citadel-layer-troll-slayer-orange,published;check_digit_valid,paint,5011921189083,Volume not established from listing.,2026-10-02
Citadel,Layer,Citadel Layer: Ushabti Bone,22-32,,,,5011921186372,5011921186372,EAN-13,https://cdn.shopify.com/s/files/1/0700/0621/0796/files/99189951330_56189951330_LAYER_USHABTI_BONE_12ML.jpg?v=1782223568,https://shop.millenniumgames.com/products/citadel-layer-ushabti-bone,https://shop.millenniumgames.com/products/citadel-layer-ushabti-bone,published;check_digit_valid,paint,5011921186372,Volume not established from listing.,2026-10-02
Citadel,Layer,Citadel Layer: Vulkan Green,22-90,,,,5011921117703,5011921117703,EAN-13,https://cdn.shopify.com/s/files/1/0700/0621/0796/files/99189951386_56189951386_LAYER_VULKAN_GREEN_12ML.jpg?v=1782223378,https://shop.millenniumgames.com/products/citadel-layer-vulkan-green,https://shop.millenniumgames.com/products/citadel-layer-vulkan-green,published;check_digit_valid,paint,5011921117703,Volume not established from listing.,2026-10-02
Citadel,Layer,Citadel Layer: White Scar,22-57,,,,5011921235285,5011921235285,EAN-13,https://cdn.shopify.com/s/files/1/0700/0621/0796/files/gamers-guild-az-citadel-warhammer-colour-paint-layer-white-scar-12ml-games-workshop-1230913426.jpg?v=1780171682,https://shop.millenniumgames.com/products/white-scar-gaw22-57,https://shop.millenniumgames.com/products/white-scar-gaw22-57,published;check_digit_valid,paint,5011921235285,Volume not established from listing.,2026-10-02
Citadel,Layer,Citadel Layer: Wildrider Red,22-06,,,,5011921026685,5011921026685,EAN-13,https://cdn.shopify.com/s/files/1/0700/0621/0796/files/99189951304_56189951304_LAYER_WILD_RIDER_RED_12ML.jpg?v=1782223450,https://shop.millenniumgames.com/products/citadel-layer-wildrider-red,https://shop.millenniumgames.com/products/citadel-layer-wildrider-red,published;check_digit_valid,paint,5011921026685,Volume not established from listing.,2026-10-02
Citadel,Layer,Citadel Layer: Yriel Yellow,22-01,,,,5011921185122,5011921185122,EAN-13,https://cdn.shopify.com/s/files/1/0700/0621/0796/files/99189951299_56189951299_LAYER_YRIEL_YELLOW_12ML.jpg?v=1782223556,https://shop.millenniumgames.com/products/citadel-layer-yriel-yellow,https://shop.millenniumgames.com/products/citadel-layer-yriel-yellow,published;check_digit_valid,paint,5011921185122,Volume not established from listing.,2026-10-02
Citadel,Layer,Dark Reaper,22-52,,,,5011921235230,5011921235230,EAN-13,https://cdn.shopify.com/s/files/1/0700/0621/0796/files/gamers-guild-az-citadel-warhammer-colour-paint-layer-dark-reaper-12ml-games-workshop-1230905490.jpg?v=1780171675,https://shop.millenniumgames.com/products/dark-reaper-gaw22-52,https://shop.millenniumgames.com/products/dark-reaper-gaw22-52,published;check_digit_valid,paint,5011921235230,Volume not established from listing.,2026-10-02
Citadel,Layer,Dechala Lilac,22-82,,,,5011921115150,5011921115150,EAN-13,https://cdn.shopify.com/s/files/1/0700/0621/0796/files/https-tradegames-workshopcom-assets-2019-06-layer_17a0e2a5-7a48-4807-8f0c-2485e00ef9fb.png?v=1780171723,https://shop.millenniumgames.com/products/dechala-lilac-gaw22-82,https://shop.millenniumgames.com/products/dechala-lilac-gaw22-82,published;check_digit_valid,paint,5011921115150,Volume not established from listing.,2026-10-02
Citadel,Layer,Deepkin Flesh,22-77,,,,5011921187492,5011921187492,EAN-13,https://cdn.shopify.com/s/files/1/0700/0621/0796/files/https___trade.games-workshop.com_assets_2026_03_BSA-22-77-99189951373-DEEPKINFLESH12MLROW.jpg?v=1780171718,https://shop.millenniumgames.com/products/deepkin-flesh-gaw22-77,https://shop.millenniumgames.com/products/deepkin-flesh-gaw22-77,published;check_digit_valid,paint,5011921187492,Volume not established from listing.,2026-10-02
Citadel,Layer,Doombull Brown,22-45,,,,5011921186570,5011921186570,EAN-13,https://cdn.shopify.com/s/files/1/0700/0621/0796/files/https-tradegames-workshopcom-assets-2019-05-doombu_db066841-149a-4bd3-b103-8d7a268cb317.png?v=1780171589,https://shop.millenniumgames.com/products/doombull-brown-gaw22-45,https://shop.millenniumgames.com/products/doombull-brown-gaw22-45,published;check_digit_valid,paint,5011921186570,Volume not established from listing.,2026-10-02
Citadel,Layer,Dorn Yellow,22-80,,,,5011921115136,5011921115136,EAN-13,https://cdn.shopify.com/s/files/1/0700/0621/0796/files/tol-00001009_60bfb9ce-1c65-4dcf-9159-8cce235dd888.jpg?v=1780171718,https://shop.millenniumgames.com/products/dorn-yellow-gaw22-80,https://shop.millenniumgames.com/products/dorn-yellow-gaw22-80,published;check_digit_valid,paint,5011921115136,Volume not established from listing.,2026-10-02
Citadel,Layer,Elysian Green,22-30,,,,5011921235032,5011921235032,EAN-13,https://cdn.shopify.com/s/files/1/0700/0621/0796/files/https___trade.games-workshop.com_assets_2026_03_BSA-22-30-99189951328-ELYSIANGREEN12MLROW.jpg?v=1780171661,https://shop.millenniumgames.com/products/elysian-green-gaw22-30,https://shop.millenniumgames.com/products/elysian-green-gaw22-30,published;check_digit_valid,paint,5011921235032,Volume not established from listing.,2026-10-02
Citadel,Layer,Fire Dragon Bright,22-04,,,,5011921185146,5011921185146,EAN-13,https://cdn.shopify.com/s/files/1/0700/0621/0796/files/https___trade.games-workshop.com_assets_2026_03_EP210-22-04-99189951302-FIREDRAGONBRIGHT12MLROW.jpg?v=1780171689,https://shop.millenniumgames.com/products/fire-dragon-bright-gaw22-04,https://shop.millenniumgames.com/products/fire-dragon-bright-gaw22-04,published;check_digit_valid,paint,5011921185146,Volume not established from listing.,2026-10-02
Citadel,Layer,Flayed One Flesh,22-72,,,,5011921059362,5011921059362,EAN-13,https://cdn.shopify.com/s/files/1/0700/0621/0796/files/https-tradegames-workshopcom-assets-2019-05-flayed_1803b004-3b28-4180-9175-20ed66a8fa55.png?v=1780171650,https://shop.millenniumgames.com/products/flayed-one-flesh-gaw22-72,https://shop.millenniumgames.com/products/flayed-one-flesh-gaw22-72,published;check_digit_valid,paint,5011921059362,Volume not established from listing.,2026-10-02
Citadel,Layer,Fulgrim Pink,22-81,,,,5011921115143,5011921115143,EAN-13,https://cdn.shopify.com/s/files/1/0700/0621/0796/files/https-tradegames-workshopcom-assets-2019-06-layer.png?v=1780171721,https://shop.millenniumgames.com/products/fulgrim-pink-gaw22-81,https://shop.millenniumgames.com/products/fulgrim-pink-gaw22-81,published;check_digit_valid,paint,5011921115143,Volume not established from listing.,2026-10-02
Citadel,Layer,Fulgurite Copper,22-74,,,,5011921073283,5011921073283,EAN-13,https://cdn.shopify.com/s/files/1/0700/0621/0796/files/https-tradegames-workshopcom-assets-2019-05-fulgur_3d728265-a9fc-46c2-a5d7-b57e1a97ea2f.png?v=1780171627,https://shop.millenniumgames.com/products/fulgurite-copper-gaw22-74,https://shop.millenniumgames.com/products/fulgurite-copper-gaw22-74,published;check_digit_valid,paint,5011921073283,Volume not established from listing.,2026-10-02
Citadel,Layer,Gauss Blaster Green,22-78,,,,5011921235469,5011921235469,EAN-13,https://cdn.shopify.com/s/files/1/0700/0621/0796/files/gamers-guild-az-citadel-warhammer-colour-paint-layer-gauss-blaster-green-12ml-games-workshop-1230905992.jpg?v=1780171714,https://shop.millenniumgames.com/products/gauss-blaster-green-gaw22-78,https://shop.millenniumgames.com/products/gauss-blaster-green-gaw22-78,published;check_digit_valid,paint,5011921235469,Volume not established from listing.,2026-10-02
Citadel,Layer,Gehennas Gold,22-61,,,,5011921235322,5011921235322,EAN-13,https://cdn.shopify.com/s/files/1/0700/0621/0796/files/gamers-guild-az-citadel-warhammer-colour-paint-layer-gehenna-s-gold-12ml-games-workshop-1234822836.webp?v=1780171707,https://shop.millenniumgames.com/products/gehennas-gold-gaw22-61,https://shop.millenniumgames.com/products/gehennas-gold-gaw22-61,published;check_digit_valid,paint,5011921235322,Volume not established from listing.,2026-10-02
Citadel,Layer,Genestealer Purple,22-10,,,,5011921234844,5011921234844,EAN-13,https://cdn.shopify.com/s/files/1/0700/0621/0796/files/gamers-guild-az-citadel-warhammer-colour-paint-layer-genestealer-purple-12ml-games-workshop-1230905991.jpg?v=1780171657,https://shop.millenniumgames.com/products/genestealer-purple-gaw22-10,https://shop.millenniumgames.com/products/genestealer-purple-gaw22-10,published;check_digit_valid,paint,5011921234844,Volume not established from listing.,2026-10-02
Citadel,Layer,Gorthor Brown,22-47,,,,5011921235186,5011921235186,EAN-13,https://cdn.shopify.com/s/files/1/0700/0621/0796/files/https-tradegames-workshopcom-assets-2019-05-gortho_0d14b81f-b10c-483f-b736-e60b69aeac50.png?v=1780171630,https://shop.millenniumgames.com/products/gorthor-brown-gaw22-47,https://shop.millenniumgames.com/products/gorthor-brown-gaw22-47,published;check_digit_valid,paint,5011921235186,Volume not established from listing.,2026-10-02
Citadel,Layer,Hashut Copper,22-63,,,,5011921118823,5011921118823,EAN-13,https://cdn.shopify.com/s/files/1/0700/0621/0796/files/https___trade.games-workshop.com_assets_2026_03_EP210-22-63-99189951388-HASHUTCOPPER12MLROW.jpg?v=1780171641,https://shop.millenniumgames.com/products/hashut-copper-gaw22-63,https://shop.millenniumgames.com/products/hashut-copper-gaw22-63,published;check_digit_valid,paint,5011921118823,Volume not established from listing.,2026-10-02
Citadel,Layer,Hoeth Blue,22-14,,,,5011921185269,5011921185269,EAN-13,https://cdn.shopify.com/s/files/1/0700/0621/0796/files/https___trade.games-workshop.com_assets_2026_03_BSA-22-14-99189951312-HOETHBLUE12MLROW.jpg?v=1780171601,https://shop.millenniumgames.com/products/hoeth-blue-gaw22-14,https://shop.millenniumgames.com/products/hoeth-blue-gaw22-14,published;check_digit_valid,paint,5011921185269,Volume not established from listing.,2026-10-02
Citadel,Layer,Kakophoni Purple,22-86,,,,5011921117666,5011921117666,EAN-13,https://cdn.shopify.com/s/files/1/0700/0621/0796/files/https-tradegames-workshopcom-assets-2019-06-layer_8fbd584d-c9dd-4fe0-b82a-9107fd185067.png?v=1780171728,https://shop.millenniumgames.com/products/kakophoni-purple-gaw22-86,https://shop.millenniumgames.com/products/kakophoni-purple-gaw22-86,published;check_digit_valid,paint,5011921117666,Volume not established from listing.,2026-10-02
Citadel,Layer,Karak Stone,22-35,,,,5011921235070,5011921235070,EAN-13,https://cdn.shopify.com/s/files/1/0700/0621/0796/files/https-tradegames-workshopcom-assets-2019-05-karak_e5a093eb-b028-4db2-982e-d95fe8e3030f.png?v=1780171659,https://shop.millenniumgames.com/products/karak-stone-gaw22-35,https://shop.millenniumgames.com/products/karak-stone-gaw22-35,published;check_digit_valid,paint,5011921235070,Volume not established from listing.,2026-10-02
Citadel,Layer,Knight-Questor Flesh,22-93,,,,5011921235605,5011921235605,EAN-13,https://cdn.shopify.com/s/files/1/0700/0621/0796/files/https-tradegames-workshopcom-assets-2019-06-layer_3e565443-710e-43e9-a240-d0266fd351eb.png?v=1780171624,https://shop.millenniumgames.com/products/knight-questor-flesh-gaw22-93,https://shop.millenniumgames.com/products/knight-questor-flesh-gaw22-93,published;check_digit_valid,paint,5011921235605,Volume not established from listing.,2026-10-02
Citadel,Layer,Loren Forest,22-27,,,,5011921186280,5011921186280,EAN-13,https://cdn.shopify.com/s/files/1/0700/0621/0796/files/https-tradegames-workshopcom-assets-2019-05-loren_401a5b92-9d57-4768-bc4c-8d5fc250992e.png?v=1780171664,https://shop.millenniumgames.com/products/loren-forest-gaw22-27,https://shop.millenniumgames.com/products/loren-forest-gaw22-27,published;check_digit_valid,paint,5011921186280,Volume not established from listing.,2026-10-02
Citadel,Layer,Lothern Blue,22-18,,,,5011921234912,5011921234912,EAN-13,https://cdn.shopify.com/s/files/1/0700/0621/0796/files/gamers-guild-az-citadel-warhammer-colour-paint-layer-lothern-blue-12ml-games-workshop-1234822614.jpg?v=1780171694,https://shop.millenniumgames.com/products/lothern-blue-gaw22-18,https://shop.millenniumgames.com/products/lothern-blue-gaw22-18,published;check_digit_valid,paint,5011921234912,Volume not established from listing.,2026-10-02
Citadel,Layer,Lugganath Orange,22-85,,,,5011921187577,5011921187577,EAN-13,https://cdn.shopify.com/s/files/1/0700/0621/0796/files/https___trade.games-workshop.com_assets_2026_03_EP210-22-85-99189951381-LUGGANATHORANGE12MLROW.jpg?v=1780171725,https://shop.millenniumgames.com/products/lugganath-orange-gaw22-85,https://shop.millenniumgames.com/products/lugganath-orange-gaw22-85,published;check_digit_valid,paint,5011921187577,Volume not established from listing.,2026-10-02
Citadel,Layer,Moot Green,22-24,,,,5011921186228,5011921186228,EAN-13,https://cdn.shopify.com/s/files/1/0700/0621/0796/files/https-tradegames-workshopcom-assets-2019-05-moot-g_6a86e6fe-7394-4791-aa48-461ad65dadff.png?v=1780171666,https://shop.millenniumgames.com/products/moot-green-gaw22-24,https://shop.millenniumgames.com/products/moot-green-gaw22-24,published;check_digit_valid,paint,5011921186228,Volume not established from listing.,2026-10-02
Citadel,Layer,Nurgling Green,22-29,,,,5011921186327,5011921186327,EAN-13,https://cdn.shopify.com/s/files/1/0700/0621/0796/files/https___trade.games-workshop.com_assets_2026_03_BSA-22-29-99189951327-NURGLINGGREEN12MLROW.jpg?v=1780171698,https://shop.millenniumgames.com/products/nurgling-green-gaw22-29,https://shop.millenniumgames.com/products/nurgling-green-gaw22-29,published;check_digit_valid,paint,5011921186327,Volume not established from listing.,2026-10-02
Citadel,Layer,Ogryn Camo,22-31,,,,5011921186341,5011921186341,EAN-13,https://cdn.shopify.com/s/files/1/0700/0621/0796/files/https___trade.games-workshop.com_assets_2026_03_BSA-22-31-99189951329-OGRYNCAMO12MLROW.jpg?v=1780171596,https://shop.millenniumgames.com/products/ogryn-camo-gaw22-31,https://shop.millenniumgames.com/products/ogryn-camo-gaw22-31,published;check_digit_valid,paint,5011921186341,Volume not established from listing.,2026-10-02
Citadel,Layer,Pallid Wych Flesh,22-58,,,,5011921235292,5011921235292,EAN-13,https://cdn.shopify.com/s/files/1/0700/0621/0796/files/https___trade.games-workshop.com_assets_2026_03_EP210-22-58-99189951356-PALLIDWYCHFLESH12MLROW.jpg?v=1780171687,https://shop.millenniumgames.com/products/pallid-wych-flesh-gaw22-58,https://shop.millenniumgames.com/products/pallid-wych-flesh-gaw22-58,published;check_digit_valid,paint,5011921235292,Volume not established from listing.,2026-10-02
Citadel,Layer,Phalanx Yellow,22-88,,,,5011921117680,5011921117680,EAN-13,https://cdn.shopify.com/s/files/1/0700/0621/0796/files/https-tradegames-workshopcom-assets-2019-06-layer_8953cdf3-e261-47de-862c-44c70783a90f.png?v=1780171671,https://shop.millenniumgames.com/products/phalanx-yellow-gaw22-88,https://shop.millenniumgames.com/products/phalanx-yellow-gaw22-88,published;check_digit_valid,paint,5011921117680,Volume not established from listing.,2026-10-02
Citadel,Layer,Pink Horror,22-69,,,,5011921235384,5011921235384,EAN-13,https://cdn.shopify.com/s/files/1/0700/0621/0796/files/https-tradegames-workshopcom-assets-2019-05-pink-h_343ecbd2-56ab-4a50-a463-0be7afc0e8c0.png?v=1780171653,https://shop.millenniumgames.com/products/pink-horror-gaw22-69,https://shop.millenniumgames.com/products/pink-horror-gaw22-69,published;check_digit_valid,paint,5011921235384,Volume not established from listing.,2026-10-02
Citadel,Layer,Screaming Skull,22-33,,,,5011921186396,5011921186396,EAN-13,https://cdn.shopify.com/s/files/1/0700/0621/0796/files/https-tradegames-workshopcom-assets-2019-05-scream_ce582e94-bac4-4353-b14c-a2404adcfdec.png?v=1780171646,https://shop.millenniumgames.com/products/screaming-skull-gaw22-33,https://shop.millenniumgames.com/products/screaming-skull-gaw22-33,published;check_digit_valid,paint,5011921186396,Volume not established from listing.,2026-10-02
Citadel,Layer,Skarsnik Green,22-26,,,,5011921234998,5011921234998,EAN-13,https://cdn.shopify.com/s/files/1/0700/0621/0796/files/https-tradegames-workshopcom-assets-2019-05-loren_f2024ee8-f967-4e24-be62-c0863640090a.png?v=1780171584,https://shop.millenniumgames.com/products/skarsnik-green-gaw22-26,https://shop.millenniumgames.com/products/skarsnik-green-gaw22-26,published;check_digit_valid,paint,5011921234998,Volume not established from listing.,2026-10-02
Citadel,Layer,Skavenblight Dinge,22-54,,,,5011921027903,5011921027903,EAN-13,https://cdn.shopify.com/s/files/1/0700/0621/0796/files/https-tradegames-workshopcom-assets-2019-05-skaven_db188d40-4b49-4afc-a97c-5496d5176136.png?v=1780171610,https://shop.millenniumgames.com/products/skavenblight-dinge-gaw22-54,https://shop.millenniumgames.com/products/skavenblight-dinge-gaw22-54,published;check_digit_valid,paint,5011921027903,Volume not established from listing.,2026-10-02
Citadel,Layer,Skrag Brown,22-40,,,,5011921186525,5011921186525,EAN-13,https://cdn.shopify.com/s/files/1/0700/0621/0796/files/https-tradegames-workshopcom-assets-2019-05-skrag_f534efd7-7cc0-477f-a59b-bec378feeb61.png?v=1780171612,https://shop.millenniumgames.com/products/skrag-brown-gaw22-40,https://shop.millenniumgames.com/products/skrag-brown-gaw22-40,published;check_digit_valid,paint,5011921186525,Volume not established from listing.,2026-10-02
Citadel,Layer,Slaanesh Grey,22-12,,,,5011921026753,5011921026753,EAN-13,https://cdn.shopify.com/s/files/1/0700/0621/0796/files/https-tradegames-workshopcom-assets-2019-05-slaane_75815e8a-0206-4010-a47a-c3af3f66958b.png?v=1780171614,https://shop.millenniumgames.com/products/slaanesh-grey-gaw22-12,https://shop.millenniumgames.com/products/slaanesh-grey-gaw22-12,published;check_digit_valid,paint,5011921026753,Volume not established from listing.,2026-10-02
Citadel,Layer,Sons of Horus Green,22-87,,,,5011921117673,5011921117673,EAN-13,https://cdn.shopify.com/s/files/1/0700/0621/0796/files/https-tradegames-workshopcom-assets-2019-06-layer_2fbf6088-5256-44f0-aba1-db40efe0852d.png?v=1780171730,https://shop.millenniumgames.com/products/sons-of-horus-green-gaw22-87,https://shop.millenniumgames.com/products/sons-of-horus-green-gaw22-87,published;check_digit_valid,paint,5011921117673,Volume not established from listing.,2026-10-02
Citadel,Layer,Sotek Green,22-19,,,,5011921234929,5011921234929,EAN-13,https://cdn.shopify.com/s/files/1/0700/0621/0796/files/gamers-guild-az-citadel-warhammer-colour-paint-layer-sotek-green-12ml-games-workshop-1230913445.jpg?v=1780171696,https://shop.millenniumgames.com/products/sotek-green-gaw22-19,https://shop.millenniumgames.com/products/sotek-green-gaw22-19,published;check_digit_valid,paint,5011921234929,Volume not established from listing.,2026-10-02
Citadel,Layer,Squig Orange,22-08,,,,5011921026708,5011921026708,EAN-13,https://cdn.shopify.com/s/files/1/0700/0621/0796/files/https-tradegames-workshopcom-assets-2019-05-squig_f5bfbb4f-b572-4a6a-a95c-44c5b1c48849.png?v=1780171639,https://shop.millenniumgames.com/products/squig-orange-gaw22-08,https://shop.millenniumgames.com/products/squig-orange-gaw22-08,published;check_digit_valid,paint,5011921026708,Volume not established from listing.,2026-10-02
Citadel,Layer,Stormvermin Fur,22-55,,,,5011921235261,5011921235261,EAN-13,https://cdn.shopify.com/s/files/1/0700/0621/0796/files/gamers-guild-az-citadel-warhammer-colour-paint-layer-stormvermin-fur-12ml-games-workshop-1230913439.jpg?v=1780171677,https://shop.millenniumgames.com/products/stormvermin-fur-gaw22-55,https://shop.millenniumgames.com/products/stormvermin-fur-gaw22-55,published;check_digit_valid,paint,5011921235261,Volume not established from listing.,2026-10-02
Citadel,Layer,Sybarite Green,22-22,,,,5011921234950,5011921234950,EAN-13,https://cdn.shopify.com/s/files/1/0700/0621/0796/files/gamers-guild-az-citadel-warhammer-colour-paint-layer-sybarite-green-12ml-games-workshop-1230913440.jpg?v=1780171580,https://shop.millenniumgames.com/products/sybarite-green-gaw22-22,https://shop.millenniumgames.com/products/sybarite-green-gaw22-22,published;check_digit_valid,paint,5011921234950,Volume not established from listing.,2026-10-02
Citadel,Layer,Sycorax Bronze,22-64,,,,5011921186815,5011921186815,EAN-13,https://cdn.shopify.com/s/files/1/0700/0621/0796/files/https-tradegames-workshopcom-assets-2019-05-sycora_7e0ea602-0ce0-41bc-ba91-0cc335422625.png?v=1780171709,https://shop.millenniumgames.com/products/sycorax-bronze-gaw22-64,https://shop.millenniumgames.com/products/sycorax-bronze-gaw22-64,published;check_digit_valid,paint,5011921186815,Volume not established from listing.,2026-10-02
Citadel,Layer,T'au Light Ochre,22-42,,,,5011921235131,5011921235131,EAN-13,https://cdn.shopify.com/s/files/1/0700/0621/0796/files/gamers-guild-az-citadel-warhammer-colour-paint-layer-t-au-light-ochre-12ml-games-workshop-1230913437.jpg?v=1780171591,https://shop.millenniumgames.com/products/tau-light-ochre-gaw22-42,https://shop.millenniumgames.com/products/tau-light-ochre-gaw22-42,published;check_digit_valid,paint,5011921235131,Volume not established from listing.,2026-10-02
Citadel,Layer,Tallarn Sand,22-34,,,,5011921186402,5011921186402,EAN-13,https://cdn.shopify.com/s/files/1/0700/0621/0796/files/citadel-layer-tallarn-sand-12ml.jpg?v=1780171598,https://shop.millenniumgames.com/products/tallarn-sand-gaw22-34,https://shop.millenniumgames.com/products/tallarn-sand-gaw22-34,published;check_digit_valid,paint,5011921186402,Volume not established from listing.,2026-10-02
Citadel,Layer,Teclis Blue,22-17,,,,5011921186105,5011921186105,EAN-13,https://cdn.shopify.com/s/files/1/0700/0621/0796/files/https___trade.games-workshop.com_assets_2026_03_BSA-22-17-99189951315-TECLISBLUE12MLROW.jpg?v=1780171603,https://shop.millenniumgames.com/products/teclis-blue-gaw22-17,https://shop.millenniumgames.com/products/teclis-blue-gaw22-17,published;check_digit_valid,paint,5011921186105,Volume not established from listing.,2026-10-02
Citadel,Layer,Temple Guard Blue,22-20,,,,5011921186143,5011921186143,EAN-13,https://cdn.shopify.com/s/files/1/0700/0621/0796/files/https-tradegames-workshopcom-assets-2019-05-temple_bfeceecb-682d-4820-b9be-02820dd12504.png?v=1780171680,https://shop.millenniumgames.com/products/temple-guard-blue-gaw22-20,https://shop.millenniumgames.com/products/temple-guard-blue-gaw22-20,published;check_digit_valid,paint,5011921186143,Volume not established from listing.,2026-10-02
Citadel,Layer,Tuskgor Fur,22-46,,,,5011921186587,5011921186587,EAN-13,https://cdn.shopify.com/s/files/1/0700/0621/0796/files/https___trade.games-workshop.com_assets_2026_03_BSA-22-46-99189951344-TUSKGORFUR12MLROW.jpg?v=1780171705,https://shop.millenniumgames.com/products/tuskgor-fur-gaw22-46,https://shop.millenniumgames.com/products/tuskgor-fur-gaw22-46,published;check_digit_valid,paint,5011921186587,Volume not established from listing.,2026-10-02
Citadel,Layer,Ulthuan Grey,22-56,,,,5011921235278,5011921235278,EAN-13,https://cdn.shopify.com/s/files/1/0700/0621/0796/files/gamers-guild-az-citadel-warhammer-colour-paint-layer-ulthuan-grey-12ml-games-workshop-1230913432.jpg?v=1780171648,https://shop.millenniumgames.com/products/ulthuan-grey-gaw22-56,https://shop.millenniumgames.com/products/ulthuan-grey-gaw22-56,published;check_digit_valid,paint,5011921235278,Volume not established from listing.,2026-10-02
Citadel,Layer,Ungor Flesh,22-39,,,,5011921027682,5011921027682,EAN-13,https://cdn.shopify.com/s/files/1/0700/0621/0796/files/https-tradegames-workshopcom-assets-2019-05-ungor_709d7ab7-b2a2-4332-b196-2dd6336cc7d7.png?v=1780171594,https://shop.millenniumgames.com/products/ungor-flesh-gaw22-39,https://shop.millenniumgames.com/products/ungor-flesh-gaw22-39,published;check_digit_valid,paint,5011921027682,Volume not established from listing.,2026-10-02
Citadel,Layer,Warboss Green,22-25,,,,5011921027286,5011921027286,EAN-13,https://cdn.shopify.com/s/files/1/0700/0621/0796/files/https-tradegames-workshopcom-assets-2019-05-warbos_0f8077ee-0f90-4121-9105-c244f4583e4c.png?v=1780171577,https://shop.millenniumgames.com/products/warboss-green-gaw22-25,https://shop.millenniumgames.com/products/warboss-green-gaw22-25,published;check_digit_valid,paint,5011921027286,Volume not established from listing.,2026-10-02
Citadel,Layer,Warpfiend Grey,22-11,,,,5011921185214,5011921185214,EAN-13,https://cdn.shopify.com/s/files/1/0700/0621/0796/files/citadel-layer-warpfiend-grey-12ml.jpg?v=1780171605,https://shop.millenniumgames.com/products/warpfiend-grey-gaw22-11,https://shop.millenniumgames.com/products/warpfiend-grey-gaw22-11,published;check_digit_valid,paint,5011921185214,Volume not established from listing.,2026-10-02
Citadel,Layer,Warpstone Glow,22-23,,,,5011921234967,5011921234967,EAN-13,https://cdn.shopify.com/s/files/1/0700/0621/0796/files/gamers-guild-az-citadel-warhammer-colour-paint-layer-warpstone-glow-12ml-games-workshop-1230913428.jpg?v=1780171668,https://shop.millenniumgames.com/products/warpstone-glow-gaw22-23,https://shop.millenniumgames.com/products/warpstone-glow-gaw22-23,published;check_digit_valid,paint,5011921234967,Volume not established from listing.,2026-10-02
Citadel,Layer,Wazdakka Red,22-07,,,,5011921026692,5011921026692,EAN-13,https://cdn.shopify.com/s/files/1/0700/0621/0796/files/https-tradegames-workshopcom-assets-2019-05-wazdak_72b4e18e-56bf-41a8-bbc9-9d0b1636a9c5.png?v=1780171655,https://shop.millenniumgames.com/products/wazdakka-red-gaw22-07,https://shop.millenniumgames.com/products/wazdakka-red-gaw22-07,published;check_digit_valid,paint,5011921026692,Volume not established from listing.,2026-10-02
Citadel,Layer,Word Bearers Red,22-91,,,,5011921117710,5011921117710,EAN-13,https://cdn.shopify.com/s/files/1/0700/0621/0796/files/https-tradegames-workshopcom-assets-2019-06-layer_f0ccde30-4632-476a-9db0-bd26b6265b28.png?v=1780171619,https://shop.millenniumgames.com/products/word-bearers-red-gaw22-91,https://shop.millenniumgames.com/products/word-bearers-red-gaw22-91,published;check_digit_valid,paint,5011921117710,Volume not established from listing.,2026-10-02
Citadel,Layer,Xereus Purple,22-09,,,,5011921026722,5011921026722,EAN-13,https://cdn.shopify.com/s/files/1/0700/0621/0796/files/https-tradegames-workshopcom-assets-2019-05-xereus_3ac8a4d3-c5f1-43b9-9e3f-cc8ca7d8638f.png?v=1780171691,https://shop.millenniumgames.com/products/xereus-purple-gaw22-09,https://shop.millenniumgames.com/products/xereus-purple-gaw22-09,published;check_digit_valid,paint,5011921026722,Volume not established from listing.,2026-10-02
Citadel,Layer,Zamesi Desert,22-44,,,,5011921186563,5011921186563,EAN-13,https://cdn.shopify.com/s/files/1/0700/0621/0796/files/https-tradegames-workshopcom-assets-2019-05-zamesi_01605328-8b2d-41c5-83e9-37c1a3c58cd0.png?v=1780171587,https://shop.millenniumgames.com/products/zamesi-desert-gaw22-44,https://shop.millenniumgames.com/products/zamesi-desert-gaw22-44,published;check_digit_valid,paint,5011921186563,Volume not established from listing.,2026-10-02
Citadel,Shade,Athonian Camoshade,24-21,,,,5011921068838,5011921068838,EAN-13,https://cdn.shopify.com/s/files/1/0700/0621/0796/files/https-tradegames-workshopcom-assets-2019-05-shade_abb8a667-db57-4458-b3f9-3996403bf007.png?v=1780171790,https://shop.millenniumgames.com/products/athonian-camoshade-gaw24-21,https://shop.millenniumgames.com/products/athonian-camoshade-gaw24-21,published;check_digit_valid,paint,5011921068838,Volume not established from listing.,2026-10-02
Citadel,Shade,Berserker Bloodshade,24-34,,,,5011921176397,5011921176397,EAN-13,https://cdn.shopify.com/s/files/1/0700/0621/0796/files/Berzerker_Bloodshade_18ml_2022_New.png?v=1780171812,https://shop.millenniumgames.com/products/berserker-bloodshade-gaw24-34,https://shop.millenniumgames.com/products/berserker-bloodshade-gaw24-34,published;check_digit_valid,paint,5011921176397,Volume not established from listing.,2026-10-02
Citadel,Shade,Biel-Tan Green,24-19,,,,5011921176458,5011921176458,EAN-13,https://cdn.shopify.com/s/files/1/0700/0621/0796/files/gamers-guild-az-citadel-warhammer-colour-paint-shade-biel-tan-green-18ml-games-workshop-1230913416.jpg?v=1780171782,https://shop.millenniumgames.com/products/biel-tan-green-gaw24-19,https://shop.millenniumgames.com/products/biel-tan-green-gaw24-19,published;check_digit_valid,paint,5011921176458,Volume not established from listing.,2026-10-02
Citadel,Shade,Carroburg Crimson,24-13,,,,5011921068753,5011921068753,EAN-13,https://cdn.shopify.com/s/files/1/0700/0621/0796/files/https-tradegames-workshopcom-assets-2019-05-shade_fbe99fd8-8cce-4b05-8f99-ab417a2237b5.png?v=1780171786,https://shop.millenniumgames.com/products/carroburg-crimson-gaw24-13,https://shop.millenniumgames.com/products/carroburg-crimson-gaw24-13,published;check_digit_valid,paint,5011921068753,Volume not established from listing.,2026-10-02
Citadel,Shade,Casandora Yellow,24-18,,,,5011921176519,5011921176519,EAN-13,https://cdn.shopify.com/s/files/1/0700/0621/0796/files/https-tradegames-workshopcom-assets-2019-05-shade_2b45c2c5-f845-4893-bd36-5786743f2637.png?v=1780171777,https://shop.millenniumgames.com/products/casandora-yellow-gaw24-18,https://shop.millenniumgames.com/products/casandora-yellow-gaw24-18,published;check_digit_valid,paint,5011921176519,Volume not established from listing.,2026-10-02
Citadel,Shade,Citadel Shade: Agrax Earthshade,24-15,,,,5011921176441,5011921176441,EAN-13,https://cdn.shopify.com/s/files/1/0700/0621/0796/files/99189953084_56189953084_SHADE_AGRAX_EARTHSHADE_18ML.jpg?v=1782223493,https://shop.millenniumgames.com/products/citadel-shade-agrax-earthshade,https://shop.millenniumgames.com/products/citadel-shade-agrax-earthshade,published;check_digit_valid,paint,5011921176441,Volume not established from listing.,2026-10-02
Citadel,Shade,Citadel Shade: Drakenhof Nightshade,24-17,,,,5011921068791,5011921068791,EAN-13,https://cdn.shopify.com/s/files/1/0700/0621/0796/files/99189953090_56189953090_SHADE_DRAKENHOF_NIGHTSHADE_18ML.jpg?v=1782223587,https://shop.millenniumgames.com/products/citadel-shade-drakenhof-nightshade,https://shop.millenniumgames.com/products/citadel-shade-drakenhof-nightshade,published;check_digit_valid,paint,5011921068791,Volume not established from listing.,2026-10-02
Citadel,Shade,Citadel Shade: Fuegan Orange,24-20,,,,5011921068821,5011921068821,EAN-13,https://cdn.shopify.com/s/files/1/0700/0621/0796/files/99189953080_56189953080_SHADE_FUEGAN_ORANGE_18ML.jpg?v=1782223335,https://shop.millenniumgames.com/products/citadel-shade-fuegan-orange,https://shop.millenniumgames.com/products/citadel-shade-fuegan-orange,published;check_digit_valid,paint,5011921068821,Volume not established from listing.,2026-10-02
Citadel,Shade,Citadel Shade: Nuln Oil,24-14,,,,5011921068760,5011921068760,EAN-13,https://cdn.shopify.com/s/files/1/0700/0621/0796/files/99189953083_56189953083_SHADE_NULN_OIL_18ML.jpg?v=1782223476,https://shop.millenniumgames.com/products/citadel-shade-nuln-oil,https://shop.millenniumgames.com/products/citadel-shade-nuln-oil,published;check_digit_valid,paint,5011921068760,Volume not established from listing.,2026-10-02
Citadel,Shade,Citadel Shade: Seraphim Sepia,24-23,,,,5011921026951,5011921026951,EAN-13,https://cdn.shopify.com/s/files/1/0700/0621/0796/files/99189953086_56189953086_SHADE_SERAPHIM_SEPIA_18ML.jpg?v=1782223343,https://shop.millenniumgames.com/products/citadel-shade-seraphim-sepia,https://shop.millenniumgames.com/products/citadel-shade-seraphim-sepia,published;check_digit_valid,paint,5011921026951,Volume not established from listing.,2026-10-02
Citadel,Shade,Coelia Greenshade,24-22,,,,5011921176533,5011921176533,EAN-13,https://cdn.shopify.com/s/files/1/0700/0621/0796/files/https-tradegames-workshopcom-assets-2019-05-shade_bba982f6-5fd9-43c7-8cf1-dadac84592ec.png?v=1780171780,https://shop.millenniumgames.com/products/coelia-greenshade-gaw24-22,https://shop.millenniumgames.com/products/coelia-greenshade-gaw24-22,published;check_digit_valid,paint,5011921176533,Volume not established from listing.,2026-10-02
Citadel,Shade,Druchii Violet,24-16,,,,5011921176526,5011921176526,EAN-13,https://cdn.shopify.com/s/files/1/0700/0621/0796/files/gamers-guild-az-citadel-warhammer-colour-paint-shade-druchii-violet-18ml-games-workshop-1230913411.jpg?v=1780171788,https://shop.millenniumgames.com/products/druchii-violet-gaw24-16,https://shop.millenniumgames.com/products/druchii-violet-gaw24-16,published;check_digit_valid,paint,5011921176526,Volume not established from listing.,2026-10-02
Citadel,Shade,Kroak Green,24-29,,,,5011921176359,5011921176359,EAN-13,https://cdn.shopify.com/s/files/1/0700/0621/0796/files/gamers-guild-az-citadel-citadel-paint-shade-kroak-green-18ml-games-workshop-30691793535181.jpg?v=1780171805,https://shop.millenniumgames.com/products/kroak-green-gaw24-29,https://shop.millenniumgames.com/products/kroak-green-gaw24-29,published;check_digit_valid,paint,5011921176359,Volume not established from listing.,2026-10-02
Citadel,Shade,Mortarion Grime,24-32,,,,5011921176373,5011921176373,EAN-13,https://cdn.shopify.com/s/files/1/0700/0621/0796/files/gamers-guild-az-citadel-citadel-paint-shade-mortarion-grime-18ml-games-workshop-30691772367053.png?v=1780171798,https://shop.millenniumgames.com/products/mortarion-grime-gaw24-32,https://shop.millenniumgames.com/products/mortarion-grime-gaw24-32,published;check_digit_valid,paint,5011921176373,Volume not established from listing.,2026-10-02
Citadel,Shade,Poxwalker,24-30,,,,5011921176410,5011921176410,EAN-13,https://cdn.shopify.com/s/files/1/0700/0621/0796/files/https___trade.games-workshop.com_assets_2022_06_Poxwalker_18ml_2022_New.png?v=1780171808,https://shop.millenniumgames.com/products/poxwalker-gaw24-30,https://shop.millenniumgames.com/products/poxwalker-gaw24-30,published;check_digit_valid,paint,5011921176410,Volume not established from listing.,2026-10-02
Citadel,Shade,Soulblight Grey,24-35,,,,5011921176403,5011921176403,EAN-13,https://cdn.shopify.com/s/files/1/0700/0621/0796/files/https___trade.games-workshop.com_assets_2022_06_Soulblight_Grey_18ml_2022_New.png?v=1780171815,https://shop.millenniumgames.com/products/soulblight-grey-gaw24-35,https://shop.millenniumgames.com/products/soulblight-grey-gaw24-35,published;check_digit_valid,paint,5011921176403,Volume not established from listing.,2026-10-02
Citadel,Shade,Targor Rageshade,24-31,,,,5011921176366,5011921176366,EAN-13,https://cdn.shopify.com/s/files/1/0700/0621/0796/files/https___trade.games-workshop.com_assets_2022_06_Targor_Rageshade_18ml_2022_New.png?v=1780171802,https://shop.millenniumgames.com/products/targor-rageshade-gaw24-31,https://shop.millenniumgames.com/products/targor-rageshade-gaw24-31,published;check_digit_valid,paint,5011921176366,Volume not established from listing.,2026-10-02
Citadel,Shade,Tyran Blue,24-33,,,,5011921176380,5011921176380,EAN-13,https://cdn.shopify.com/s/files/1/0700/0621/0796/files/https___trade.games-workshop.com_assets_2022_06_Tyran_Blue_18ml_2022_New.png?v=1780171794,https://shop.millenniumgames.com/products/tyran-blue-gaw24-33,https://shop.millenniumgames.com/products/tyran-blue-gaw24-33,published;check_digit_valid,paint,5011921176380,Volume not established from listing.,2026-10-02
Citadel,Technical,'Ardcoat,27-03,,,,5011921193066,5011921193066,EAN-13,https://cdn.shopify.com/s/files/1/0700/0621/0796/files/gamers-guild-az-citadel-citadel-paint-technical-ardcoat-24ml-games-workshop-30691864084685.jpg?v=1780171842,https://shop.millenniumgames.com/products/ardcoat-gaw27-03,https://shop.millenniumgames.com/products/ardcoat-gaw27-03,published;check_digit_valid,varnish,5011921193066,Volume not established from listing.,2026-10-02
Citadel,Technical,Agrellan Badland,27-23,,,,5011921192953,5011921192953,EAN-13,https://cdn.shopify.com/s/files/1/0700/0621/0796/files/agrellan-badland-technical-24ml-paint-citadel.png?v=1780171820,https://shop.millenniumgames.com/products/agrellan-badland-gaw27-23,https://shop.millenniumgames.com/products/agrellan-badland-gaw27-23,published;check_digit_valid,texture/effect,5011921192953,Volume not established from listing.,2026-10-02
Citadel,Technical,Agrellan Earth,27-22,,,,5011921192946,5011921192946,EAN-13,https://cdn.shopify.com/s/files/1/0700/0621/0796/files/gamers-guild-az-citadel-citadel-paint-technical-agrellan-earth-24ml-games-workshop-30691855302861.jpg?v=1780171830,https://shop.millenniumgames.com/products/agrellan-earth-gaw27-22,https://shop.millenniumgames.com/products/agrellan-earth-gaw27-22,published;check_digit_valid,texture/effect,5011921192946,Volume not established from listing.,2026-10-02
Citadel,Technical,Armageddon Dust,27-28,,,,5011921193004,5011921193004,EAN-13,https://cdn.shopify.com/s/files/1/0700/0621/0796/files/https___trade.games-workshop.com_assets_2026_03_BSA-27-28-99189956098-ARMAGEDDONDUST24MLROW.jpg?v=1780171857,https://shop.millenniumgames.com/products/armageddon-dust-gaw27-28,https://shop.millenniumgames.com/products/armageddon-dust-gaw27-28,published;check_digit_valid,texture/effect,5011921193004,Volume not established from listing.,2026-10-02
Citadel,Technical,Astrogranite,27-30,,,,5011921193028,5011921193028,EAN-13,https://cdn.shopify.com/s/files/1/0700/0621/0796/files/gamers-guild-az-citadel-citadel-paint-technical-astrogranite-24ml-games-workshop-31856242196685.webp?v=1780171826,https://shop.millenniumgames.com/products/astrogranite-gaw27-30,https://shop.millenniumgames.com/products/astrogranite-gaw27-30,published;check_digit_valid,texture/effect,5011921193028,Volume not established from listing.,2026-10-02
Citadel,Technical,Blood for the Blood God,27-05,,,,5011921192861,5011921192861,EAN-13,https://cdn.shopify.com/s/files/1/0700/0621/0796/files/citadel-technical-blood-for-the-blood-god-12ml.jpg?v=1780171835,https://shop.millenniumgames.com/products/blood-for-the-blood-god-gaw27-05,https://shop.millenniumgames.com/products/blood-for-the-blood-god-gaw27-05,published;check_digit_valid,paint,5011921192861,Volume not established from listing.,2026-10-02
Citadel,Technical,Citadel Technical: Lahmian Medium,27-02,,,,5011921121328,5011921121328,EAN-13,https://cdn.shopify.com/s/files/1/0700/0621/0796/files/71MJuuUCnpL._AC_SL1500.jpg?v=1784055008,https://shop.millenniumgames.com/products/citadel-technical-lahmian-medium,https://shop.millenniumgames.com/products/citadel-technical-lahmian-medium,published;check_digit_valid,medium/auxiliary,5011921121328,Volume not established from listing.,2026-10-02
Citadel,Technical,Citadel Technical: Nihilakh Oxide,27-06,,,,5011921048052,5011921048052,EAN-13,https://cdn.shopify.com/s/files/1/0700/0621/0796/files/99189956122_56189956122_TECHNICAL_NIHILAKH_OXIDE_12ML.jpg?v=1782223454,https://shop.millenniumgames.com/products/citadel-technical-nihilakh-oxide,https://shop.millenniumgames.com/products/citadel-technical-nihilakh-oxide,published;check_digit_valid,paint,5011921048052,Volume not established from listing.,2026-10-02
Citadel,Technical,Martian Ironcrust,27-25,,,,5011921192977,5011921192977,EAN-13,https://cdn.shopify.com/s/files/1/0700/0621/0796/files/martian-ironcrust-technical-24ml-paint-citadel.png?v=1780171824,https://shop.millenniumgames.com/products/martian-ironcrust-gaw27-25,https://shop.millenniumgames.com/products/martian-ironcrust-gaw27-25,published;check_digit_valid,texture/effect,5011921192977,Volume not established from listing.,2026-10-02
Citadel,Technical,Martian Ironearth,27-24,,,,5011921192960,5011921192960,EAN-13,https://cdn.shopify.com/s/files/1/0700/0621/0796/files/gamers-guild-az-citadel-citadel-paint-technical-martian-ironearth-24ml-games-workshop-30691799400653.jpg?v=1780171853,https://shop.millenniumgames.com/products/martian-ironearth-gaw27-24,https://shop.millenniumgames.com/products/martian-ironearth-gaw27-24,published;check_digit_valid,texture/effect,5011921192960,Volume not established from listing.,2026-10-02
Citadel,Technical,Mordant Earth,27-21,,,,5011921192939,5011921192939,EAN-13,https://cdn.shopify.com/s/files/1/0700/0621/0796/files/mordant-earth-technical-24ml-paint-citadel.png?v=1780171849,https://shop.millenniumgames.com/products/mordant-earth-gaw27-21,https://shop.millenniumgames.com/products/mordant-earth-gaw27-21,published;check_digit_valid,paint,5011921192939,Volume not established from listing.,2026-10-02
Citadel,Technical,Nurgle's Rot,27-09,,,,5011921192885,5011921192885,EAN-13,https://cdn.shopify.com/s/files/1/0700/0621/0796/files/citadel-technical-nurgles-rot-12ml.jpg?v=1780171817,https://shop.millenniumgames.com/products/nurgles-rot-gaw27-09,https://shop.millenniumgames.com/products/nurgles-rot-gaw27-09,published;check_digit_valid,paint,5011921192885,Volume not established from listing.,2026-10-02
Citadel,Technical,Soulstone Blue,27-13,,,,5011921192915,5011921192915,EAN-13,https://cdn.shopify.com/s/files/1/0700/0621/0796/files/gamers-guild-az-citadel-citadel-paint-technical-soulstone-blue-12ml-games-workshop-30691855171789.jpg?v=1780171846,https://shop.millenniumgames.com/products/soulstone-blue-gaw27-13,https://shop.millenniumgames.com/products/soulstone-blue-gaw27-13,published;check_digit_valid,paint,5011921192915,Volume not established from listing.,2026-10-02
Citadel,Technical,Spiritstone Red,27-12,,,,5011921073306,5011921073306,EAN-13,https://cdn.shopify.com/s/files/1/0700/0621/0796/files/https-tradegames-workshopcom-assets-2019-05-spirit_fbc01ad2-0c84-408b-bc6f-60a2eb7fc098.png?v=1780171837,https://shop.millenniumgames.com/products/spiritstone-red-gaw27-12,https://shop.millenniumgames.com/products/spiritstone-red-gaw27-12,published;check_digit_valid,paint,5011921073306,Volume not established from listing.,2026-10-02
Citadel,Technical,Stirland Mud,27-26,,,,5011921121250,5011921121250,EAN-13,https://cdn.shopify.com/s/files/1/0700/0621/0796/files/https-tradegames-workshopcom-assets-2019-05-techni_561b9368-a93d-40cd-99e7-df374471b6ee.png?v=1780171855,https://shop.millenniumgames.com/products/stirland-mud-gaw27-26,https://shop.millenniumgames.com/products/stirland-mud-gaw27-26,published;check_digit_valid,texture/effect,5011921121250,Volume not established from listing.,2026-10-02
Citadel,Technical,Stormshield,27-34,,,,5011921193080,5011921193080,EAN-13,https://cdn.shopify.com/s/files/1/0700/0621/0796/files/gamers-guild-az-citadel-citadel-paint-technical-stormshield-24ml-games-workshop-30691816308941.jpg?v=1780171830,https://shop.millenniumgames.com/products/stormshield-gaw27-34,https://shop.millenniumgames.com/products/stormshield-gaw27-34,published;check_digit_valid,varnish,5011921193080,Volume not established from listing.,2026-10-02
Citadel,Technical,Tesseract Glow,27-35,,,,5011921193097,5011921193097,EAN-13,https://cdn.shopify.com/s/files/1/0700/0621/0796/files/https___trade.games-workshop.com_assets_2020_07_TR-99189956053-TesseractGlowTechnical.png?v=1780171864,https://shop.millenniumgames.com/products/tesseract-glow-gaw27-35,https://shop.millenniumgames.com/products/tesseract-glow-gaw27-35,published;check_digit_valid,paint,5011921193097,Volume not established from listing.,2026-10-02
Citadel,Technical,Typhus Corrosion,27-10,,,,5011921048090,5011921048090,EAN-13,https://cdn.shopify.com/s/files/1/0700/0621/0796/files/https-tradegames-workshopcom-assets-2019-05-typhus_f41e2af9-520e-4c6a-b699-6bc2b6360a5b.png?v=1780171844,https://shop.millenniumgames.com/products/typhus-corrosion-gaw27-10,https://shop.millenniumgames.com/products/typhus-corrosion-gaw27-10,published;check_digit_valid,paint,5011921048090,Volume not established from listing.,2026-10-02
Citadel,Technical,Valhallan Blizzard,27-32,,,,5011921193042,5011921193042,EAN-13,https://cdn.shopify.com/s/files/1/0700/0621/0796/files/gamers-guild-az-citadel-citadel-paint-technical-valhallan-blizzard-24ml-games-workshop-30691816603853.jpg?v=1780171839,https://shop.millenniumgames.com/products/valhallan-blizzard-gaw27-32,https://shop.millenniumgames.com/products/valhallan-blizzard-gaw27-32,published;check_digit_valid,paint,5011921193042,Volume not established from listing.,2026-10-02
Citadel,Technical,Waystone Green,27-14,,,,5011921073320,5011921073320,EAN-13,https://cdn.shopify.com/s/files/1/0700/0621/0796/files/https-tradegames-workshopcom-assets-2019-05-waysto_10baa02b-a973-4b1d-8a8d-73ae8c92e8f7.png?v=1780171833,https://shop.millenniumgames.com/products/waystone-green-gaw27-14,https://shop.millenniumgames.com/products/waystone-green-gaw27-14,published;check_digit_valid,paint,5011921073320,Volume not established from listing.,2026-10-02
Citadel,Unspecified,Munitorum Varnish,62-03,,,,5011921193349,5011921193349,EAN-13,https://cdn.shopify.com/s/files/1/0700/0621/0796/files/gamers-guild-az-citadel-citadel-spray-paint-munitorum-varnish-games-workshop-51601284071629.webp?v=1780171762,https://shop.millenniumgames.com/products/munitorum-varnish-gaw62-03,https://shop.millenniumgames.com/products/munitorum-varnish-gaw62-03,published;check_digit_valid,varnish,5011921193349,Volume not established from listing.,2026-10-02
Pro Acryl,1-Step,PRO Acryl 1-Step 500 - Blue,MPA500,,22,655368408984,0655368408984,655368408984,UPC-A,https://cdn.shopify.com/s/files/1/0542/1514/7693/files/MH-22-ml-1step-blue_d19f981a-f665-4928-a2e2-1ee8799751f7.png?v=1773332083,https://monumenthobbies.com/products/pro-acryl-1-step-500-blue,https://monumenthobbies.com/products/pro-acryl-1-step-500-blue,published;check_digit_valid,paint,655368408984,,2026-10-02
Pro Acryl,1-Step,PRO Acryl 1-Step 501 - Royal Purple,MPA501,,22,655368409059,0655368409059,655368409059,UPC-A,https://cdn.shopify.com/s/files/1/0542/1514/7693/files/MH-22-ml-1step-royalpurple.png?v=1773332147,https://monumenthobbies.com/products/pro-acryl-1-step-501-royal-purple,https://monumenthobbies.com/products/pro-acryl-1-step-501-royal-purple,published;check_digit_valid,paint,655368409059,,2026-10-02
Pro Acryl,1-Step,PRO Acryl 1-Step 502 - Crimson,MPA502,,22,655368411717,0655368411717,655368411717,UPC-A,https://cdn.shopify.com/s/files/1/0542/1514/7693/files/MH-22-ml-1step-crimson.png?v=1773333643,https://monumenthobbies.com/products/pro-acryl-1-step-502-crimson,https://monumenthobbies.com/products/pro-acryl-1-step-502-crimson,published;check_digit_valid,paint,655368411717,,2026-10-02
Pro Acryl,1-Step,PRO Acryl 1-Step 503 - Dark Blue Black,MPA503,,22,655368415692,0655368415692,655368415692,UPC-A,https://cdn.shopify.com/s/files/1/0542/1514/7693/files/MH-22-ml-1step-darkblueblack.png?v=1773333518,https://monumenthobbies.com/products/pro-acryl-1-step-503-dark-blue-black,https://monumenthobbies.com/products/pro-acryl-1-step-503-dark-blue-black,published;check_digit_valid,paint,655368415692,,2026-10-02
Pro Acryl,1-Step,PRO Acryl 1-Step 504 - Warm Yellow,MPA504,,22,655368416255,0655368416255,655368416255,UPC-A,https://cdn.shopify.com/s/files/1/0542/1514/7693/files/MH-22-ml-1step-warmyellow.png?v=1773334382,https://monumenthobbies.com/products/pro-acryl-1-step-504-warm-yellow,https://monumenthobbies.com/products/pro-acryl-1-step-504-warm-yellow,published;check_digit_valid,paint,655368416255,,2026-10-02
Pro Acryl,1-Step,PRO Acryl 1-Step 505 - Dark Green,MPA505,,22,655368417054,0655368417054,655368417054,UPC-A,https://cdn.shopify.com/s/files/1/0542/1514/7693/files/MH-22-ml-1step-darkgreen.png?v=1773334408,https://monumenthobbies.com/products/pro-acryl-1-step-505-dark-green,https://monumenthobbies.com/products/pro-acryl-1-step-505-dark-green,published;check_digit_valid,paint,655368417054,,2026-10-02
Pro Acryl,1-Step,PRO Acryl 1-Step 506 - Shadow Flesh,MPA506,,22,655368417375,0655368417375,655368417375,UPC-A,https://cdn.shopify.com/s/files/1/0542/1514/7693/files/MH-22-ml-1step-shadowflesh.png?v=1773337927,https://monumenthobbies.com/products/pro-acryl-1-step-506-shadow-flesh,https://monumenthobbies.com/products/pro-acryl-1-step-506-shadow-flesh,published;check_digit_valid,paint,655368417375,,2026-10-02
Pro Acryl,1-Step,PRO Acryl 1-Step 507 - Graphite Green,MPA507,,22,655368420559,0655368420559,655368420559,UPC-A,https://cdn.shopify.com/s/files/1/0542/1514/7693/files/MH-22-ml-1step-graphitegreen.png?v=1773338370,https://monumenthobbies.com/products/pro-acryl-1-step-507-graphite-green,https://monumenthobbies.com/products/pro-acryl-1-step-507-graphite-green,published;check_digit_valid,paint,655368420559,,2026-10-02
Pro Acryl,1-Step,PRO Acryl 1-Step 508 - Graphite Grey,MPA508,,22,655368421884,0655368421884,655368421884,UPC-A,https://cdn.shopify.com/s/files/1/0542/1514/7693/files/MH-22-ml-1step-graphitegrey.png?v=1773338408,https://monumenthobbies.com/products/pro-acryl-1-step-508-graphite-grey,https://monumenthobbies.com/products/pro-acryl-1-step-508-graphite-grey,published;check_digit_valid,paint,655368421884,,2026-10-02
Pro Acryl,1-Step,PRO Acryl 1-Step 509 - Dark Green Brown,MPA509,,22,655368426940,0655368426940,655368426940,UPC-A,https://cdn.shopify.com/s/files/1/0542/1514/7693/files/MH-22-ml-1step-darkgreenbrown.png?v=1773338811,https://monumenthobbies.com/products/pro-acryl-1-step-509-dark-green-brown,https://monumenthobbies.com/products/pro-acryl-1-step-509-dark-green-brown,published;check_digit_valid,paint,655368426940,,2026-10-02
Pro Acryl,1-Step,PRO Acryl 1-Step 510 - Warm Brown,MPA510,,22,655368427527,0655368427527,655368427527,UPC-A,https://cdn.shopify.com/s/files/1/0542/1514/7693/files/MH-22-ml-1step-warmbrown.png?v=1773339466,https://monumenthobbies.com/products/pro-acryl-1-step-510-warm-brown,https://monumenthobbies.com/products/pro-acryl-1-step-510-warm-brown,published;check_digit_valid,paint,655368427527,,2026-10-02
Pro Acryl,1-Step,PRO Acryl 1-Step 511 - Orange,MPA511,,22,655368429989,0655368429989,655368429989,UPC-A,https://cdn.shopify.com/s/files/1/0542/1514/7693/files/MH-22-ml-1step-orange.png?v=1773339693,https://monumenthobbies.com/products/pro-acryl-1-step-511-orange,https://monumenthobbies.com/products/pro-acryl-1-step-511-orange,published;check_digit_valid,paint,655368429989,,2026-10-02
Pro Acryl,1-Step,PRO Acryl 1-Step 512 - Rust,MPA512,,22,655368431425,0655368431425,655368431425,UPC-A,https://cdn.shopify.com/s/files/1/0542/1514/7693/files/MH-22-ml-1step-Rust.png?v=1773339831,https://monumenthobbies.com/products/pro-acryl-1-step-512-rust,https://monumenthobbies.com/products/pro-acryl-1-step-512-rust,published;check_digit_valid,paint,655368431425,,2026-10-02
Pro Acryl,1-Step,PRO Acryl 1-Step 513 - Scarlet Red,MPA513,,22,655368446610,0655368446610,655368446610,UPC-A,https://cdn.shopify.com/s/files/1/0542/1514/7693/files/MH-22-ml-1step_Scarlet-Red_4d5fd18d-8521-4b77-bafc-8c1cba5fad7e.png?v=1783975795,https://monumenthobbies.com/products/pro-acryl-1-step-513-scarlet-red,https://monumenthobbies.com/products/pro-acryl-1-step-513-scarlet-red,published;check_digit_valid,paint,655368446610,,2026-10-02
Pro Acryl,1-Step,PRO Acryl 1-Step 514 - Olive Yellow,MPA514,,22,655368447389,0655368447389,655368447389,UPC-A,https://cdn.shopify.com/s/files/1/0542/1514/7693/files/MH-22-ml-1step-Olive-Yellow.png?v=1783975887,https://monumenthobbies.com/products/pro-acryl-1-step-513-scarlet-red-copy,https://monumenthobbies.com/products/pro-acryl-1-step-513-scarlet-red-copy,published;check_digit_valid,paint,655368447389,,2026-10-02
Pro Acryl,1-Step,PRO Acryl 1-Step 515 - Dark Purple,MPA515,,22,655368451973,0655368451973,655368451973,UPC-A,https://cdn.shopify.com/s/files/1/0542/1514/7693/files/MH-22-ml-1step-Dark-Purple.png?v=1783975994,https://monumenthobbies.com/products/pro-acryl-1-step-514-dark-purple,https://monumenthobbies.com/products/pro-acryl-1-step-514-dark-purple,published;check_digit_valid,paint,655368451973,,2026-10-02
Pro Acryl,1-Step,PRO Acryl 1-Step 516 - Dark Brown,MPA516,,22,655368452666,0655368452666,655368452666,UPC-A,https://cdn.shopify.com/s/files/1/0542/1514/7693/files/MH-22-ml-1step-Dark-Brown.png?v=1783976098,https://monumenthobbies.com/products/pro-acryl-1-step-516-dark-brown,https://monumenthobbies.com/products/pro-acryl-1-step-516-dark-brown,published;check_digit_valid,paint,655368452666,,2026-10-02
Pro Acryl,1-Step,PRO Acryl 1-Step 517 - Dark Green Blue,MPA517,,22,655368459849,0655368459849,655368459849,UPC-A,https://cdn.shopify.com/s/files/1/0542/1514/7693/files/MH-22-ml-1step-Dark-Green-Blue.png?v=1783976721,https://monumenthobbies.com/products/pro-acryl-1-step-517-dark-green-blue,https://monumenthobbies.com/products/pro-acryl-1-step-517-dark-green-blue,published;check_digit_valid,paint,655368459849,,2026-10-02
Pro Acryl,1-Step,PRO Acryl 1-Step 518 - Bright Slate Grey,MPA518,,22,655368467431,0655368467431,655368467431,UPC-A,https://cdn.shopify.com/s/files/1/0542/1514/7693/files/MH-22-ml-1step-Bright-Slate-Grey.png?v=1783977130,https://monumenthobbies.com/products/pro-acryl-1-step-518-bright-slate-grey,https://monumenthobbies.com/products/pro-acryl-1-step-518-bright-slate-grey,published;check_digit_valid,paint,655368467431,,2026-10-02
Pro Acryl,1-Step,PRO Acryl 1-Step 519 - Yellow Green,MPA519,,22,655368471285,0655368471285,655368471285,UPC-A,https://cdn.shopify.com/s/files/1/0542/1514/7693/files/MH-22-ml-1step-Yellow-Green.png?v=1783977317,https://monumenthobbies.com/products/pro-acryl-1-step-519-yellow-green,https://monumenthobbies.com/products/pro-acryl-1-step-519-yellow-green,published;check_digit_valid,paint,655368471285,,2026-10-02
Pro Acryl,1-Step,PRO Acryl 1-Step 520 - Deep Blue,MPA520,,22,655368472923,0655368472923,655368472923,UPC-A,https://cdn.shopify.com/s/files/1/0542/1514/7693/files/MH-22-ml-1step-Deep-Blue.png?v=1783977669,https://monumenthobbies.com/products/pro-acryl-1-step-520-deep-blue,https://monumenthobbies.com/products/pro-acryl-1-step-520-deep-blue,published;check_digit_valid,paint,655368472923,,2026-10-02
Pro Acryl,1-Step,PRO Acryl 1-Step 521 - Bronze Yellow,MPA521,,22,655368472985,0655368472985,655368472985,UPC-A,https://cdn.shopify.com/s/files/1/0542/1514/7693/files/MH-22-ml-1step-BronzeYellow.png?v=1783977787,https://monumenthobbies.com/products/pro-acryl-1-step-521-bronze-yellow,https://monumenthobbies.com/products/pro-acryl-1-step-521-bronze-yellow,published;check_digit_valid,paint,655368472985,,2026-10-02
Pro Acryl,1-Step,PRO Acryl 1-Step 522 - Dark Turquoise,MPA522,,22,655368475894,0655368475894,655368475894,UPC-A,https://cdn.shopify.com/s/files/1/0542/1514/7693/files/MH-22-ml-1step-Dark-Turquoise.png?v=1783978079,https://monumenthobbies.com/products/pro-acryl-1-step-522-dark-turquoise,https://monumenthobbies.com/products/pro-acryl-1-step-522-dark-turquoise,published;check_digit_valid,paint,655368475894,,2026-10-02
Pro Acryl,1-Step,PRO Acryl 1-Step 523 - Black,MPA523,,22,655368476426,0655368476426,655368476426,UPC-A,https://cdn.shopify.com/s/files/1/0542/1514/7693/files/MH-22-ml_Black.png?v=1783978174,https://monumenthobbies.com/products/pro-acryl-1-step-523-black,https://monumenthobbies.com/products/pro-acryl-1-step-523-black,published;check_digit_valid,paint,655368476426,,2026-10-02
Pro Acryl,1-Step,PRO Acryl 1-Step Special Sauce Medium,MPAM005,,120,655368442032,0655368442032,655368442032,UPC-A,https://cdn.shopify.com/s/files/1/0542/1514/7693/files/MH_1Step_Medium_40571e52-344e-4a69-a829-008c900826e8.png?v=1790608599,https://monumenthobbies.com/products/pro-acryl-1-step-special-sauce,https://monumenthobbies.com/products/pro-acryl-1-step-special-sauce,published;check_digit_valid,medium/auxiliary,655368442032,Additional listing: https://shop.millenniumgames.com/products/1-step-special-sauce-medium-mpa1stepmed,2026-10-02
Pro Acryl,Basing Textures,Pro Acryl Basing Textures - Brown Earth - COARSE 120ml,MPAT08,,120,655368149009,0655368149009,655368149009,UPC-A,https://cdn.shopify.com/s/files/1/0542/1514/7693/files/Brown_Earth_-_Coarse.png?v=1751065832,https://monumenthobbies.com/products/pro-acryl-basing-textures-brown-earth-coarse-120ml,https://monumenthobbies.com/products/pro-acryl-basing-textures-brown-earth-coarse-120ml,published;check_digit_valid,texture/effect,655368149009,,2026-10-02
Pro Acryl,Basing Textures,Pro Acryl Basing Textures - Brown Earth - FINE 120ml,MPAT07,,120,655368146169,0655368146169,655368146169,UPC-A,https://cdn.shopify.com/s/files/1/0542/1514/7693/files/Brown_Earth_-_Fine.png?v=1751065864,https://monumenthobbies.com/products/pro-acryl-basing-textures-brown-earth-fine-120ml,https://monumenthobbies.com/products/pro-acryl-basing-textures-brown-earth-fine-120ml,published;check_digit_valid,texture/effect,655368146169,,2026-10-02
Pro Acryl,Basing Textures,Pro Acryl Basing Textures - Concrete - EXTRA FINE 120ml,MPAT05,,120,655368137464,0655368137464,655368137464,UPC-A,https://cdn.shopify.com/s/files/1/0542/1514/7693/files/Concrete_-_Extra_Fine.png?v=1751065911,https://monumenthobbies.com/products/pro-acryl-basing-textures-concrete-super-fine-120ml,https://monumenthobbies.com/products/pro-acryl-basing-textures-concrete-super-fine-120ml,published;check_digit_valid,texture/effect,655368137464,,2026-10-02
Pro Acryl,Basing Textures,Pro Acryl Basing Textures - Golden Earth - FINE 120ml,MPAT04,,120,655368131202,0655368131202,655368131202,UPC-A,https://cdn.shopify.com/s/files/1/0542/1514/7693/files/Golden_Earth_-_Fine.png?v=1751065942,https://monumenthobbies.com/products/pro-acryl-basing-textures-golden-earth-fine-120ml,https://monumenthobbies.com/products/pro-acryl-basing-textures-golden-earth-fine-120ml,published;check_digit_valid,texture/effect,655368131202,,2026-10-02
Pro Acryl,Basing Textures,Pro Acryl Basing Textures - Grey Earth - COARSE 120ml,MPAT02,,120,655368008658,0655368008658,655368008658,UPC-A,https://cdn.shopify.com/s/files/1/0542/1514/7693/files/GreyEarth-Coarse.png?v=1751065972,https://monumenthobbies.com/products/pro-acryl-basing-textures-coarse-120ml,https://monumenthobbies.com/products/pro-acryl-basing-textures-coarse-120ml,published;check_digit_valid,texture/effect,655368008658,,2026-10-02
Pro Acryl,Basing Textures,Pro Acryl Basing Textures - Grey Earth - FINE 120ml,MPAT01,,120,655368010705,0655368010705,655368010705,UPC-A,https://cdn.shopify.com/s/files/1/0542/1514/7693/files/GreyEarth-Fine.png?v=1751065987,https://monumenthobbies.com/products/pro-acryl-basing-textures,https://monumenthobbies.com/products/pro-acryl-basing-textures,published;check_digit_valid,texture/effect,655368010705,,2026-10-02
Pro Acryl,Basing Textures,Pro Acryl Basing Textures - Red Earth - FINE 120ml,MPAT03,,120,655368129131,0655368129131,655368129131,UPC-A,https://cdn.shopify.com/s/files/1/0542/1514/7693/files/RedEarth-Fine.png?v=1751066003,https://monumenthobbies.com/products/pro-acryl-basing-textures-red-earth-fine-120ml,https://monumenthobbies.com/products/pro-acryl-basing-textures-red-earth-fine-120ml,published;check_digit_valid,texture/effect,655368129131,,2026-10-02
Pro Acryl,Basing Textures,Pro Acryl Basing Textures - Snow - ULTRA FINE 120ml,MPAT06,,120,655368141942,0655368141942,655368141942,UPC-A,https://cdn.shopify.com/s/files/1/0542/1514/7693/files/Snow-UltraFine.png?v=1751066038,https://monumenthobbies.com/products/pro-acryl-basing-textures-snow-ultra-fine-120ml,https://monumenthobbies.com/products/pro-acryl-basing-textures-snow-ultra-fine-120ml,published;check_digit_valid,texture/effect,655368141942,,2026-10-02
Pro Acryl,Expert Acrylics,Expert Acrylics 001 - Titanium White,MEA001,,30,655368273506,0655368273506,655368273506,UPC-A,https://cdn.shopify.com/s/files/1/0542/1514/7693/files/MH-EAA_TitaniumWhite.png?v=1765984001,https://monumenthobbies.com/products/expert-acrylics-titanium-white,https://monumenthobbies.com/products/expert-acrylics-titanium-white,published;check_digit_valid,paint,655368273506,,2026-10-02
Pro Acryl,Expert Acrylics,Expert Acrylics 002 - Carbon Black,MEA002,,30,655368274305,0655368274305,655368274305,UPC-A,https://cdn.shopify.com/s/files/1/0542/1514/7693/files/MH-EAA_CarbonBlack.png?v=1765984054,https://monumenthobbies.com/products/expert-acrylics-002-carbon-black,https://monumenthobbies.com/products/expert-acrylics-002-carbon-black,published;check_digit_valid,paint,655368274305,,2026-10-02
Pro Acryl,Expert Acrylics,Expert Acrylics 003 - Pyrrole Red,MEA003,,30,655368274916,0655368274916,655368274916,UPC-A,https://cdn.shopify.com/s/files/1/0542/1514/7693/files/MH-EAA_PyrroleRed.png?v=1765984177,https://monumenthobbies.com/products/expert-acrylics-003-pyrrole-red,https://monumenthobbies.com/products/expert-acrylics-003-pyrrole-red,published;check_digit_valid,paint,655368274916,,2026-10-02
Pro Acryl,Expert Acrylics,Expert Acrylics 004 - Permanent Green Light,MEA004,,30,655368275654,0655368275654,655368275654,UPC-A,https://cdn.shopify.com/s/files/1/0542/1514/7693/files/MH-EAA_PermanentGreenLight.png?v=1765984210,https://monumenthobbies.com/products/expert-acrylics-004-permanent-green-light,https://monumenthobbies.com/products/expert-acrylics-004-permanent-green-light,published;check_digit_valid,paint,655368275654,,2026-10-02
Pro Acryl,Expert Acrylics,Expert Acrylics 005 - Prussian Blue,MEA005,,30,655368275982,0655368275982,655368275982,UPC-A,https://cdn.shopify.com/s/files/1/0542/1514/7693/files/MH-EAA_PrussianBlue_1eec5409-b0a7-4efc-a449-4dd0a821bf95.png?v=1765984271,https://monumenthobbies.com/products/expert-acrylics-005-prussian-blue,https://monumenthobbies.com/products/expert-acrylics-005-prussian-blue,published;check_digit_valid,paint,655368275982,Additional listing: https://shop.millenniumgames.com/products/prussian-blue,2026-10-02
Pro Acryl,Expert Acrylics,Expert Acrylics 006 - Pyrrole Orange,MEA006,,30,655368276293,0655368276293,655368276293,UPC-A,https://cdn.shopify.com/s/files/1/0542/1514/7693/files/MH-EAA_PyrroleOrange.png?v=1765984296,https://monumenthobbies.com/products/expert-acrylics-006-pyrrole-orange,https://monumenthobbies.com/products/expert-acrylics-006-pyrrole-orange,published;check_digit_valid,paint,655368276293,Additional listing: https://shop.millenniumgames.com/products/pyrrole-orange,2026-10-02
Pro Acryl,Expert Acrylics,Expert Acrylics 007 - Burnt Umber,MEA007,,30,655368277252,0655368277252,655368277252,UPC-A,https://cdn.shopify.com/s/files/1/0542/1514/7693/files/MH-EAA_BurntUmber.png?v=1765984355,https://monumenthobbies.com/products/expert-acrylics-007-burnt-umber,https://monumenthobbies.com/products/expert-acrylics-007-burnt-umber,published;check_digit_valid,paint,655368277252,Additional listing: https://shop.millenniumgames.com/products/burnt-umber,2026-10-02
Pro Acryl,Expert Acrylics,Expert Acrylics 008 - Dioxazine Violet,MEA008,,30,655368278556,0655368278556,655368278556,UPC-A,https://cdn.shopify.com/s/files/1/0542/1514/7693/files/MH-EAA_DioxazineViolet.png?v=1765984380,https://monumenthobbies.com/products/expert-acrylics-008-dioxazine-violet,https://monumenthobbies.com/products/expert-acrylics-008-dioxazine-violet,published;check_digit_valid,paint,655368278556,Additional listing: https://shop.millenniumgames.com/products/dioxazine-violet,2026-10-02
Pro Acryl,Expert Acrylics,Expert Acrylics 009 - Sap Green,MEA009,,30,655368281075,0655368281075,655368281075,UPC-A,https://cdn.shopify.com/s/files/1/0542/1514/7693/files/MH-EAA_SapGreen.png?v=1765984404,https://monumenthobbies.com/products/expert-acrylics-009-sap-green,https://monumenthobbies.com/products/expert-acrylics-009-sap-green,published;check_digit_valid,paint,655368281075,Additional listing: https://shop.millenniumgames.com/products/sap-green,2026-10-02
Pro Acryl,Expert Acrylics,Expert Acrylics 010 - Burnt Sienna,MEA010,,30,655368284557,0655368284557,655368284557,UPC-A,https://cdn.shopify.com/s/files/1/0542/1514/7693/files/MH-EAA_BurntSienna.png?v=1765984433,https://monumenthobbies.com/products/expert-acrylics-010-burnt-sienna,https://monumenthobbies.com/products/expert-acrylics-010-burnt-sienna,published;check_digit_valid,paint,655368284557,Additional listing: https://shop.millenniumgames.com/products/burnt-sienna-1,2026-10-02
Pro Acryl,Expert Acrylics,Expert Acrylics 011 - Nickel Azo Yellow,MEA011,,30,655368284946,0655368284946,655368284946,UPC-A,https://cdn.shopify.com/s/files/1/0542/1514/7693/files/MH-EAA_NickelAzoYellow.png?v=1765984453,https://monumenthobbies.com/products/expert-acrylics-011-nickel-azo-yellow,https://monumenthobbies.com/products/expert-acrylics-011-nickel-azo-yellow,published;check_digit_valid,paint,655368284946,Additional listing: https://shop.millenniumgames.com/products/nickel-azo-yellow,2026-10-02
Pro Acryl,Expert Acrylics,Expert Acrylics 012 - Sepia,MEA012,,30,655368285585,0655368285585,655368285585,UPC-A,https://cdn.shopify.com/s/files/1/0542/1514/7693/files/MH-EAA_Sepia.png?v=1765984474,https://monumenthobbies.com/products/expert-acrylics-012-sepia,https://monumenthobbies.com/products/expert-acrylics-012-sepia,published;check_digit_valid,paint,655368285585,Additional listing: https://shop.millenniumgames.com/products/sepia,2026-10-02
Pro Acryl,Expert Acrylics,Expert Acrylics 013 - Payne's Grey,MEA013,,30,655368291234,0655368291234,655368291234,UPC-A,https://cdn.shopify.com/s/files/1/0542/1514/7693/files/MH-EAA_Payne_sGrey.png?v=1765984497,https://monumenthobbies.com/products/expert-acrylics-013-paynes-grey,https://monumenthobbies.com/products/expert-acrylics-013-paynes-grey,published;check_digit_valid,paint,655368291234,Additional listing: https://shop.millenniumgames.com/products/paynes-grey,2026-10-02
Pro Acryl,Expert Acrylics,Expert Acrylics 014 - Primary Cyan,MEA014,,30,655368294150,0655368294150,655368294150,UPC-A,https://cdn.shopify.com/s/files/1/0542/1514/7693/files/MH-EAA_PrimaryCyan.png?v=1765984543,https://monumenthobbies.com/products/expert-acrylics-014-primary-cyan,https://monumenthobbies.com/products/expert-acrylics-014-primary-cyan,published;check_digit_valid,paint,655368294150,Additional listing: https://shop.millenniumgames.com/products/primary-cyan,2026-10-02
Pro Acryl,Expert Acrylics,Expert Acrylics 015 - Primary Magenta,MEA015,,30,655368298905,0655368298905,655368298905,UPC-A,https://cdn.shopify.com/s/files/1/0542/1514/7693/files/MH-EAA_PrimaryMagenta.png?v=1765984567,https://monumenthobbies.com/products/expert-acrylics-015-primary-magenta,https://monumenthobbies.com/products/expert-acrylics-015-primary-magenta,published;check_digit_valid,paint,655368298905,Additional listing: https://shop.millenniumgames.com/products/primary-magenta,2026-10-02
Pro Acryl,Expert Acrylics,Expert Acrylics 016 - Primary Yellow,MEA016,,30,655368299735,0655368299735,655368299735,UPC-A,https://cdn.shopify.com/s/files/1/0542/1514/7693/files/MH-EAA_PrimaryYellow.png?v=1765984590,https://monumenthobbies.com/products/expert-acrylics-016-primary-yellow,https://monumenthobbies.com/products/expert-acrylics-016-primary-yellow,published;check_digit_valid,paint,655368299735,Additional listing: https://shop.millenniumgames.com/products/primary-yellow,2026-10-02
Pro Acryl,Expert Acrylics,Expert Acrylics 017 - Chrome Oxide Green,MEA017,,30,655368402241,0655368402241,655368402241,UPC-A,https://cdn.shopify.com/s/files/1/0542/1514/7693/files/MEA-017_ChromeOxideGreen_9eefe4d3-d5ac-41da-b7ae-380cb7887cfe.png?v=1773246536,https://monumenthobbies.com/products/expert-acrylics-017-chrome-oxide-green,https://monumenthobbies.com/products/expert-acrylics-017-chrome-oxide-green,published;check_digit_valid,paint,655368402241,,2026-10-02
Pro Acryl,Expert Acrylics,Expert Acrylics 018 - Red Oxide Tint,MEA018,,30,655368390135,0655368390135,655368390135,UPC-A,https://cdn.shopify.com/s/files/1/0542/1514/7693/files/MEA-018_RedOxideTint.png?v=1773250326,https://monumenthobbies.com/products/expert-acrylics-018-red-oxide-tint,https://monumenthobbies.com/products/expert-acrylics-018-red-oxide-tint,published;check_digit_valid,paint,655368390135,,2026-10-02
Pro Acryl,Expert Acrylics,Expert Acrylics 019 - Phthalo Turquoise Light,MEA019,,30,655368393297,0655368393297,655368393297,UPC-A,https://cdn.shopify.com/s/files/1/0542/1514/7693/files/MEA-019_PthaloTurquoiseLight.png?v=1773250851,https://monumenthobbies.com/products/expert-acrylics-019-phthalo-turquoise-light,https://monumenthobbies.com/products/expert-acrylics-019-phthalo-turquoise-light,published;check_digit_valid,paint,655368393297,,2026-10-02
Pro Acryl,Expert Acrylics,Expert Acrylics 020 - Quinacridone Magenta,MEA020,,30,655368394232,0655368394232,655368394232,UPC-A,https://cdn.shopify.com/s/files/1/0542/1514/7693/files/MEA-020_QuinacridoneMagenta.png?v=1773251150,https://monumenthobbies.com/products/expert-acrylics-020-quinacridone-magenta,https://monumenthobbies.com/products/expert-acrylics-020-quinacridone-magenta,published;check_digit_valid,paint,655368394232,,2026-10-02
Pro Acryl,Expert Acrylics,Expert Acrylics 021 - Arylide Yellow Deep,MEA021,,30,655368396410,0655368396410,655368396410,UPC-A,https://cdn.shopify.com/s/files/1/0542/1514/7693/files/MEA-021_ArylideYellowDeep.png?v=1773251224,https://monumenthobbies.com/products/expert-acrylics-021-arylide-yellow-deep,https://monumenthobbies.com/products/expert-acrylics-021-arylide-yellow-deep,published;check_digit_valid,paint,655368396410,,2026-10-02
Pro Acryl,Expert Acrylics,Expert Acrylics 022 - Alizarin Crimson Hue,MEA022,,30,655368398612,0655368398612,655368398612,UPC-A,https://cdn.shopify.com/s/files/1/0542/1514/7693/files/MEA-022_AlizarinCrimsonHue.png?v=1773251502,https://monumenthobbies.com/products/expert-acrylics-022-alizarin-crimson-hue,https://monumenthobbies.com/products/expert-acrylics-022-alizarin-crimson-hue,published;check_digit_valid,paint,655368398612,,2026-10-02
Pro Acryl,Mediums,033-Pro Acryl Metallic Medium,MPA033,,22,628504411339,0628504411339,628504411339,UPC-A,https://cdn.shopify.com/s/files/1/0542/1514/7693/files/MPA-033-MetallicMedium.png?v=1751565373,https://monumenthobbies.com/products/pro-acryl-metallic-medium,https://monumenthobbies.com/products/pro-acryl-metallic-medium,published;check_digit_valid,medium/auxiliary,628504411339,,2026-10-02
Pro Acryl,Mediums,Pro Acryl Glaze & Wash Medium,MPAM001,,120,655368002076,0655368002076,655368002076,UPC-A,https://cdn.shopify.com/s/files/1/0542/1514/7693/files/MPAM-001-WashGlazeMedium.png?v=1752525922,https://monumenthobbies.com/products/pro-acryl-glaze-wash-medium,https://monumenthobbies.com/products/pro-acryl-glaze-wash-medium,published;check_digit_valid,medium/auxiliary,655368002076,,2026-10-02
Pro Acryl,Mediums,Pro Acryl Gloss Varnish,MPAM003,,120,655368183201,0655368183201,655368183201,UPC-A,https://cdn.shopify.com/s/files/1/0542/1514/7693/files/MPAM-003-GlossVarnish.png?v=1752526016,https://monumenthobbies.com/products/pro-acryl-gloss-varnish,https://monumenthobbies.com/products/pro-acryl-gloss-varnish,published;check_digit_valid,varnish,655368183201,,2026-10-02
Pro Acryl,Mediums,Pro Acryl Matte Varnish,MPAM002,,120,655368183003,0655368183003,655368183003,UPC-A,https://cdn.shopify.com/s/files/1/0542/1514/7693/files/Pro_Acryl_Matte_Varnish_120ml.png?v=1752526037,https://monumenthobbies.com/products/pro-acryl-matte-varnish,https://monumenthobbies.com/products/pro-acryl-matte-varnish,published;check_digit_valid,varnish,655368183003,Additional listing: https://shop.millenniumgames.com/products/pro-acryl-matte-varnish,2026-10-02
Pro Acryl,Mediums,Pro Acryl NEWSH Acrylic Weathering Medium,MPAM004,,120,655368197857,0655368197857,655368197857,UPC-A,https://cdn.shopify.com/s/files/1/0542/1514/7693/files/Pro_Acryl_Newsh_120ml.png?v=1752526058,https://monumenthobbies.com/products/pro-acryl-newsh-acrylic-weathering-medium,https://monumenthobbies.com/products/pro-acryl-newsh-acrylic-weathering-medium,published;check_digit_valid,medium/auxiliary,655368197857,Additional listing: https://shop.millenniumgames.com/products/newsh-acrylic-weather-medium,2026-10-02
Pro Acryl,PRIME,PRO Acryl Spray - Clear Matte Varnish,MPARV01,,500,655368268595,0655368268595,655368268595,UPC-A,https://cdn.shopify.com/s/files/1/0542/1514/7693/files/MatteVarnish1000x1000_0.25x.png?v=1728400174,https://monumenthobbies.com/products/pro-acryl-spray-clear-matte-varnish,https://monumenthobbies.com/products/pro-acryl-spray-clear-matte-varnish,published;check_digit_valid,varnish,655368268595,Additional listing: https://shop.millenniumgames.com/products/pro-acryl-spray-matte-varnish,2026-10-02
Pro Acryl,PRIME,PRO Acryl Spray - Matte Black Primer,MPARP02,,500,655368264436,0655368264436,655368264436,UPC-A,https://cdn.shopify.com/s/files/1/0542/1514/7693/files/MatteBlack1000x1000_0.25x.png?v=1728400213,https://monumenthobbies.com/products/pro-acryl-spray-matte-black-primer,https://monumenthobbies.com/products/pro-acryl-spray-matte-black-primer,published;check_digit_valid,primer,655368264436,,2026-10-02
Pro Acryl,PRIME,PRO Acryl Spray - Matte Grey Primer,MPARP05,,500,655368268496,0655368268496,655368268496,UPC-A,https://cdn.shopify.com/s/files/1/0542/1514/7693/files/MatteGrey1000x1000_0.25x.png?v=1728400221,https://monumenthobbies.com/products/pro-acryl-spray-matte-grey-primer,https://monumenthobbies.com/products/pro-acryl-spray-matte-grey-primer,published;check_digit_valid,primer,655368268496,,2026-10-02
Pro Acryl,PRIME,PRO Acryl Spray - Matte White Primer,MPARP03,,500,655368263989,0655368263989,655368263989,UPC-A,https://cdn.shopify.com/s/files/1/0542/1514/7693/files/MatteWhite1000x1000_0.25x.png?v=1728400204,https://monumenthobbies.com/products/pro-acryl-spray-matte-white-primer,https://monumenthobbies.com/products/pro-acryl-spray-matte-white-primer,published;check_digit_valid,primer,655368263989,,2026-10-02
Pro Acryl,PRIME,Pro Acryl PRIME 002 - Black,MPAP002,,120,655368004032,0655368004032,655368004032,UPC-A,https://cdn.shopify.com/s/files/1/0542/1514/7693/files/Pro_Acryl_PRIME_002_-_Black_120ml.png?v=1752525801,https://monumenthobbies.com/products/pro-acryl-prime-black,https://monumenthobbies.com/products/pro-acryl-prime-black,published;check_digit_valid,primer,655368004032,,2026-10-02
Pro Acryl,PRIME,Pro Acryl PRIME 003 - White,MPAP003,,120,655368004063,0655368004063,655368004063,UPC-A,https://cdn.shopify.com/s/files/1/0542/1514/7693/files/Pro_Acryl_PRIME_003_-_White_120ml.png?v=1752525769,https://monumenthobbies.com/products/pro-acryl-prime-white,https://monumenthobbies.com/products/pro-acryl-prime-white,published;check_digit_valid,primer,655368004063,,2026-10-02
Pro Acryl,PRIME,Pro Acryl PRIME 005 - Dark Neutral Grey,MPAP005,,120,655368005817,0655368005817,655368005817,UPC-A,https://cdn.shopify.com/s/files/1/0542/1514/7693/files/Pro_Acryl_PRIME_005_-_Dark_Neutral_Grey_120ml.png?v=1752525834,https://monumenthobbies.com/products/pro-acryl-prime-dark-neutral-grey,https://monumenthobbies.com/products/pro-acryl-prime-dark-neutral-grey,published;check_digit_valid,primer,655368005817,,2026-10-02
Pro Acryl,PRIME,Pro Acryl PRIME 007 - Dark Camo Green,MPAP007,,120,655368007149,0655368007149,655368007149,UPC-A,https://cdn.shopify.com/s/files/1/0542/1514/7693/files/Pro_Acryl_PRIME_007_-_Dark_Camo_Green_120ml.png?v=1752525857,https://monumenthobbies.com/products/pro-acryl-prime-dark-camo-green,https://monumenthobbies.com/products/pro-acryl-prime-dark-camo-green,published;check_digit_valid,primer,655368007149,,2026-10-02
Pro Acryl,PRIME,Pro Acryl PRIME 011 - Black Brown,MPAP011,,120,655368007316,0655368007316,655368007316,UPC-A,https://cdn.shopify.com/s/files/1/0542/1514/7693/files/Pro_Acryl_PRIME_011_-_Black_Brown_120ml.png?v=1752525882,https://monumenthobbies.com/products/pro-acryl-prime-black-brown,https://monumenthobbies.com/products/pro-acryl-prime-black-brown,published;check_digit_valid,primer,655368007316,,2026-10-02
Pro Acryl,PRIME,Pro Acryl PRIME 019 - Red Oxide,MPAP019,,120,655368358067,0655368358067,655368358067,UPC-A,https://cdn.shopify.com/s/files/1/0542/1514/7693/files/Pro-Acryl-PRIME-019----Red-Oxide-120ml.png?v=1758309985,https://monumenthobbies.com/products/pro-acryl-prime-red-oxide,https://monumenthobbies.com/products/pro-acryl-prime-red-oxide,published;check_digit_valid,primer,655368358067,,2026-10-02
Pro Acryl,PRIME,Pro Acryl PRIME 023 - Dark Purple,MPAP023,,120,655368355455,0655368355455,655368355455,UPC-A,https://cdn.shopify.com/s/files/1/0542/1514/7693/files/Pro-Acryl-PRIME-023-Dark-Purple-120ml.png?v=1758310023,https://monumenthobbies.com/products/pro-acryl-prime-dark-purple,https://monumenthobbies.com/products/pro-acryl-prime-dark-purple,published;check_digit_valid,primer,655368355455,,2026-10-02
Pro Acryl,PRIME,Pro Acryl PRIME 029 - Taupe,MPAP029,,120,655368359996,0655368359996,655368359996,UPC-A,https://cdn.shopify.com/s/files/1/0542/1514/7693/files/Pro-Acryl-PRIME-029-Taupe-120ml.png?v=1758310095,https://monumenthobbies.com/products/pro-acryl-prime-taupe,https://monumenthobbies.com/products/pro-acryl-prime-taupe,published;check_digit_valid,primer,655368359996,,2026-10-02
Pro Acryl,Pro Acryl,001-Pro Acryl Bold Titanium White,MPA001,,22,628504411018,0628504411018,628504411018,UPC-A,https://cdn.shopify.com/s/files/1/0542/1514/7693/files/MPA-001-White.png?v=1751564325,https://monumenthobbies.com/products/pro-acryl-bold-titanium-white,https://monumenthobbies.com/products/pro-acryl-bold-titanium-white,published;check_digit_valid,paint,628504411018,,2026-10-02
Pro Acryl,Pro Acryl,002-Pro Acryl Coal Black,MPA002,,22,628504411025,0628504411025,628504411025,UPC-A,https://cdn.shopify.com/s/files/1/0542/1514/7693/files/MPA-002-Coal_Black.png?v=1751564353,https://monumenthobbies.com/products/pro-acryl-coal-black,https://monumenthobbies.com/products/pro-acryl-coal-black,published;check_digit_valid,paint,628504411025,,2026-10-02
Pro Acryl,Pro Acryl,003-Pro Acryl Bold Pyrrole Red,MPA003,,22,628504411032,0628504411032,628504411032,UPC-A,https://cdn.shopify.com/s/files/1/0542/1514/7693/files/MPA-003-PyrroleRed.png?v=1751564387,https://monumenthobbies.com/products/pro-acryl-bold-pyrrole-red,https://monumenthobbies.com/products/pro-acryl-bold-pyrrole-red,published;check_digit_valid,paint,628504411032,,2026-10-02
Pro Acryl,Pro Acryl,004-Pro Acryl Green,MPA004,,22,628504411049,0628504411049,628504411049,UPC-A,https://cdn.shopify.com/s/files/1/0542/1514/7693/files/MPA-004-Green.png?v=1751564419,https://monumenthobbies.com/products/pro-acryl-green,https://monumenthobbies.com/products/pro-acryl-green,published;check_digit_valid,paint,628504411049,,2026-10-02
Pro Acryl,Pro Acryl,005-Pro Acryl Blue,MPA005,,22,628504411056,0628504411056,628504411056,UPC-A,https://cdn.shopify.com/s/files/1/0542/1514/7693/files/MPA-005-Blue.png?v=1751564453,https://monumenthobbies.com/products/pro-acryl-blue,https://monumenthobbies.com/products/pro-acryl-blue,published;check_digit_valid,paint,628504411056,,2026-10-02
Pro Acryl,Pro Acryl,006-Pro Acryl Golden Yellow,MPA006,,22,628504411063,0628504411063,628504411063,UPC-A,https://cdn.shopify.com/s/files/1/0542/1514/7693/files/MPA-006-Yellow.png?v=1751564484,https://monumenthobbies.com/products/pro-acryl-golden-yellow,https://monumenthobbies.com/products/pro-acryl-golden-yellow,published;check_digit_valid,paint,628504411063,,2026-10-02
Pro Acryl,Pro Acryl,007-Pro Acryl Orange,MPA007,,22,628504411070,0628504411070,628504411070,UPC-A,https://cdn.shopify.com/s/files/1/0542/1514/7693/files/MPA-007-Orange.png?v=1751564521,https://monumenthobbies.com/products/pro-acryl-orange,https://monumenthobbies.com/products/pro-acryl-orange,published;check_digit_valid,paint,628504411070,,2026-10-02
Pro Acryl,Pro Acryl,008-Pro Acryl Burnt Red,MPA008,,22,628504411087,0628504411087,628504411087,UPC-A,https://cdn.shopify.com/s/files/1/0542/1514/7693/files/MPA-008-BurntRed.png?v=1751564584,https://monumenthobbies.com/products/pro-acryl-burnt-red,https://monumenthobbies.com/products/pro-acryl-burnt-red,published;check_digit_valid,paint,628504411087,,2026-10-02
Pro Acryl,Pro Acryl,009-Pro Acryl Mahogany,MPA009,,22,628504411094,0628504411094,628504411094,UPC-A,https://cdn.shopify.com/s/files/1/0542/1514/7693/files/MPA-009-Mahogany.png?v=1751564610,https://monumenthobbies.com/products/pro-acryl-mahogany,https://monumenthobbies.com/products/pro-acryl-mahogany,published;check_digit_valid,paint,628504411094,,2026-10-02
Pro Acryl,Pro Acryl,010-Pro Acryl Purple,MPA010,,22,628504411100,0628504411100,628504411100,UPC-A,https://cdn.shopify.com/s/files/1/0542/1514/7693/files/MPA-010-Purple.png?v=1751564653,https://monumenthobbies.com/products/pro-acryl-purple,https://monumenthobbies.com/products/pro-acryl-purple,published;check_digit_valid,paint,628504411100,,2026-10-02
Pro Acryl,Pro Acryl,011-Pro Acryl Magenta,MPA011,,22,628504411117,0628504411117,628504411117,UPC-A,https://cdn.shopify.com/s/files/1/0542/1514/7693/files/MPA-011-Magenta.png?v=1751564694,https://monumenthobbies.com/products/pro-acryl-magenta,https://monumenthobbies.com/products/pro-acryl-magenta,published;check_digit_valid,paint,628504411117,,2026-10-02
Pro Acryl,Pro Acryl,012-Pro Acryl Sky Blue,MPA012,,22,628504411124,0628504411124,628504411124,UPC-A,https://cdn.shopify.com/s/files/1/0542/1514/7693/files/MPA-012-SkyBlue.png?v=1751564759,https://monumenthobbies.com/products/pro-acryl-sky-blue,https://monumenthobbies.com/products/pro-acryl-sky-blue,published;check_digit_valid,paint,628504411124,,2026-10-02
Pro Acryl,Pro Acryl,013-Pro Acryl Faded Ultramarine,MPA013,,22,628504411131,0628504411131,628504411131,UPC-A,https://cdn.shopify.com/s/files/1/0542/1514/7693/files/MPA-013-Faded_Ultramarine.png?v=1751564777,https://monumenthobbies.com/products/pro-acryl-faded-ultramarine,https://monumenthobbies.com/products/pro-acryl-faded-ultramarine,published;check_digit_valid,paint,628504411131,,2026-10-02
Pro Acryl,Pro Acryl,014-Pro Acryl Dark Grey Blue,MPA014,,22,628504411148,0628504411148,628504411148,UPC-A,https://cdn.shopify.com/s/files/1/0542/1514/7693/files/MPA-014-Dark_Grey_Blue.png?v=1751564818,https://monumenthobbies.com/products/pro-acryl-dark-grey-blue,https://monumenthobbies.com/products/pro-acryl-dark-grey-blue,published;check_digit_valid,paint,628504411148,,2026-10-02
Pro Acryl,Pro Acryl,015-Pro Acryl Bright Warm Grey,MPA015,,22,628504411155,0628504411155,628504411155,UPC-A,https://cdn.shopify.com/s/files/1/0542/1514/7693/files/MPA-015-Bright_Warm_Grey.png?v=1751564908,https://monumenthobbies.com/products/pro-acryl-bright-warm-grey,https://monumenthobbies.com/products/pro-acryl-bright-warm-grey,published;check_digit_valid,paint,628504411155,,2026-10-02
Pro Acryl,Pro Acryl,016-Pro Acryl Dark Warm Grey,MPA016,,22,628504411162,0628504411162,628504411162,UPC-A,https://cdn.shopify.com/s/files/1/0542/1514/7693/files/MPA-016-DarkWarmGrey.png?v=1751564926,https://monumenthobbies.com/products/pro-acryl-dark-warm-grey,https://monumenthobbies.com/products/pro-acryl-dark-warm-grey,published;check_digit_valid,paint,628504411162,,2026-10-02
Pro Acryl,Pro Acryl,017-Pro Acryl Golden Brown,MPA017,,22,628504411179,0628504411179,628504411179,UPC-A,https://cdn.shopify.com/s/files/1/0542/1514/7693/files/MPA-017-GoldenBrown.png?v=1751564943,https://monumenthobbies.com/products/pro-acryl-golden-brown,https://monumenthobbies.com/products/pro-acryl-golden-brown,published;check_digit_valid,paint,628504411179,,2026-10-02
Pro Acryl,Pro Acryl,018-Pro Acryl Light Umber,MPA018,,22,628504411186,0628504411186,628504411186,UPC-A,https://cdn.shopify.com/s/files/1/0542/1514/7693/files/MPA-018-LightUmber.png?v=1751564962,https://monumenthobbies.com/products/pro-acryl-light-umber,https://monumenthobbies.com/products/pro-acryl-light-umber,published;check_digit_valid,paint,628504411186,,2026-10-02
Pro Acryl,Pro Acryl,019-Pro Acryl Dark Umber,MPA019,,22,628504411193,0628504411193,628504411193,UPC-A,https://cdn.shopify.com/s/files/1/0542/1514/7693/files/MPA-019-DarkUmber.png?v=1751564982,https://monumenthobbies.com/products/pro-acryl-dark-umber,https://monumenthobbies.com/products/pro-acryl-dark-umber,published;check_digit_valid,paint,628504411193,,2026-10-02
Pro Acryl,Pro Acryl,020-Pro Acryl Camo Green,MPA020,,22,628504411209,0628504411209,628504411209,UPC-A,https://cdn.shopify.com/s/files/1/0542/1514/7693/files/MPA-020-CamoGreen.png?v=1751565000,https://monumenthobbies.com/products/pro-acryl-camo-green,https://monumenthobbies.com/products/pro-acryl-camo-green,published;check_digit_valid,paint,628504411209,,2026-10-02
Pro Acryl,Pro Acryl,021-Pro Acryl Jade,MPA021,,22,628504411216,0628504411216,628504411216,UPC-A,https://cdn.shopify.com/s/files/1/0542/1514/7693/files/MPA-021-Jade.png?v=1751565020,https://monumenthobbies.com/products/pro-acryl-jade,https://monumenthobbies.com/products/pro-acryl-jade,published;check_digit_valid,paint,628504411216,,2026-10-02
Pro Acryl,Pro Acryl,022-Pro Acryl Bright Ivory,MPA022,,22,628504411223,0628504411223,628504411223,UPC-A,https://cdn.shopify.com/s/files/1/0542/1514/7693/files/MPA-022-BrightIvory.png?v=1751565094,https://monumenthobbies.com/products/pro-acryl-bright-ivory,https://monumenthobbies.com/products/pro-acryl-bright-ivory,published;check_digit_valid,paint,628504411223,,2026-10-02
Pro Acryl,Pro Acryl,023-Pro Acryl Ivory,MPA023,,22,628504411230,0628504411230,628504411230,UPC-A,https://cdn.shopify.com/s/files/1/0542/1514/7693/files/MPA-023-Ivory.png?v=1751565111,https://monumenthobbies.com/products/pro-acryl-ivory,https://monumenthobbies.com/products/pro-acryl-ivory,published;check_digit_valid,paint,628504411230,,2026-10-02
Pro Acryl,Pro Acryl,024-Pro Acryl Tan Flesh,MPA024,,22,628504411247,0628504411247,628504411247,UPC-A,https://cdn.shopify.com/s/files/1/0542/1514/7693/files/MPA-024-TanFlesh.png?v=1751565131,https://monumenthobbies.com/products/pro-acryl-tan-flesh,https://monumenthobbies.com/products/pro-acryl-tan-flesh,published;check_digit_valid,paint,628504411247,,2026-10-02
Pro Acryl,Pro Acryl,025-Pro Acryl Silver,MPA025,,22,628504411254,0628504411254,628504411254,UPC-A,https://cdn.shopify.com/s/files/1/0542/1514/7693/files/MPA-025-Silver.png?v=1751565149,https://monumenthobbies.com/products/pro-acryl-silver,https://monumenthobbies.com/products/pro-acryl-silver,published;check_digit_valid,paint,628504411254,,2026-10-02
Pro Acryl,Pro Acryl,026-Pro Acryl Light Bronze,MPA026,,22,628504411261,0628504411261,628504411261,UPC-A,https://cdn.shopify.com/s/files/1/0542/1514/7693/files/MPA-026-LightBronze.png?v=1751565199,https://monumenthobbies.com/products/pro-acryl-light-bronze,https://monumenthobbies.com/products/pro-acryl-light-bronze,published;check_digit_valid,paint,628504411261,,2026-10-02
Pro Acryl,Pro Acryl,027-Pro Acryl Copper,MPA027,,22,628504411278,0628504411278,628504411278,UPC-A,https://cdn.shopify.com/s/files/1/0542/1514/7693/files/MPA-027-Copper.png?v=1751565214,https://monumenthobbies.com/products/pro-acryl-copper,https://monumenthobbies.com/products/pro-acryl-copper,published;check_digit_valid,paint,628504411278,,2026-10-02
Pro Acryl,Pro Acryl,028-Pro Acryl Rich Gold,MPA028,,22,628504411285,0628504411285,628504411285,UPC-A,https://cdn.shopify.com/s/files/1/0542/1514/7693/files/MPA-028-RichGold.png?v=1751565229,https://monumenthobbies.com/products/pro-acryl-rich-gold,https://monumenthobbies.com/products/pro-acryl-rich-gold,published;check_digit_valid,paint,628504411285,,2026-10-02
Pro Acryl,Pro Acryl,029-Pro Acryl White Gold,MPA029,,22,628504411292,0628504411292,628504411292,UPC-A,https://cdn.shopify.com/s/files/1/0542/1514/7693/files/MPA-029-WhiteGold.png?v=1751565298,https://monumenthobbies.com/products/pro-acryl-white-gold,https://monumenthobbies.com/products/pro-acryl-white-gold,published;check_digit_valid,paint,628504411292,,2026-10-02
Pro Acryl,Pro Acryl,030-Pro Acryl Dark Silver,MPA030,,22,628504411308,0628504411308,628504411308,UPC-A,https://cdn.shopify.com/s/files/1/0542/1514/7693/files/MPA-030-DarkSilver.png?v=1751565315,https://monumenthobbies.com/products/pro-acryl-dark-silver,https://monumenthobbies.com/products/pro-acryl-dark-silver,published;check_digit_valid,paint,628504411308,,2026-10-02
Pro Acryl,Pro Acryl,031-Pro Acryl Bright Gold,MPA031,,22,628504411315,0628504411315,628504411315,UPC-A,https://cdn.shopify.com/s/files/1/0542/1514/7693/files/MPA-031-BrightGold.png?v=1751565338,https://monumenthobbies.com/products/pro-acryl-bright-gold,https://monumenthobbies.com/products/pro-acryl-bright-gold,published;check_digit_valid,paint,628504411315,,2026-10-02
Pro Acryl,Pro Acryl,032-Pro Acryl Bronze,MPA032,,22,628504411322,0628504411322,628504411322,UPC-A,https://cdn.shopify.com/s/files/1/0542/1514/7693/files/MPA-032-Bronze.png?v=1751565354,https://monumenthobbies.com/products/pro-acryl-bronze,https://monumenthobbies.com/products/pro-acryl-bronze,published;check_digit_valid,paint,628504411322,,2026-10-02
Pro Acryl,Pro Acryl,034-Pro Acryl Dark Blue,MPA034,,22,628504411346,0628504411346,628504411346,UPC-A,https://cdn.shopify.com/s/files/1/0542/1514/7693/files/MPA-034-DarkBlue.png?v=1751565390,https://monumenthobbies.com/products/pro-acryl-dark-blue,https://monumenthobbies.com/products/pro-acryl-dark-blue,published;check_digit_valid,paint,628504411346,,2026-10-02
Pro Acryl,Pro Acryl,035-Pro Acryl Dark Purple,MPA035,,22,628504411353,0628504411353,628504411353,UPC-A,https://cdn.shopify.com/s/files/1/0542/1514/7693/files/MPA-035-DarkPurple.png?v=1751565410,https://monumenthobbies.com/products/pro-acryl-dark-purple,https://monumenthobbies.com/products/pro-acryl-dark-purple,published;check_digit_valid,paint,628504411353,,2026-10-02
Pro Acryl,Pro Acryl,036-Pro Acryl Dark Camo Green,MPA036,,22,628504411360,0628504411360,628504411360,UPC-A,https://cdn.shopify.com/s/files/1/0542/1514/7693/files/MPA-036-DarkCamoGreen.png?v=1751565539,https://monumenthobbies.com/products/pro-acryl-dark-camo-green,https://monumenthobbies.com/products/pro-acryl-dark-camo-green,published;check_digit_valid,paint,628504411360,,2026-10-02
Pro Acryl,Pro Acryl,037-Pro Acryl Burnt Orange,MPA037,,22,628504411377,0628504411377,628504411377,UPC-A,https://cdn.shopify.com/s/files/1/0542/1514/7693/files/MPA-037-BurntOrange.png?v=1751565555,https://monumenthobbies.com/products/pro-acryl-burnt-orange,https://monumenthobbies.com/products/pro-acryl-burnt-orange,published;check_digit_valid,paint,628504411377,,2026-10-02
Pro Acryl,Pro Acryl,038-Pro Acryl Yellow Ochre,MPA038,,22,628504411384,0628504411384,628504411384,UPC-A,https://cdn.shopify.com/s/files/1/0542/1514/7693/files/MPA-038-YellowOchre.png?v=1751565571,https://monumenthobbies.com/products/pro-acryl-yellow-ochre,https://monumenthobbies.com/products/pro-acryl-yellow-ochre,published;check_digit_valid,paint,628504411384,,2026-10-02
Pro Acryl,Pro Acryl,039-Pro Acryl Bright Yellow Green,MPA039,,22,628504411391,0628504411391,628504411391,UPC-A,https://cdn.shopify.com/s/files/1/0542/1514/7693/files/MPA-039-BrightYellowGreen.png?v=1751565587,https://monumenthobbies.com/products/pro-acryl-bright-yellow-green,https://monumenthobbies.com/products/pro-acryl-bright-yellow-green,published;check_digit_valid,paint,628504411391,,2026-10-02
Pro Acryl,Pro Acryl,040-Pro Acryl Black Brown,MPA040,,22,628504411407,0628504411407,628504411407,UPC-A,https://cdn.shopify.com/s/files/1/0542/1514/7693/files/MPA-040-BlackBrown.png?v=1751565607,https://monumenthobbies.com/products/pro-acryl-black-brown,https://monumenthobbies.com/products/pro-acryl-black-brown,published;check_digit_valid,paint,628504411407,,2026-10-02
Pro Acryl,Pro Acryl,041-Pro Acryl Olive Flesh,MPA041,,22,628504411414,0628504411414,628504411414,UPC-A,https://cdn.shopify.com/s/files/1/0542/1514/7693/files/MPA-041-OliveFlesh.png?v=1751565624,https://monumenthobbies.com/products/pro-acryl-olive-flesh,https://monumenthobbies.com/products/pro-acryl-olive-flesh,published;check_digit_valid,paint,628504411414,,2026-10-02
Pro Acryl,Pro Acryl,042-Pro Acryl Shadow Flesh,MPA042,,22,628504411421,0628504411421,628504411421,UPC-A,https://cdn.shopify.com/s/files/1/0542/1514/7693/files/MPA-042-ShadowFlesh.png?v=1751565644,https://monumenthobbies.com/products/pro-acryl-shadow-flesh,https://monumenthobbies.com/products/pro-acryl-shadow-flesh,published;check_digit_valid,paint,628504411421,,2026-10-02
Pro Acryl,Pro Acryl,043-Pro Acryl Pale Pink,MPA043,,22,628504411438,0628504411438,628504411438,UPC-A,https://cdn.shopify.com/s/files/1/0542/1514/7693/files/MPA-043-PalePink.png?v=1751565727,https://monumenthobbies.com/products/pro-acryl-pale-pink,https://monumenthobbies.com/products/pro-acryl-pale-pink,published;check_digit_valid,paint,628504411438,,2026-10-02
Pro Acryl,Pro Acryl,044-Pro Acryl Dark Neutral Grey,MPA044,,22,628504411445,0628504411445,628504411445,UPC-A,https://cdn.shopify.com/s/files/1/0542/1514/7693/files/MPA-044-DarkNeutralGrey.png?v=1751565745,https://monumenthobbies.com/products/pro-acryl-dark-neutral-grey,https://monumenthobbies.com/products/pro-acryl-dark-neutral-grey,published;check_digit_valid,paint,628504411445,,2026-10-02
Pro Acryl,Pro Acryl,045-Pro Acryl Bright Neutral Grey,MPA045,,22,628504411452,0628504411452,628504411452,UPC-A,https://cdn.shopify.com/s/files/1/0542/1514/7693/files/MPA-045-BrightNeutralGrey.png?v=1751565765,https://monumenthobbies.com/products/pro-acryl-bright-neutral-grey,https://monumenthobbies.com/products/pro-acryl-bright-neutral-grey,published;check_digit_valid,paint,628504411452,,2026-10-02
Pro Acryl,Pro Acryl,046-Pro Acryl Transparent Blue,MPA046,,22,628504411469,0628504411469,628504411469,UPC-A,https://cdn.shopify.com/s/files/1/0542/1514/7693/files/MPA-046-TransparentBlue.png?v=1751565783,https://monumenthobbies.com/products/pro-acryl-transparent-blue,https://monumenthobbies.com/products/pro-acryl-transparent-blue,published;check_digit_valid,paint,628504411469,,2026-10-02
Pro Acryl,Pro Acryl,047-Pro Acryl Transparent Red,MPA047,,22,628504411476,0628504411476,628504411476,UPC-A,https://cdn.shopify.com/s/files/1/0542/1514/7693/files/MPA-047-TransparentRed.png?v=1751565802,https://monumenthobbies.com/products/pro-acryl-transparent-red,https://monumenthobbies.com/products/pro-acryl-transparent-red,published;check_digit_valid,paint,628504411476,,2026-10-02
Pro Acryl,Pro Acryl,048-Pro Acryl Transparent Green,MPA048,,22,628504411483,0628504411483,628504411483,UPC-A,https://cdn.shopify.com/s/files/1/0542/1514/7693/files/MPA-048-TransparentGreen.png?v=1751565830,https://monumenthobbies.com/products/pro-acryl-transparent-green,https://monumenthobbies.com/products/pro-acryl-transparent-green,published;check_digit_valid,paint,628504411483,,2026-10-02
Pro Acryl,Pro Acryl,049-Pro Acryl Transparent Yellow,MPA049,,22,628504411490,0628504411490,628504411490,UPC-A,https://cdn.shopify.com/s/files/1/0542/1514/7693/files/MPA-049-TransparentYellow.png?v=1751565843,https://monumenthobbies.com/products/pro-acryl-transparent-yellow,https://monumenthobbies.com/products/pro-acryl-transparent-yellow,published;check_digit_valid,paint,628504411490,,2026-10-02
Pro Acryl,Pro Acryl,050-Pro Acryl Transparent Orange,MPA050,,22,628504411506,0628504411506,628504411506,UPC-A,https://cdn.shopify.com/s/files/1/0542/1514/7693/files/MPA-050-TransparentOrange.png?v=1751565942,https://monumenthobbies.com/products/pro-acryl-transparent-orange,https://monumenthobbies.com/products/pro-acryl-transparent-orange,published;check_digit_valid,paint,628504411506,,2026-10-02
Pro Acryl,Pro Acryl,051-Pro Acryl Transparent Purple,MPA051,,22,628504411513,0628504411513,628504411513,UPC-A,https://cdn.shopify.com/s/files/1/0542/1514/7693/files/MPA-051-TransparentPurple.png?v=1751565963,https://monumenthobbies.com/products/pro-acryl-transparent-purple,https://monumenthobbies.com/products/pro-acryl-transparent-purple,published;check_digit_valid,paint,628504411513,,2026-10-02
Pro Acryl,Pro Acryl,052-Pro Acryl Transparent Brown,MPA052,,22,628504411520,0628504411520,628504411520,UPC-A,https://cdn.shopify.com/s/files/1/0542/1514/7693/files/MPA-052-TransparentBrown.png?v=1751565982,https://monumenthobbies.com/products/pro-acryl-transparent-brown,https://monumenthobbies.com/products/pro-acryl-transparent-brown,published;check_digit_valid,paint,628504411520,,2026-10-02
Pro Acryl,Pro Acryl,053-Pro Acryl Transparent Black,MPA053,,22,628504411537,0628504411537,628504411537,UPC-A,https://cdn.shopify.com/s/files/1/0542/1514/7693/files/MPA-053-TransparentBlack.png?v=1751565998,https://monumenthobbies.com/products/pro-acryl-transparent-black,https://monumenthobbies.com/products/pro-acryl-transparent-black,published;check_digit_valid,paint,628504411537,,2026-10-02
Pro Acryl,Pro Acryl,054-Pro Acryl Turquoise,MPA054,,22,628504411544,0628504411544,628504411544,UPC-A,https://cdn.shopify.com/s/files/1/0542/1514/7693/files/MPA-054-Turquoise.png?v=1751566016,https://monumenthobbies.com/products/pro-acryl-turquoise,https://monumenthobbies.com/products/pro-acryl-turquoise,published;check_digit_valid,paint,628504411544,,2026-10-02
Pro Acryl,Pro Acryl,055-Pro Acryl Grey Blue,MPA055,,22,628504411551,0628504411551,628504411551,UPC-A,https://cdn.shopify.com/s/files/1/0542/1514/7693/files/MPA-055-GreyBlue.png?v=1751566033,https://monumenthobbies.com/products/pro-acryl-grey-blue,https://monumenthobbies.com/products/pro-acryl-grey-blue,published;check_digit_valid,paint,628504411551,,2026-10-02
Pro Acryl,Pro Acryl,056-Pro Acryl Blue Black,MPA056,,22,628504411568,0628504411568,628504411568,UPC-A,https://cdn.shopify.com/s/files/1/0542/1514/7693/files/MPA-056-BlueBlack.png?v=1751566050,https://monumenthobbies.com/products/pro-acryl-blue-black,https://monumenthobbies.com/products/pro-acryl-blue-black,published;check_digit_valid,paint,628504411568,,2026-10-02
Pro Acryl,Pro Acryl,057-Pro Acryl Black Green,MPA057,,22,628504411575,0628504411575,628504411575,UPC-A,https://cdn.shopify.com/s/files/1/0542/1514/7693/files/MPA-057-BlackGreen.png?v=1751566139,https://monumenthobbies.com/products/pro-acryl-black-green,https://monumenthobbies.com/products/pro-acryl-black-green,published;check_digit_valid,paint,628504411575,,2026-10-02
Pro Acryl,Pro Acryl,058-Pro Acryl Bright Pale Green,MPA058,,22,628504411582,0628504411582,628504411582,UPC-A,https://cdn.shopify.com/s/files/1/0542/1514/7693/files/MPA-058-BrightPaleGreen.png?v=1751566160,https://monumenthobbies.com/products/pro-acryl-bright-pale-green,https://monumenthobbies.com/products/pro-acryl-bright-pale-green,published;check_digit_valid,paint,628504411582,,2026-10-02
Pro Acryl,Pro Acryl,059-Pro Acryl Burnt Sienna,MPA059,,22,628504411599,0628504411599,628504411599,UPC-A,https://cdn.shopify.com/s/files/1/0542/1514/7693/files/MPA-059-BurntSienna_221238fa-c451-4fa6-82af-c3ebf964fbe5.png?v=1751566770,https://monumenthobbies.com/products/pro-acryl-burnt-sienna,https://monumenthobbies.com/products/pro-acryl-burnt-sienna,published;check_digit_valid,paint,628504411599,,2026-10-02
Pro Acryl,Pro Acryl,060-Pro Acryl Pale Yellow,MPA060,,22,628504411605,0628504411605,628504411605,UPC-A,https://cdn.shopify.com/s/files/1/0542/1514/7693/files/MPA-060-PaleYellow.png?v=1751566259,https://monumenthobbies.com/products/pro-acryl-pale-yellow,https://monumenthobbies.com/products/pro-acryl-pale-yellow,published;check_digit_valid,paint,628504411605,,2026-10-02
Pro Acryl,Pro Acryl,061 - Pro Acryl Khaki,MPA061,,22,628504411612,0628504411612,628504411612,UPC-A,https://cdn.shopify.com/s/files/1/0542/1514/7693/files/MPA-061-Khaki.png?v=1751566277,https://monumenthobbies.com/products/061-pro-acryl-khaki,https://monumenthobbies.com/products/061-pro-acryl-khaki,published;check_digit_valid,paint,628504411612,,2026-10-02
Pro Acryl,Pro Acryl,062-Pro Acryl Dark Golden Brown,MPA062,,22,628504411629,0628504411629,628504411629,UPC-A,https://cdn.shopify.com/s/files/1/0542/1514/7693/files/MPA-062-DarkGoldenBrown.png?v=1751566301,https://monumenthobbies.com/products/pro-acryl-dark-golden-brown,https://monumenthobbies.com/products/pro-acryl-dark-golden-brown,published;check_digit_valid,paint,628504411629,,2026-10-02
Pro Acryl,Pro Acryl,063-Pro Acryl Faded Plum,MPA063,,22,628504411636,0628504411636,628504411636,UPC-A,https://cdn.shopify.com/s/files/1/0542/1514/7693/files/MPA-063-FadedPlum.png?v=1751566319,https://monumenthobbies.com/products/pro-acryl-faded-plum,https://monumenthobbies.com/products/pro-acryl-faded-plum,published;check_digit_valid,paint,628504411636,,2026-10-02
Pro Acryl,Pro Acryl,064-Pro Acryl Transparent White,MPA064,,22,628504411643,0628504411643,628504411643,UPC-A,https://cdn.shopify.com/s/files/1/0542/1514/7693/files/MPA-064-TransparentWhite.png?v=1751566400,https://monumenthobbies.com/products/064-pro-acryl-transparent-white,https://monumenthobbies.com/products/064-pro-acryl-transparent-white,published;check_digit_valid,paint,628504411643,,2026-10-02
Pro Acryl,Pro Acryl,065 - Pro Acryl Yellow Green,MPA065,,22,628504411650,0628504411650,628504411650,UPC-A,https://cdn.shopify.com/s/files/1/0542/1514/7693/files/MPA-065-YellowGreen.png?v=1751566419,https://monumenthobbies.com/products/065-pro-acryl-yellow-green,https://monumenthobbies.com/products/065-pro-acryl-yellow-green,published;check_digit_valid,paint,628504411650,,2026-10-02
Pro Acryl,Pro Acryl,066 - Pro Acryl Faded Green,MPA066,,22,628504411667,0628504411667,628504411667,UPC-A,https://cdn.shopify.com/s/files/1/0542/1514/7693/files/MPA-066-FadedGreen.png?v=1751566439,https://monumenthobbies.com/products/066-pro-acryl-faded-green,https://monumenthobbies.com/products/066-pro-acryl-faded-green,published;check_digit_valid,paint,628504411667,,2026-10-02
Pro Acryl,Pro Acryl,067 - Pro Acryl Bright Jade,MPA067,,22,628504411674,0628504411674,628504411674,UPC-A,https://cdn.shopify.com/s/files/1/0542/1514/7693/files/MPA-067-BrightJade.png?v=1751566458,https://monumenthobbies.com/products/067-pro-acryl-bright-jade,https://monumenthobbies.com/products/067-pro-acryl-bright-jade,published;check_digit_valid,paint,628504411674,,2026-10-02
Pro Acryl,Pro Acryl,068 - Pro Acryl Dark Flesh,MPA068,,22,628504411681,0628504411681,628504411681,UPC-A,https://cdn.shopify.com/s/files/1/0542/1514/7693/files/MPA-068-DarkFlesh.png?v=1751566477,https://monumenthobbies.com/products/068-pro-acryl-dark-flesh,https://monumenthobbies.com/products/068-pro-acryl-dark-flesh,published;check_digit_valid,paint,628504411681,,2026-10-02
Pro Acryl,Pro Acryl,069 - Pro Acryl Burgundy,MPA069,,22,628504411698,0628504411698,628504411698,UPC-A,https://cdn.shopify.com/s/files/1/0542/1514/7693/files/MPA-069-Burgundy.png?v=1751566492,https://monumenthobbies.com/products/069-pro-acryl-burgundy,https://monumenthobbies.com/products/069-pro-acryl-burgundy,published;check_digit_valid,paint,628504411698,,2026-10-02
Pro Acryl,Pro Acryl,070 - Pro Acryl Plum,MPA070,,22,628504411704,0628504411704,628504411704,UPC-A,https://cdn.shopify.com/s/files/1/0542/1514/7693/files/MPA-070-Plum.png?v=1751566509,https://monumenthobbies.com/products/070-pro-acryl-plum,https://monumenthobbies.com/products/070-pro-acryl-plum,published;check_digit_valid,paint,628504411704,,2026-10-02
Pro Acryl,Pro Acryl,071 - Pro Acryl Pink,MPA071,,22,628504411711,0628504411711,628504411711,UPC-A,https://cdn.shopify.com/s/files/1/0542/1514/7693/files/MPA-071-Pink.png?v=1751566589,https://monumenthobbies.com/products/071-pro-acryl-pink,https://monumenthobbies.com/products/071-pro-acryl-pink,published;check_digit_valid,paint,628504411711,,2026-10-02
Pro Acryl,Pro Acryl,072 - Pro Acryl Warm Yellow,MPA072,,22,628504411728,0628504411728,628504411728,UPC-A,https://cdn.shopify.com/s/files/1/0542/1514/7693/files/MPA-072-WarmYellow.png?v=1751566610,https://monumenthobbies.com/products/072-pro-acryl-warm-yellow,https://monumenthobbies.com/products/072-pro-acryl-warm-yellow,published;check_digit_valid,paint,628504411728,,2026-10-02
Pro Acryl,Pro Acryl,073 - Pro Acryl Warm Flesh,MPA073,,22,628504411735,0628504411735,628504411735,UPC-A,https://cdn.shopify.com/s/files/1/0542/1514/7693/files/MPA-073-WarmFlesh.png?v=1751566633,https://monumenthobbies.com/products/073-pro-acryl-warm-flesh,https://monumenthobbies.com/products/073-pro-acryl-warm-flesh,published;check_digit_valid,paint,628504411735,,2026-10-02
Pro Acryl,Pro Acryl,074 - Pro Acryl Warm Grey,MPA074,,22,628504411742,0628504411742,628504411742,UPC-A,https://cdn.shopify.com/s/files/1/0542/1514/7693/files/MPA-074-WarmGrey.png?v=1751566655,https://monumenthobbies.com/products/074-pro-acryl-warm-grey,https://monumenthobbies.com/products/074-pro-acryl-warm-grey,published;check_digit_valid,paint,628504411742,,2026-10-02
Pro Acryl,Pro Acryl,075 - Pro Acryl Neutral Grey,MPA075,,22,628504411759,0628504411759,628504411759,UPC-A,https://cdn.shopify.com/s/files/1/0542/1514/7693/files/MPA-075-NeutralGrey.png?v=1751566673,https://monumenthobbies.com/products/075-pro-acryl-neutral-grey,https://monumenthobbies.com/products/075-pro-acryl-neutral-grey,published;check_digit_valid,paint,628504411759,,2026-10-02
Pro Acryl,Pro Acryl,200 - Pro Acryl Black Wash,MPA200,,22,655368002106,0655368002106,655368002106,UPC-A,https://cdn.shopify.com/s/files/1/0542/1514/7693/files/MPA-200-BlackWash.png?v=1751566690,https://monumenthobbies.com/products/076-pro-acryl-black-wash,https://monumenthobbies.com/products/076-pro-acryl-black-wash,published;check_digit_valid,paint,655368002106,,2026-10-02
Pro Acryl,Pro Acryl,201 - Pro Acryl Brown Wash,MPA201,,22,655368003066,0655368003066,655368003066,UPC-A,https://cdn.shopify.com/s/files/1/0542/1514/7693/files/MPA-201-BrownWash.png?v=1751566704,https://monumenthobbies.com/products/201-pro-acryl-brown-wash,https://monumenthobbies.com/products/201-pro-acryl-brown-wash,published;check_digit_valid,paint,655368003066,,2026-10-02
Pro Acryl,Pro Acryl,202 - Pro Acryl Flesh Wash,MPA202,,22,655368003639,0655368003639,655368003639,UPC-A,https://cdn.shopify.com/s/files/1/0542/1514/7693/files/MPA-202-FleshWash.png?v=1751566721,https://monumenthobbies.com/products/202-pro-acryl-flesh-wash,https://monumenthobbies.com/products/202-pro-acryl-flesh-wash,published;check_digit_valid,paint,655368003639,,2026-10-02
Pro Acryl,Pro Acryl,AMP Colors 002 - Cool Grey,AMP002,,22,655368313035,0655368313035,655368313035,UPC-A,https://cdn.shopify.com/s/files/1/0542/1514/7693/files/AMP-002CoolGreyRender.png?v=1742254794,https://monumenthobbies.com/products/amp-colors-002-cool-grey,https://monumenthobbies.com/products/amp-colors-002-cool-grey,published;check_digit_valid,paint,655368313035,,2026-10-02
Pro Acryl,Pro Acryl,AMP Colors 004 - Black Red,AMP004,,22,655368314100,0655368314100,655368314100,UPC-A,https://cdn.shopify.com/s/files/1/0542/1514/7693/files/AMP-004BlackRedRender.png?v=1742254892,https://monumenthobbies.com/products/amp-colors-004-black-red,https://monumenthobbies.com/products/amp-colors-004-black-red,published;check_digit_valid,paint,655368314100,,2026-10-02
Pro Acryl,Pro Acryl,AMP Colors 005 - Dark Navy Blue,AMP005,,22,655368314506,0655368314506,655368314506,UPC-A,https://cdn.shopify.com/s/files/1/0542/1514/7693/files/AMP-005DarkNavyBlueRender.png?v=1742254948,https://monumenthobbies.com/products/amp-colors-005-dark-navy-blue,https://monumenthobbies.com/products/amp-colors-005-dark-navy-blue,published;check_digit_valid,paint,655368314506,,2026-10-02
Pro Acryl,Pro Acryl,AMP Colors 006 - Beige Grey,AMP006,,22,655368317729,0655368317729,655368317729,UPC-A,https://cdn.shopify.com/s/files/1/0542/1514/7693/files/AMP-006BeigeGrey.png?v=1742255019,https://monumenthobbies.com/products/amp-colors-006-beige-grey,https://monumenthobbies.com/products/amp-colors-006-beige-grey,published;check_digit_valid,paint,655368317729,,2026-10-02
Pro Acryl,Pro Acryl,AMP Colors 007 - Orange Yellow,AMP007,,22,655368318221,0655368318221,655368318221,UPC-A,https://cdn.shopify.com/s/files/1/0542/1514/7693/files/AMP-007OrangeYellow.png?v=1742255191,https://monumenthobbies.com/products/amp-colors-007-orange-yellow,https://monumenthobbies.com/products/amp-colors-007-orange-yellow,published;check_digit_valid,paint,655368318221,,2026-10-02
Pro Acryl,Pro Acryl,AMP Colors 008 - Peach Flesh,AMP008,,22,655368322242,0655368322242,655368322242,UPC-A,https://cdn.shopify.com/s/files/1/0542/1514/7693/files/AMP-008PeachFlesh.png?v=1742255243,https://monumenthobbies.com/products/amp-colors-008-peach-flesh,https://monumenthobbies.com/products/amp-colors-008-peach-flesh,published;check_digit_valid,paint,655368322242,,2026-10-02
Pro Acryl,Pro Acryl,AMP Colors 009 - Bright Green Blue,AMP009,,22,655368322464,0655368322464,655368322464,UPC-A,https://cdn.shopify.com/s/files/1/0542/1514/7693/files/AMP-009BrightGreenBlueRender.png?v=1742255316,https://monumenthobbies.com/products/amp-colors-009-bright-green-blue,https://monumenthobbies.com/products/amp-colors-009-bright-green-blue,published;check_digit_valid,paint,655368322464,,2026-10-02
Pro Acryl,Pro Acryl,AMP Colors 010 - Steel,AMP010,,22,655368323010,0655368323010,655368323010,UPC-A,https://cdn.shopify.com/s/files/1/0542/1514/7693/files/AMP-010SteelRender.png?v=1742255371,https://monumenthobbies.com/products/amp-colors-010-steel,https://monumenthobbies.com/products/amp-colors-010-steel,published;check_digit_valid,paint,655368323010,,2026-10-02
Pro Acryl,Pro Acryl,AMP Colors 011 - Magenta Wash,AMP011,,22,655368326417,0655368326417,655368326417,UPC-A,https://cdn.shopify.com/s/files/1/0542/1514/7693/files/AMP-011MagentaWashRender.png?v=1742255431,https://monumenthobbies.com/products/amp-colors-011-magenta-wash,https://monumenthobbies.com/products/amp-colors-011-magenta-wash,published;check_digit_valid,paint,655368326417,,2026-10-02
Pro Acryl,Pro Acryl,AMP Colors 012 - Petroleum Brown Wash,AMP012,,22,655368328510,0655368328510,655368328510,UPC-A,https://cdn.shopify.com/s/files/1/0542/1514/7693/files/AMP-012PetroleumBrownWashRender.png?v=1742255520,https://monumenthobbies.com/products/amp-colors-012-petroleum-brown-wash,https://monumenthobbies.com/products/amp-colors-012-petroleum-brown-wash,published;check_digit_valid,paint,655368328510,,2026-10-02
Pro Acryl,Pro Acryl,AMP Colors 013 - Slate Grey,AMP013,,22,655368329012,0655368329012,655368329012,UPC-A,https://cdn.shopify.com/s/files/1/0542/1514/7693/files/AMP-013SlateGreyRender.png?v=1742255581,https://monumenthobbies.com/products/amp-colors-013-slate-grey,https://monumenthobbies.com/products/amp-colors-013-slate-grey,published;check_digit_valid,paint,655368329012,,2026-10-02
Pro Acryl,Pro Acryl,AMP Colors 017 - Red Orange,AMP017,,22,655368340192,0655368340192,655368340192,UPC-A,https://cdn.shopify.com/s/files/1/0542/1514/7693/files/AMP-017RedOrangeRender.png?v=1742255628,https://monumenthobbies.com/products/amp-colors-017-red-orange,https://monumenthobbies.com/products/amp-colors-017-red-orange,published;check_digit_valid,paint,655368340192,,2026-10-02
Pro Acryl,Pro Acryl,AMP Colors 018 - Burnt Umber,AMP018,,22,655368340468,0655368340468,655368340468,UPC-A,https://cdn.shopify.com/s/files/1/0542/1514/7693/files/AMP-018BurntUmberRender.png?v=1742255681,https://monumenthobbies.com/products/amp-colors-018-burnt-umber,https://monumenthobbies.com/products/amp-colors-018-burnt-umber,published;check_digit_valid,paint,655368340468,,2026-10-02
Pro Acryl,Pro Acryl,AMP Colors 020 - Green Brown,AMP020,,22,655368341083,0655368341083,655368341083,UPC-A,https://cdn.shopify.com/s/files/1/0542/1514/7693/files/AMP-020GreenBrown.png?v=1742255741,https://monumenthobbies.com/products/amp-colors-020-green-brown,https://monumenthobbies.com/products/amp-colors-020-green-brown,published;check_digit_valid,paint,655368341083,,2026-10-02
Pro Acryl,Pro Acryl,AMP Colors 021 - Bright Brown Grey,AMP021,,22,655368342851,0655368342851,655368342851,UPC-A,https://cdn.shopify.com/s/files/1/0542/1514/7693/files/AMP-021BrightBrownGreyRender.png?v=1742255778,https://monumenthobbies.com/products/amp-colors-021-bright-brown-grey,https://monumenthobbies.com/products/amp-colors-021-bright-brown-grey,published;check_digit_valid,paint,655368342851,,2026-10-02
Pro Acryl,Pro Acryl,AMP Colors 022 - Grey Green,AMP022,,22,655368343872,0655368343872,655368343872,UPC-A,https://cdn.shopify.com/s/files/1/0542/1514/7693/files/AMP-022GreyGreenRender.png?v=1742255813,https://monumenthobbies.com/products/amp-colors-022-grey-green,https://monumenthobbies.com/products/amp-colors-022-grey-green,published;check_digit_valid,paint,655368343872,,2026-10-02
Pro Acryl,Pro Acryl,AMP Colors 023 - Brown Grey Wash,AMP023,,22,655368344572,0655368344572,655368344572,UPC-A,https://cdn.shopify.com/s/files/1/0542/1514/7693/files/AMP-023BrownGreyWashRender.png?v=1742255853,https://monumenthobbies.com/products/amp-colors-023-brown-grey-wash,https://monumenthobbies.com/products/amp-colors-023-brown-grey-wash,published;check_digit_valid,paint,655368344572,,2026-10-02
Pro Acryl,Pro Acryl,AMP Colors 024 - Payne's Grey Wash,AMP024,,22,655368344770,0655368344770,655368344770,UPC-A,https://cdn.shopify.com/s/files/1/0542/1514/7693/files/AMP-024Payne_sGreyWashRender.png?v=1742255902,https://monumenthobbies.com/products/amp-colors-024-paynes-grey-wash,https://monumenthobbies.com/products/amp-colors-024-paynes-grey-wash,published;check_digit_valid,paint,655368344770,,2026-10-02
Pro Acryl,Pro Acryl,F01-Pro Acryl Fluorescent Red,MPAF01,,22,655368189487,0655368189487,655368189487,UPC-A,https://cdn.shopify.com/s/files/1/0542/1514/7693/files/MPA-F01-FluorescentRed.png?v=1751575328,https://monumenthobbies.com/products/f01-fluorescent-red,https://monumenthobbies.com/products/f01-fluorescent-red,published;check_digit_valid,paint,655368189487,,2026-10-02
Pro Acryl,Pro Acryl,F02-Pro Acryl Fluorescent Orange,MPAF02,,22,655368189739,0655368189739,655368189739,UPC-A,https://cdn.shopify.com/s/files/1/0542/1514/7693/files/MPA-F02-FluorescentOrange.png?v=1751575328,https://monumenthobbies.com/products/f02-pro-acryl-fluorescent-orange,https://monumenthobbies.com/products/f02-pro-acryl-fluorescent-orange,published;check_digit_valid,paint,655368189739,,2026-10-02
Pro Acryl,Pro Acryl,F03-Pro Acryl Fluorescent Yellow,MPAF03,,22,655368190766,0655368190766,655368190766,UPC-A,https://cdn.shopify.com/s/files/1/0542/1514/7693/files/MPA-F03-FluorescentYellow.png?v=1751575328,https://monumenthobbies.com/products/f03-pro-acryl-fluorescent-yellow,https://monumenthobbies.com/products/f03-pro-acryl-fluorescent-yellow,published;check_digit_valid,paint,655368190766,,2026-10-02
Pro Acryl,Pro Acryl,F04-Pro Acryl Fluorescent Green,MPAF04,,22,655368191121,0655368191121,655368191121,UPC-A,https://cdn.shopify.com/s/files/1/0542/1514/7693/files/MPA-F04-FluorescentGreen.png?v=1751575328,https://monumenthobbies.com/products/f04-pro-acryl-fluorescent-green,https://monumenthobbies.com/products/f04-pro-acryl-fluorescent-green,published;check_digit_valid,paint,655368191121,,2026-10-02
Pro Acryl,Pro Acryl,F05-Pro Acryl Fluorescent Purple,MPAF05,,22,655368192623,0655368192623,655368192623,UPC-A,https://cdn.shopify.com/s/files/1/0542/1514/7693/files/MPA-F05-FluorescentPurple.png?v=1751575328,https://monumenthobbies.com/products/f05-pro-acryl-fluorescent-purple,https://monumenthobbies.com/products/f05-pro-acryl-fluorescent-purple,published;check_digit_valid,paint,655368192623,,2026-10-02
Pro Acryl,Pro Acryl,F06-Pro Acryl Fluorescent Pink,MPAF06,,22,655368196300,0655368196300,655368196300,UPC-A,https://cdn.shopify.com/s/files/1/0542/1514/7693/files/MPA-F06-FluorescentPink.png?v=1751575328,https://monumenthobbies.com/products/f06-pro-acryl-fluorescent-pink,https://monumenthobbies.com/products/f06-pro-acryl-fluorescent-pink,published;check_digit_valid,paint,655368196300,,2026-10-02
Pro Acryl,Signature,S01 - Vince Venturella Dark Jade,MPAS01,,22,655368101212,0655368101212,655368101212,UPC-A,https://cdn.shopify.com/s/files/1/0542/1514/7693/files/MPA-S01-DarkJade.png?v=1751575574,https://monumenthobbies.com/products/s01-pro-acryl-dark-jade,https://monumenthobbies.com/products/s01-pro-acryl-dark-jade,published;check_digit_valid,paint,655368101212,,2026-10-02
Pro Acryl,Signature,S02 - Vince Venturella Payne's Grey,MPAS02,,22,655368105555,0655368105555,655368105555,UPC-A,https://cdn.shopify.com/s/files/1/0542/1514/7693/files/MPA-S02-Payne_sGrey.png?v=1751575599,https://monumenthobbies.com/products/s02-vince-venturella-paynes-grey,https://monumenthobbies.com/products/s02-vince-venturella-paynes-grey,published;check_digit_valid,paint,655368105555,,2026-10-02
Pro Acryl,Signature,S03 - Vince Venturella Royal Purple,MPAS03,,22,655368107375,0655368107375,655368107375,UPC-A,https://cdn.shopify.com/s/files/1/0542/1514/7693/files/MPA-S03-RoyalPurple.png?v=1751575624,https://monumenthobbies.com/products/s03-vince-venturella-royal-purple,https://monumenthobbies.com/products/s03-vince-venturella-royal-purple,published;check_digit_valid,paint,655368107375,,2026-10-02
Pro Acryl,Signature,S04 - Vince Venturella White Blue,MPAS04,,22,655368110849,0655368110849,655368110849,UPC-A,https://cdn.shopify.com/s/files/1/0542/1514/7693/files/MPA-S04-WhiteBlue.png?v=1751575640,https://monumenthobbies.com/products/s04-vince-venturella-white-blue,https://monumenthobbies.com/products/s04-vince-venturella-white-blue,published;check_digit_valid,paint,655368110849,,2026-10-02
Pro Acryl,Signature,S05 - Vince Venturella Beige Red,MPAS05,,22,655368111228,0655368111228,655368111228,UPC-A,https://cdn.shopify.com/s/files/1/0542/1514/7693/files/MPA-S05-BeigeRed.png?v=1751575662,https://monumenthobbies.com/products/s05-vince-venturella-beige-red,https://monumenthobbies.com/products/s05-vince-venturella-beige-red,published;check_digit_valid,paint,655368111228,,2026-10-02
Pro Acryl,Signature,S06 - Vince Venturella Dark Yellow Green,MPAS06,,22,655368111730,0655368111730,655368111730,UPC-A,https://cdn.shopify.com/s/files/1/0542/1514/7693/files/MPA-S06-DarkYellowGreen.png?v=1751575681,https://monumenthobbies.com/products/s06-vince-venturella-dark-yellow-green,https://monumenthobbies.com/products/s06-vince-venturella-dark-yellow-green,published;check_digit_valid,paint,655368111730,,2026-10-02
Pro Acryl,Signature,S07 - Ninjon Dark Ivory,MPAS07,,22,655368112133,0655368112133,655368112133,UPC-A,https://cdn.shopify.com/s/files/1/0542/1514/7693/files/MPA-S07-DarkIvory.png?v=1751575720,https://monumenthobbies.com/products/s07-ninjon-dark-ivory,https://monumenthobbies.com/products/s07-ninjon-dark-ivory,published;check_digit_valid,paint,655368112133,,2026-10-02
Pro Acryl,Signature,S08 - Ninjon Dark Warm Flesh,MPAS08,,22,655368113321,0655368113321,655368113321,UPC-A,https://cdn.shopify.com/s/files/1/0542/1514/7693/files/MPA-S08-DarkWarmFlesh.png?v=1751575742,https://monumenthobbies.com/products/s08-ninjon-dark-warm-flesh,https://monumenthobbies.com/products/s08-ninjon-dark-warm-flesh,published;check_digit_valid,paint,655368113321,,2026-10-02
Pro Acryl,Signature,S09 - Ninjon Warm Brown,MPAS09,,22,655368113895,0655368113895,655368113895,UPC-A,https://cdn.shopify.com/s/files/1/0542/1514/7693/files/MPA-S09-WarmBrown.png?v=1751575768,https://monumenthobbies.com/products/s09-ninjon-warm-brown,https://monumenthobbies.com/products/s09-ninjon-warm-brown,published;check_digit_valid,paint,655368113895,,2026-10-02
Pro Acryl,Signature,S10 - Ninjon Dark Magenta,MPAS10,,22,655368115493,0655368115493,655368115493,UPC-A,https://cdn.shopify.com/s/files/1/0542/1514/7693/files/MPA-S10-DarkMagenta.png?v=1751575861,https://monumenthobbies.com/products/s10-ninjon-dark-magenta,https://monumenthobbies.com/products/s10-ninjon-dark-magenta,published;check_digit_valid,paint,655368115493,,2026-10-02
Pro Acryl,Signature,S11 - Ninjon Dark Plum,MPAS11,,22,655368119286,0655368119286,655368119286,UPC-A,https://cdn.shopify.com/s/files/1/0542/1514/7693/files/MPA-S11-DarkPlum.png?v=1751575887,https://monumenthobbies.com/products/s11-ninjon-dark-plum,https://monumenthobbies.com/products/s11-ninjon-dark-plum,published;check_digit_valid,paint,655368119286,,2026-10-02
Pro Acryl,Signature,S12 - Ninjon Red Grey,MPAS12,,22,655368121227,0655368121227,655368121227,UPC-A,https://cdn.shopify.com/s/files/1/0542/1514/7693/files/MPA-S12-RedGrey.png?v=1751575926,https://monumenthobbies.com/products/s12-ninjon-red-grey,https://monumenthobbies.com/products/s12-ninjon-red-grey,published;check_digit_valid,paint,655368121227,,2026-10-02
Pro Acryl,Signature,S13 - Ben Komets Dark Sea Ben,MPAS13,,22,655368157936,0655368157936,655368157936,UPC-A,https://cdn.shopify.com/s/files/1/0542/1514/7693/files/MPA-S13DarkSeaBen.png?v=1713554672,https://monumenthobbies.com/products/s13-ben-komets-dark-sea-ben,https://monumenthobbies.com/products/s13-ben-komets-dark-sea-ben,published;check_digit_valid,paint,655368157936,,2026-10-02
Pro Acryl,Signature,S14 - Ben Komets Petroleum Brown,MPAS14,,22,655368163548,0655368163548,655368163548,UPC-A,https://cdn.shopify.com/s/files/1/0542/1514/7693/files/MPA-S14PetroleumBrown.png?v=1713554704,https://monumenthobbies.com/products/s14-ben-komets-petroleum-brown,https://monumenthobbies.com/products/s14-ben-komets-petroleum-brown,published;check_digit_valid,paint,655368163548,,2026-10-02
Pro Acryl,Signature,S15 - Ben Komets Dark Burgundy,MPAS15,,22,655368164422,0655368164422,655368164422,UPC-A,https://cdn.shopify.com/s/files/1/0542/1514/7693/files/MPA-S15DarkBurgundy.png?v=1713555196,https://monumenthobbies.com/products/s15-ben-komets-dark-burgundy,https://monumenthobbies.com/products/s15-ben-komets-dark-burgundy,published;check_digit_valid,paint,655368164422,,2026-10-02
Pro Acryl,Signature,S16 - Ben Komets Green Oxide,MPAS16,,22,655368166112,0655368166112,655368166112,UPC-A,https://cdn.shopify.com/s/files/1/0542/1514/7693/files/MPA-S16GreenOxide.png?v=1713555218,https://monumenthobbies.com/products/s16-ben-komets-green-oxide,https://monumenthobbies.com/products/s16-ben-komets-green-oxide,published;check_digit_valid,paint,655368166112,,2026-10-02
Pro Acryl,Signature,S17 - Ben Komets Advanced Flesh Tone,MPAS17,,22,655368166358,0655368166358,655368166358,UPC-A,https://cdn.shopify.com/s/files/1/0542/1514/7693/files/MPA-S17AdvancedFleshTone.png?v=1713555289,https://monumenthobbies.com/products/s17-ben-komets-advanced-flesh-tone,https://monumenthobbies.com/products/s17-ben-komets-advanced-flesh-tone,published;check_digit_valid,paint,655368166358,,2026-10-02
Pro Acryl,Signature,S18 - Ben Komets Heavy Warm White,MPAS18,,22,655368171031,0655368171031,655368171031,UPC-A,https://cdn.shopify.com/s/files/1/0542/1514/7693/files/MPA-S18HeavyWarmWhite.png?v=1713555352,https://monumenthobbies.com/products/s18-ben-komets-heavy-warm-white,https://monumenthobbies.com/products/s18-ben-komets-heavy-warm-white,published;check_digit_valid,paint,655368171031,,2026-10-02
Pro Acryl,Signature,S19 - Matt Cexwish Dark Crimson,MPAS19,,22,655368169588,0655368169588,655368169588,UPC-A,https://cdn.shopify.com/s/files/1/0542/1514/7693/files/MPA-S19DarkCrimson.png?v=1713555381,https://monumenthobbies.com/products/s19-matt-cexwish-dark-crimson,https://monumenthobbies.com/products/s19-matt-cexwish-dark-crimson,published;check_digit_valid,paint,655368169588,,2026-10-02
Pro Acryl,Signature,S20 - Matt Cexwish Dark Emerald,MPAS20,,22,655368170119,0655368170119,655368170119,UPC-A,https://cdn.shopify.com/s/files/1/0542/1514/7693/files/MPA-S20DarkEmerald.png?v=1713555404,https://monumenthobbies.com/products/s20-matt-cexwish-dark-emerald,https://monumenthobbies.com/products/s20-matt-cexwish-dark-emerald,published;check_digit_valid,paint,655368170119,,2026-10-02
Pro Acryl,Signature,S21 - Matt Cexwish Heavy Titanium White,MPAS21,,22,655368168673,0655368168673,655368168673,UPC-A,https://cdn.shopify.com/s/files/1/0542/1514/7693/files/MPA-S21HeavyTitaniumWhite.png?v=1713555426,https://monumenthobbies.com/products/s21-matt-cexwish-heavy-titanium-white,https://monumenthobbies.com/products/s21-matt-cexwish-heavy-titanium-white,published;check_digit_valid,paint,655368168673,,2026-10-02
Pro Acryl,Signature,S22 - Matt Cexwish Brown Grey,MPAS22,,22,655368172199,0655368172199,655368172199,UPC-A,https://cdn.shopify.com/s/files/1/0542/1514/7693/files/MPA-S22BrownGrey.png?v=1713555457,https://monumenthobbies.com/products/s21-matt-cexwish-brown-grey,https://monumenthobbies.com/products/s21-matt-cexwish-brown-grey,published;check_digit_valid,paint,655368172199,,2026-10-02
Pro Acryl,Signature,S23 - Matt Cexwish Bone,MPAS23,,22,655368172250,0655368172250,655368172250,UPC-A,https://cdn.shopify.com/s/files/1/0542/1514/7693/files/MPA-S23Bone.png?v=1713555484,https://monumenthobbies.com/products/s23-matt-cexwish-bone,https://monumenthobbies.com/products/s23-matt-cexwish-bone,published;check_digit_valid,paint,655368172250,,2026-10-02
Pro Acryl,Signature,S24 - Matt Cexwish Dark Bronze,MPAS24,,22,655368173257,0655368173257,655368173257,UPC-A,https://cdn.shopify.com/s/files/1/0542/1514/7693/files/MPA-S24DarkBronze.png?v=1713555513,https://monumenthobbies.com/products/s24-matt-cexwish-dark-bronze,https://monumenthobbies.com/products/s24-matt-cexwish-dark-bronze,published;check_digit_valid,paint,655368173257,,2026-10-02
Pro Acryl,Signature,S25 - Flameon Dark Green Brown,MPAS25,,22,655368207853,0655368207853,655368207853,UPC-A,https://cdn.shopify.com/s/files/1/0542/1514/7693/files/MPA-S25DarkGreenBrown.png?v=1713555538,https://monumenthobbies.com/products/s25-flameon-dark-green-brown,https://monumenthobbies.com/products/s25-flameon-dark-green-brown,published;check_digit_valid,paint,655368207853,,2026-10-02
Pro Acryl,Signature,S26 - Flameon Dark Orange Brown,MPAS26,,22,655368208416,0655368208416,655368208416,UPC-A,https://cdn.shopify.com/s/files/1/0542/1514/7693/files/MPA-S26DarkOrangeBrown.png?v=1710267464,https://monumenthobbies.com/products/s26-flameon-dark-orange-brown,https://monumenthobbies.com/products/s26-flameon-dark-orange-brown,published;check_digit_valid,paint,655368208416,,2026-10-02
Pro Acryl,Signature,S27 - Flameon Orange Brown,MPAS27,,22,655368212376,0655368212376,655368212376,UPC-A,https://cdn.shopify.com/s/files/1/0542/1514/7693/files/MPA-S27OrangeBrown.png?v=1710267487,https://monumenthobbies.com/products/s27-flameon-orange-brown,https://monumenthobbies.com/products/s27-flameon-orange-brown,published;check_digit_valid,paint,655368212376,,2026-10-02
Pro Acryl,Signature,S28 - Flameon Caramel Brown,MPAS28,,22,655368212413,0655368212413,655368212413,UPC-A,https://cdn.shopify.com/s/files/1/0542/1514/7693/files/MPA-S28CaramelBrown.png?v=1710267506,https://monumenthobbies.com/products/s28-flameon-caramel-brown,https://monumenthobbies.com/products/s28-flameon-caramel-brown,published;check_digit_valid,paint,655368212413,,2026-10-02
Pro Acryl,Signature,S29 - Flameon Bright Yellow Ochre,MPAS29,,22,655368212956,0655368212956,655368212956,UPC-A,https://cdn.shopify.com/s/files/1/0542/1514/7693/files/MPA-S29BrightYellowOchre.png?v=1710267528,https://monumenthobbies.com/products/s29-flameon-bright-yellow-ochre,https://monumenthobbies.com/products/s29-flameon-bright-yellow-ochre,published;check_digit_valid,paint,655368212956,,2026-10-02
Pro Acryl,Signature,S30 - Flameon Bright Pale Yellow,MPAS30,,22,655368214806,0655368214806,655368214806,UPC-A,https://cdn.shopify.com/s/files/1/0542/1514/7693/files/MPA-S30BrightPaleYellow.png?v=1710267550,https://monumenthobbies.com/products/s30-flameon-bright-pale-yellow,https://monumenthobbies.com/products/s30-flameon-bright-pale-yellow,published;check_digit_valid,paint,655368214806,,2026-10-02
Pro Acryl,Signature,S31 - Rogue Hobbies Orange Red,MPAS31,,22,655368216183,0655368216183,655368216183,UPC-A,https://cdn.shopify.com/s/files/1/0542/1514/7693/files/MPA-S31OrangeRed.png?v=1710267567,https://monumenthobbies.com/products/s31-rogue-hobbies-orange-red,https://monumenthobbies.com/products/s31-rogue-hobbies-orange-red,published;check_digit_valid,paint,655368216183,,2026-10-02
Pro Acryl,Signature,S32 - Rogue Hobbies Dark Hot Pink,MPAS32,,22,655368220494,0655368220494,655368220494,UPC-A,https://cdn.shopify.com/s/files/1/0542/1514/7693/files/MPA-S32DarkHotPink.png?v=1710267588,https://monumenthobbies.com/products/s32-rogue-hobbies-dark-hot-pink,https://monumenthobbies.com/products/s32-rogue-hobbies-dark-hot-pink,published;check_digit_valid,paint,655368220494,,2026-10-02
Pro Acryl,Signature,S33 - Rogue Hobbies Bright Green,MPAS33,,22,655368221736,0655368221736,655368221736,UPC-A,https://cdn.shopify.com/s/files/1/0542/1514/7693/files/MPA-S33BrightGreen.png?v=1710267606,https://monumenthobbies.com/products/s33-rogue-hobbies-bright-green,https://monumenthobbies.com/products/s33-rogue-hobbies-bright-green,published;check_digit_valid,paint,655368221736,,2026-10-02
Pro Acryl,Signature,S34 - Rogue Hobbies Dark Turquoise,MPAS34,,22,655368221866,0655368221866,655368221866,UPC-A,https://cdn.shopify.com/s/files/1/0542/1514/7693/files/MPA-S34DarkTurquoise.png?v=1710267627,https://monumenthobbies.com/products/s34-rogue-hobbies-dark-turquoise,https://monumenthobbies.com/products/s34-rogue-hobbies-dark-turquoise,published;check_digit_valid,paint,655368221866,,2026-10-02
Pro Acryl,Signature,S35 - Rogue Hobbies Ultramarine,MPAS35,,22,655368221958,0655368221958,655368221958,UPC-A,https://cdn.shopify.com/s/files/1/0542/1514/7693/files/MPA-S35Ultramarine.png?v=1710267647,https://monumenthobbies.com/products/s35-rogue-hobbies-ultramarine,https://monumenthobbies.com/products/s35-rogue-hobbies-ultramarine,published;check_digit_valid,paint,655368221958,,2026-10-02
Pro Acryl,Signature,S36 - Rogue Hobbies Bismuth Yellow,MPAS36,,22,655368223952,0655368223952,655368223952,UPC-A,https://cdn.shopify.com/s/files/1/0542/1514/7693/files/MPA-S36BismuthYellow.png?v=1710267666,https://monumenthobbies.com/products/s36-rogue-hobbies-bismuth-yellow,https://monumenthobbies.com/products/s36-rogue-hobbies-bismuth-yellow,published;check_digit_valid,paint,655368223952,,2026-10-02
Pro Acryl,Signature,S37 - Adepticon Red Oxide,MPAS37,,22,655368226434,0655368226434,655368226434,UPC-A,https://cdn.shopify.com/s/files/1/0542/1514/7693/files/MPA-S37RedOxide.png?v=1710267686,https://monumenthobbies.com/products/s37-adepticon-red-oxide,https://monumenthobbies.com/products/s37-adepticon-red-oxide,published;check_digit_valid,paint,655368226434,,2026-10-02
Pro Acryl,Signature,S38 - Adepticon Orange Oxide,MPAS38,,22,655368232244,0655368232244,655368232244,UPC-A,https://cdn.shopify.com/s/files/1/0542/1514/7693/files/MPA-S38OrangeOxide.png?v=1710267704,https://monumenthobbies.com/products/s38-adepticon-orange-oxide,https://monumenthobbies.com/products/s38-adepticon-orange-oxide,published;check_digit_valid,paint,655368232244,,2026-10-02
Pro Acryl,Signature,S39 - Adepticon Satin Black,MPAS39,,22,655368235474,0655368235474,655368235474,UPC-A,https://cdn.shopify.com/s/files/1/0542/1514/7693/files/MPA-S39SatinBlack.png?v=1710267796,https://monumenthobbies.com/products/s39-adepticon-satin-black,https://monumenthobbies.com/products/s39-adepticon-satin-black,published;check_digit_valid,paint,655368235474,,2026-10-02
Pro Acryl,Signature,S40 - Adepticon Drab Brown,MPAS40,,22,655368235863,0655368235863,655368235863,UPC-A,https://cdn.shopify.com/s/files/1/0542/1514/7693/files/MPA-S40DrabBrown.png?v=1710267820,https://monumenthobbies.com/products/s40-adepticon-drab-brown,https://monumenthobbies.com/products/s40-adepticon-drab-brown,published;check_digit_valid,paint,655368235863,,2026-10-02
Pro Acryl,Signature,S41 - Adepticon Bright Shadow Flesh,MPAS41,,22,655368242786,0655368242786,655368242786,UPC-A,https://cdn.shopify.com/s/files/1/0542/1514/7693/files/MPA-S41BrightShadowFlesh.png?v=1710267883,https://monumenthobbies.com/products/s41-adepticon-bright-shadow-flesh,https://monumenthobbies.com/products/s41-adepticon-bright-shadow-flesh,published;check_digit_valid,paint,655368242786,,2026-10-02
Pro Acryl,Signature,S42 - Adepticon Magnesium,MPAS42,,22,655368243646,0655368243646,655368243646,UPC-A,https://cdn.shopify.com/s/files/1/0542/1514/7693/files/MPA-S42Magnesium.png?v=1710267901,https://monumenthobbies.com/products/s42-adepticon-magnesium,https://monumenthobbies.com/products/s42-adepticon-magnesium,published;check_digit_valid,paint,655368243646,,2026-10-02
Pro Acryl,Signature,S49 - NOVA Orange,MPAS49,,22,655368263415,0655368263415,655368263415,UPC-A,https://cdn.shopify.com/s/files/1/0542/1514/7693/files/MPA-S49-NOVAOrange.png?v=1724944763,https://monumenthobbies.com/products/s49-nova-orange,https://monumenthobbies.com/products/s49-nova-orange,published;check_digit_valid,paint,655368263415,,2026-10-02
Pro Acryl,Weathering Pigments,PRO Acryl Weathering Pigments 01 - Titanium White,MWP01,,37,655368364341,0655368364341,655368364341,UPC-A,https://cdn.shopify.com/s/files/1/0542/1514/7693/files/MWP-01_TitaniumWhite.png?v=1770160693,https://monumenthobbies.com/products/weathering-pigments-01-titanium-white,https://monumenthobbies.com/products/weathering-pigments-01-titanium-white,published;check_digit_valid,pigment,655368364341,,2026-10-02
Pro Acryl,Weathering Pigments,PRO Acryl Weathering Pigments 02 - Black Iron Oxide,MWP02,,37,655368361166,0655368361166,655368361166,UPC-A,https://cdn.shopify.com/s/files/1/0542/1514/7693/files/MWP-02_BlackIronOxide.png?v=1770244740,https://monumenthobbies.com/products/weathering-pigments-02-black-iron-oxide,https://monumenthobbies.com/products/weathering-pigments-02-black-iron-oxide,published;check_digit_valid,pigment,655368361166,,2026-10-02
Pro Acryl,Weathering Pigments,PRO Acryl Weathering Pigments 03 - Red Iron Oxide,MWP03,,37,655368364150,0655368364150,655368364150,UPC-A,https://cdn.shopify.com/s/files/1/0542/1514/7693/files/MWP-03_RedIronOxide.png?v=1770245688,https://monumenthobbies.com/products/weathering-pigments-03-red-iron-oxide,https://monumenthobbies.com/products/weathering-pigments-03-red-iron-oxide,published;check_digit_valid,pigment,655368364150,,2026-10-02
Pro Acryl,Weathering Pigments,PRO Acryl Weathering Pigments 04 - Yellow Iron Oxide,MWP04,,37,655368363658,0655368363658,655368363658,UPC-A,https://cdn.shopify.com/s/files/1/0542/1514/7693/files/MWP-04_YellowIronOxide.png?v=1770246802,https://monumenthobbies.com/products/weathering-pigments-04-yellow-iron-oxide,https://monumenthobbies.com/products/weathering-pigments-04-yellow-iron-oxide,published;check_digit_valid,pigment,655368363658,,2026-10-02
Pro Acryl,Weathering Pigments,PRO Acryl Weathering Pigments 05 - Unbleached Titanium,MWP05,,37,655368364075,0655368364075,655368364075,UPC-A,https://cdn.shopify.com/s/files/1/0542/1514/7693/files/MWP-05_UnbleachedTitanium.png?v=1770247308,https://monumenthobbies.com/products/weathering-pigments-05-unbleached-titanium,https://monumenthobbies.com/products/weathering-pigments-05-unbleached-titanium,published;check_digit_valid,pigment,655368364075,,2026-10-02
Pro Acryl,Weathering Pigments,PRO Acryl Weathering Pigments 06 - Raw Sienna,MWP06,,37,655368368462,0655368368462,655368368462,UPC-A,https://cdn.shopify.com/s/files/1/0542/1514/7693/files/MWP-06_RawSienna.png?v=1770247804,https://monumenthobbies.com/products/weathering-pigments-06-raw-sienna,https://monumenthobbies.com/products/weathering-pigments-06-raw-sienna,published;check_digit_valid,pigment,655368368462,,2026-10-02
Pro Acryl,Weathering Pigments,PRO Acryl Weathering Pigments 07 - Burnt Umber,MWP07,,37,655368373862,0655368373862,655368373862,UPC-A,https://cdn.shopify.com/s/files/1/0542/1514/7693/files/MWP-07_BurntUmber.png?v=1770248135,https://monumenthobbies.com/products/weathering-pigments-07-burnt-umber,https://monumenthobbies.com/products/weathering-pigments-07-burnt-umber,published;check_digit_valid,pigment,655368373862,,2026-10-02
Pro Acryl,Weathering Pigments,PRO Acryl Weathering Pigments 08 - Raw Umber,MWP08,,37,655368372797,0655368372797,655368372797,UPC-A,https://cdn.shopify.com/s/files/1/0542/1514/7693/files/MWP-08_RawUmber.png?v=1770248375,https://monumenthobbies.com/products/weathering-pigments-08-raw-umber,https://monumenthobbies.com/products/weathering-pigments-08-raw-umber,published;check_digit_valid,pigment,655368372797,,2026-10-02
Vallejo,Airbrush Cleaner,Vallejo Airbrush Cleaner,71.199,200 mL,200,,8429551711999,8429551711999,EAN-13,https://cdn.shopify.com/s/files/1/0627/6159/9138/files/71199.webp?v=1748201277,https://spraygunner.com/products/vallejo-airbrush-cleaner-85ml,https://spraygunner.com/products/vallejo-airbrush-cleaner-85ml,published;check_digit_valid,medium/auxiliary,8429551711999,,2026-10-02
Vallejo,Airbrush Cleaner,Vallejo Airbrush Cleaner,71.099,85 mL,85,,8429551710992,8429551710992,EAN-13,https://cdn.shopify.com/s/files/1/0627/6159/9138/files/Vallejo-Airbrush-Cleaner-_85mL_-Vallejo-168622671.webp?v=1762448335,https://spraygunner.com/products/vallejo-airbrush-cleaner-85ml,https://spraygunner.com/products/vallejo-airbrush-cleaner-85ml,published;check_digit_valid,medium/auxiliary,8429551710992,,2026-10-02
Vallejo,Diorama Effects,Vallejo Diorama FX: Alkaline White 0.5-1 mm (35ml) (26.301),26.301,,35,,8429551263016,8429551263016,EAN-13,https://cdn.shopify.com/s/files/1/0059/7481/8934/files/VJP26301_web_Content__53496.png?v=1788918952,https://gnomishbazaar.com/products/vallejo-diorama-fx-alkaline-white-0-5-1-mm-35ml-26-301,https://gnomishbazaar.com/products/vallejo-diorama-fx-alkaline-white-0-5-1-mm-35ml-26-301,published;check_digit_valid,texture/effect,8429551263016,,2026-10-02
Vallejo,Diorama Effects,Vallejo Diorama FX: Alkaline White 1-2 mm (35ml) (26.302),26.302,,35,,8429551263023,8429551263023,EAN-13,https://cdn.shopify.com/s/files/1/0059/7481/8934/files/VJP26302_web_Content__89518.1751578127.webp?v=1788922257,https://gnomishbazaar.com/products/vallejo-diorama-fx-alkaline-white-1-2-mm-35ml-26-302,https://gnomishbazaar.com/products/vallejo-diorama-fx-alkaline-white-1-2-mm-35ml-26-302,published;check_digit_valid,texture/effect,8429551263023,,2026-10-02
Vallejo,Diorama Effects,Vallejo Diorama FX: Alkaline White 2-5 mm (35ml) (26.303),26.303,,35,,8429551263030,8429551263030,EAN-13,https://cdn.shopify.com/s/files/1/0059/7481/8934/files/VJP26303_web_Content__29290.1751577972.webp?v=1788922258,https://gnomishbazaar.com/products/vallejo-diorama-fx-alkaline-white-2-5-mm-35ml-26-303,https://gnomishbazaar.com/products/vallejo-diorama-fx-alkaline-white-2-5-mm-35ml-26-303,published;check_digit_valid,texture/effect,8429551263030,,2026-10-02
Vallejo,Diorama Effects,Vallejo Diorama FX: Arid Yellow 0.1-0.6 mm (35ml) (26.313),26.313,,35,,8429551263139,8429551263139,EAN-13,https://cdn.shopify.com/s/files/1/0059/7481/8934/files/VJP26313_web_Content__97985.1751580200.webp?v=1788922266,https://gnomishbazaar.com/products/vallejo-diorama-fx-arid-yellow-0-1-0-6-mm-35ml-26-313,https://gnomishbazaar.com/products/vallejo-diorama-fx-arid-yellow-0-1-0-6-mm-35ml-26-313,published;check_digit_valid,texture/effect,8429551263139,,2026-10-02
Vallejo,Diorama Effects,Vallejo Diorama FX: Arid Yellow 0.5-2 mm (35ml) (26.314),26.314,,35,,8429551263146,8429551263146,EAN-13,https://cdn.shopify.com/s/files/1/0059/7481/8934/files/VJP26314_web_Content__38100.1751580059.webp?v=1788922267,https://gnomishbazaar.com/products/vallejo-diorama-fx-arid-yellow-0-5-2-mm-35ml-26-314,https://gnomishbazaar.com/products/vallejo-diorama-fx-arid-yellow-0-5-2-mm-35ml-26-314,published;check_digit_valid,texture/effect,8429551263146,,2026-10-02
Vallejo,Diorama Effects,Vallejo Diorama FX: Arid Yellow 2-5 mm (35ml) (26.315),26.315,,35,,8429551263153,8429551263153,EAN-13,https://cdn.shopify.com/s/files/1/0059/7481/8934/files/VJP26315_web_Content__87274.1751579170.webp?v=1788922268,https://gnomishbazaar.com/products/vallejo-diorama-fx-arid-yellow-2-5-mm-35ml-26-315,https://gnomishbazaar.com/products/vallejo-diorama-fx-arid-yellow-2-5-mm-35ml-26-315,published;check_digit_valid,texture/effect,8429551263153,,2026-10-02
Vallejo,Diorama Effects,Vallejo Diorama FX: Atlantic Blue (200ml) (26.204),26.204,,200,,8429551262040,8429551262040,EAN-13,https://cdn.shopify.com/s/files/1/0059/7481/8934/files/vallejo-diorama-fx-water-texture-26204.jpg?v=1726010994,https://gnomishbazaar.com/products/vallejo-diorama-effects-atlantic-blue-200ml-26-204,https://gnomishbazaar.com/products/vallejo-diorama-effects-atlantic-blue-200ml-26-204,published;check_digit_valid,texture/effect,8429551262040,,2026-10-02
Vallejo,Diorama Effects,Vallejo Diorama FX: Black Lava-Asphalt (200ml) (26.214),26.214,,200,,8429551262149,8429551262149,EAN-13,https://cdn.shopify.com/s/files/1/0059/7481/8934/files/vallejo-diorama-fx-earth-texture-26214.jpg?v=1726011419,https://gnomishbazaar.com/products/vallejo-diorama-effects-black-lava-asphalt-200ml-26-214,https://gnomishbazaar.com/products/vallejo-diorama-effects-black-lava-asphalt-200ml-26-214,published;check_digit_valid,texture/effect,8429551262149,,2026-10-02
Vallejo,Diorama Effects,Vallejo Diorama FX: Black Mud (200ml) (26.812),26.812,,200,,8429551268127,8429551268127,EAN-13,https://cdn.shopify.com/s/files/1/0059/7481/8934/files/vallejo-diorama-fx-thick-mud-26812.jpg?v=1726018287,https://gnomishbazaar.com/products/vallejo-diorama-effects-black-mud-200ml-26-812,https://gnomishbazaar.com/products/vallejo-diorama-effects-black-mud-200ml-26-812,published;check_digit_valid,texture/effect,8429551268127,,2026-10-02
Vallejo,Diorama Effects,Vallejo Diorama FX: Brown Earth (200ml) (26.219),26.219,,200,,8429551262194,8429551262194,EAN-13,https://cdn.shopify.com/s/files/1/0059/7481/8934/files/vallejo-diorama-fx-earth-texture-26219.jpg?v=1726011682,https://gnomishbazaar.com/products/vallejo-diorama-effects-brown-earth-200ml-26-219,https://gnomishbazaar.com/products/vallejo-diorama-effects-brown-earth-200ml-26-219,published;check_digit_valid,texture/effect,8429551262194,,2026-10-02
Vallejo,Diorama Effects,Vallejo Diorama FX: Brown Mud (200ml) (26.811),26.811,,200,,8429551268110,8429551268110,EAN-13,https://cdn.shopify.com/s/files/1/0059/7481/8934/files/vallejo-diorama-fx-thick-mud-26811.jpg?v=1726018212,https://gnomishbazaar.com/products/vallejo-diorama-effects-brown-mud-200ml-26-811,https://gnomishbazaar.com/products/vallejo-diorama-effects-brown-mud-200ml-26-811,published;check_digit_valid,texture/effect,8429551268110,,2026-10-02
Vallejo,Diorama Effects,Vallejo Diorama FX: Brown Water (200ml) (26.222),26.222,,200,,8429551262224,8429551262224,EAN-13,https://cdn.shopify.com/s/files/1/0059/7481/8934/files/VJP26222_web_Content__22859_e3f72afe-9fa7-4507-9885-cd20c0d8e910.jpg?v=1759269040,https://gnomishbazaar.com/products/vallejo-diorama-fx-brown-water-200ml-26-222,https://gnomishbazaar.com/products/vallejo-diorama-fx-brown-water-200ml-26-222,published;check_digit_valid,texture/effect,8429551262224,,2026-10-02
Vallejo,Diorama Effects,Vallejo Diorama FX: Desert Sand (200ml) (26.217),26.217,,200,,8429551262170,8429551262170,EAN-13,https://cdn.shopify.com/s/files/1/0059/7481/8934/files/vallejo-diorama-fx-earth-texture-26217.jpg?v=1726011533,https://gnomishbazaar.com/products/vallejo-diorama-effects-desert-sand-200ml-26-217,https://gnomishbazaar.com/products/vallejo-diorama-effects-desert-sand-200ml-26-217,published;check_digit_valid,texture/effect,8429551262170,,2026-10-02
Vallejo,Diorama Effects,Vallejo Diorama FX: European Mud (200ml) (26.807),26.807,,200,,8429551268073,8429551268073,EAN-13,https://cdn.shopify.com/s/files/1/0059/7481/8934/files/vallejo-diorama-fx-thick-mud-26807.jpg?v=1726017879,https://gnomishbazaar.com/products/vallejo-diorama-effects-european-mud-200ml-26-807,https://gnomishbazaar.com/products/vallejo-diorama-effects-european-mud-200ml-26-807,published;check_digit_valid,texture/effect,8429551268073,,2026-10-02
Vallejo,Diorama Effects,Vallejo Diorama FX: Foam (32ml) (26.231),26.231,,32,,8429551262316,8429551262316,EAN-13,https://cdn.shopify.com/s/files/1/0059/7481/8934/files/vallejo-diorama-fx-water-texture-26231.jpg?v=1726017402,https://gnomishbazaar.com/products/vallejo-diorama-effects-foam-32ml-26-231,https://gnomishbazaar.com/products/vallejo-diorama-effects-foam-32ml-26-231,published;check_digit_valid,texture/effect,8429551262316,,2026-10-02
Vallejo,Diorama Effects,Vallejo Diorama FX: Granite Grey 0.2-0.6 mm (35ml) (26.307),26.307,,35,,8429551263078,8429551263078,EAN-13,https://cdn.shopify.com/s/files/1/0059/7481/8934/files/VJP26307_web_Content__16887.1751577482.webp?v=1788922261,https://gnomishbazaar.com/products/vallejo-diorama-fx-granite-grey-0-2-0-6-mm-35ml-26-307,https://gnomishbazaar.com/products/vallejo-diorama-fx-granite-grey-0-2-0-6-mm-35ml-26-307,published;check_digit_valid,texture/effect,8429551263078,,2026-10-02
Vallejo,Diorama Effects,Vallejo Diorama FX: Granite Grey 0.5-2 mm (35ml) (26.308),26.308,,35,,8429551263085,8429551263085,EAN-13,https://cdn.shopify.com/s/files/1/0059/7481/8934/files/VJP26308_web_Content__82691.1751577245.webp?v=1788922262,https://gnomishbazaar.com/products/vallejo-diorama-fx-granite-grey-0-5-2-mm-35ml-26-308,https://gnomishbazaar.com/products/vallejo-diorama-fx-granite-grey-0-5-2-mm-35ml-26-308,published;check_digit_valid,texture/effect,8429551263085,,2026-10-02
Vallejo,Diorama Effects,Vallejo Diorama FX: Granite Grey 2-5 mm (35ml) (26.309),26.309,,35,,8429551263092,8429551263092,EAN-13,https://cdn.shopify.com/s/files/1/0059/7481/8934/files/VJP26309_web_Content__46901.1751577031.webp?v=1788922263,https://gnomishbazaar.com/products/vallejo-diorama-fx-granite-grey-2-5-mm-35ml-26-309,https://gnomishbazaar.com/products/vallejo-diorama-fx-granite-grey-2-5-mm-35ml-26-309,published;check_digit_valid,texture/effect,8429551263092,,2026-10-02
Vallejo,Diorama Effects,Vallejo Diorama FX: Grey Sand (200ml) (26.215),26.215,,200,,8429551262156,8429551262156,EAN-13,https://cdn.shopify.com/s/files/1/0059/7481/8934/files/vallejo-diorama-fx-ground-texture-26215-1.jpg?v=1725578371,https://gnomishbazaar.com/products/vallejo-diorama-effects-grey-sand-200ml-26-215,https://gnomishbazaar.com/products/vallejo-diorama-effects-grey-sand-200ml-26-215,published;check_digit_valid,texture/effect,8429551262156,,2026-10-02
Vallejo,Diorama Effects,Vallejo Diorama FX: Industrial Mud (200ml) (26.809),26.809,,200,,8429551268097,8429551268097,EAN-13,https://cdn.shopify.com/s/files/1/0059/7481/8934/files/vallejo-diorama-fx-thick-mud-26809.jpg?v=1726018047,https://gnomishbazaar.com/products/vallejo-diorama-effects-industrial-mud-200ml-26-809,https://gnomishbazaar.com/products/vallejo-diorama-effects-industrial-mud-200ml-26-809,published;check_digit_valid,texture/effect,8429551268097,,2026-10-02
Vallejo,Diorama Effects,Vallejo Diorama FX: Light Brown Mud (200ml) (26.810),26.810,,200,,8429551268103,8429551268103,EAN-13,https://cdn.shopify.com/s/files/1/0059/7481/8934/files/vallejo-diorama-fx-thick-mud-26810.jpg?v=1726018116,https://gnomishbazaar.com/products/vallejo-diorama-effects-light-brown-mud-200ml-26-810,https://gnomishbazaar.com/products/vallejo-diorama-effects-light-brown-mud-200ml-26-810,published;check_digit_valid,texture/effect,8429551268103,,2026-10-02
Vallejo,Diorama Effects,Vallejo Diorama FX: Mars Red 0.2-0.6 mm (35ml) (26.304),26.304,,35,,8429551263047,8429551263047,EAN-13,https://cdn.shopify.com/s/files/1/0059/7481/8934/files/VJP26304_web_Content__38715.1751577803.webp?v=1788922258,https://gnomishbazaar.com/products/vallejo-diorama-fx-mars-red-0-2-0-6-mm-35ml-26-304,https://gnomishbazaar.com/products/vallejo-diorama-fx-mars-red-0-2-0-6-mm-35ml-26-304,published;check_digit_valid,texture/effect,8429551263047,,2026-10-02
Vallejo,Diorama Effects,Vallejo Diorama FX: Mars Red 1-2 mm (35ml) (26.305),26.305,,35,,8429551263054,8429551263054,EAN-13,https://cdn.shopify.com/s/files/1/0059/7481/8934/files/VJP26305_web_Content__31492.1751577665.webp?v=1788922259,https://gnomishbazaar.com/products/vallejo-diorama-fx-mars-red-1-2-mm-35ml-26-305,https://gnomishbazaar.com/products/vallejo-diorama-fx-mars-red-1-2-mm-35ml-26-305,published;check_digit_valid,texture/effect,8429551263054,,2026-10-02
Vallejo,Diorama Effects,Vallejo Diorama FX: Mars Red 2-5 mm (35ml) (26.306),26.306,,35,,8429551263061,8429551263061,EAN-13,https://cdn.shopify.com/s/files/1/0059/7481/8934/files/VJP26306_web_Content__12679.1751576823.webp?v=1788922260,https://gnomishbazaar.com/products/vallejo-diorama-fx-mars-red-2-5-mm-35ml-26-306,https://gnomishbazaar.com/products/vallejo-diorama-fx-mars-red-2-5-mm-35ml-26-306,published;check_digit_valid,texture/effect,8429551263061,,2026-10-02
Vallejo,Diorama Effects,Vallejo Diorama FX: Mediterranean Blue (200ml) (26.202),26.202,,200,,8429551262026,8429551262026,EAN-13,https://cdn.shopify.com/s/files/1/0059/7481/8934/files/vallejo-diorama-fx-water-texture-26202.jpg?v=1726010882,https://gnomishbazaar.com/products/vallejo-diorama-effects-mediterranean-blue-200ml-26-202,https://gnomishbazaar.com/products/vallejo-diorama-effects-mediterranean-blue-200ml-26-202,published;check_digit_valid,texture/effect,8429551262026,,2026-10-02
Vallejo,Diorama Effects,Vallejo Diorama FX: Moss Green 0.1-1 mm (35ml) (26.310),26.310,,35,,8429551263108,8429551263108,EAN-13,https://cdn.shopify.com/s/files/1/0059/7481/8934/files/VJP26310_web_Content__35142.1751580618.webp?v=1788922263,https://gnomishbazaar.com/products/vallejo-diorama-fx-moss-green-0-1-1-mm-35ml-26-310,https://gnomishbazaar.com/products/vallejo-diorama-fx-moss-green-0-1-1-mm-35ml-26-310,published;check_digit_valid,texture/effect,8429551263108,,2026-10-02
Vallejo,Diorama Effects,Vallejo Diorama FX: Moss Green 0.5-2 mm (35ml) (26.311),26.311,,35,,8429551263115,8429551263115,EAN-13,https://cdn.shopify.com/s/files/1/0059/7481/8934/files/VJP26311_web_Content__88808.1751580472.webp?v=1788922264,https://gnomishbazaar.com/products/vallejo-diorama-fx-moss-green-0-5-2-mm-35ml-26-311,https://gnomishbazaar.com/products/vallejo-diorama-fx-moss-green-0-5-2-mm-35ml-26-311,published;check_digit_valid,texture/effect,8429551263115,,2026-10-02
Vallejo,Diorama Effects,Vallejo Diorama FX: Moss Green 2-5 mm (35ml) (26.312),26.312,,35,,8429551263122,8429551263122,EAN-13,https://cdn.shopify.com/s/files/1/0059/7481/8934/files/VJP26312_web_Content__25908.1751580336.webp?v=1788922265,https://gnomishbazaar.com/products/vallejo-diorama-fx-moss-green-2-5-mm-35ml-26-312,https://gnomishbazaar.com/products/vallejo-diorama-fx-moss-green-2-5-mm-35ml-26-312,published;check_digit_valid,texture/effect,8429551263122,,2026-10-02
Vallejo,Diorama Effects,Vallejo Diorama FX: Muddy Water (200ml) (26.221),26.221,,200,,8429551262217,8429551262217,EAN-13,https://cdn.shopify.com/s/files/1/0059/7481/8934/files/VJP26221_web_Content__49255.jpg?v=1759793272,https://gnomishbazaar.com/products/vallejo-diorama-fx-muddy-water-200ml-26-221,https://gnomishbazaar.com/products/vallejo-diorama-fx-muddy-water-200ml-26-221,published;check_digit_valid,texture/effect,8429551262217,,2026-10-02
Vallejo,Diorama Effects,Vallejo Diorama FX: Pacific Blue (200ml) (26.203),26.203,,200,,8429551262033,8429551262033,EAN-13,https://cdn.shopify.com/s/files/1/0059/7481/8934/files/vallejo-diorama-fx-water-texture-26203_0d43c816-fdcc-4b9b-a28a-7f3d4a59d9cf.jpg?v=1726010899,https://gnomishbazaar.com/products/vallejo-diorama-effects-pacific-blue-200ml-26-203,https://gnomishbazaar.com/products/vallejo-diorama-effects-pacific-blue-200ml-26-203,published;check_digit_valid,texture/effect,8429551262033,,2026-10-02
Vallejo,Diorama Effects,Vallejo Diorama FX: River Water (200ml) (26.224),26.224,,200,,8429551262248,8429551262248,EAN-13,https://cdn.shopify.com/s/files/1/0059/7481/8934/files/VJP26224_web_Content__00095.jpg?v=1759269660,https://gnomishbazaar.com/products/vallejo-diorama-fx-river-water-200ml-26-224,https://gnomishbazaar.com/products/vallejo-diorama-fx-river-water-200ml-26-224,published;check_digit_valid,texture/effect,8429551262248,,2026-10-02
Vallejo,Diorama Effects,Vallejo Diorama FX: Rough Grey Pumice (200ml) (26.213),26.213,,200,,8429551262132,8429551262132,EAN-13,https://cdn.shopify.com/s/files/1/0059/7481/8934/files/vallejo-diorama-fx-ground-texture-26213.jpg?v=1726011320,https://gnomishbazaar.com/products/vallejo-diorama-effects-rough-grey-pumice-200ml-26-213,https://gnomishbazaar.com/products/vallejo-diorama-effects-rough-grey-pumice-200ml-26-213,published;check_digit_valid,texture/effect,8429551262132,,2026-10-02
Vallejo,Diorama Effects,Vallejo Diorama FX: Rough White Pumice (200ml) (26.212),26.212,,200,,8429551262125,8429551262125,EAN-13,https://cdn.shopify.com/s/files/1/0059/7481/8934/files/vallejo-diorama-fx-ground-texture-26212.jpg?v=1726011243,https://gnomishbazaar.com/products/vallejo-diorama-effects-rough-white-pumice-200ml-26-212,https://gnomishbazaar.com/products/vallejo-diorama-effects-rough-white-pumice-200ml-26-212,published;check_digit_valid,texture/effect,8429551262125,,2026-10-02
Vallejo,Diorama Effects,Vallejo Diorama FX: Russian Mud (200ml) (26.808),26.808,,200,,8429551268080,8429551268080,EAN-13,https://cdn.shopify.com/s/files/1/0059/7481/8934/files/vallejo-diorama-fx-thick-mud-26808.jpg?v=1726017973,https://gnomishbazaar.com/products/vallejo-diorama-effects-russian-mud-200ml-26-808,https://gnomishbazaar.com/products/vallejo-diorama-effects-russian-mud-200ml-26-808,published;check_digit_valid,texture/effect,8429551268080,,2026-10-02
Vallejo,Diorama Effects,Vallejo Diorama FX: Snow (200ml) (26.820),26.820,,200,,8429551268202,8429551268202,EAN-13,https://cdn.shopify.com/s/files/1/0059/7481/8934/files/vallejo-diorama-fx-ground-texture-26820.jpg?v=1725578447,https://gnomishbazaar.com/products/vallejo-diorama-effects-snow-200ml-26-820,https://gnomishbazaar.com/products/vallejo-diorama-effects-snow-200ml-26-820,published;check_digit_valid,texture/effect,8429551268202,,2026-10-02
Vallejo,Diorama Effects,Vallejo Diorama FX: Still Water (200ml) (26.230),26.230,,200,,8429551262309,8429551262309,EAN-13,https://cdn.shopify.com/s/files/1/0059/7481/8934/files/vallejo-diorama-fx-water-texture-26230.jpg?v=1726011966,https://gnomishbazaar.com/products/vallejo-diorama-effects-still-water-200ml-26-230,https://gnomishbazaar.com/products/vallejo-diorama-effects-still-water-200ml-26-230,published;check_digit_valid,texture/effect,8429551262309,,2026-10-02
Vallejo,Diorama Effects,Vallejo Diorama FX: Swamp Water (200ml) (26.220),26.220,,200,,8429551262200,8429551262200,EAN-13,https://cdn.shopify.com/s/files/1/0059/7481/8934/files/VJP26220_web_Content__67099.jpg?v=1759793146,https://gnomishbazaar.com/products/vallejo-diorama-fx-swamp-water-200ml-26-220,https://gnomishbazaar.com/products/vallejo-diorama-fx-swamp-water-200ml-26-220,published;check_digit_valid,texture/effect,8429551262200,,2026-10-02
Vallejo,Diorama Effects,Vallejo Diorama FX: Terrain Fixer (35ml) (26.322),26.322,,35,,8429551263221,8429551263221,EAN-13,https://cdn.shopify.com/s/files/1/0059/7481/8934/files/VJP26322_web_Content__70066.1752680416.webp?v=1788922273,https://gnomishbazaar.com/products/vallejo-diorama-fx-terrain-fixer-35ml-26-322,https://gnomishbazaar.com/products/vallejo-diorama-fx-terrain-fixer-35ml-26-322,published;check_digit_valid,texture/effect,8429551263221,,2026-10-02
Vallejo,Diorama Effects,Vallejo Diorama FX: Transparent Water (200ml) (26.201),26.201,,200,,8429551262019,8429551262019,EAN-13,https://cdn.shopify.com/s/files/1/0059/7481/8934/files/vallejo-diorama-fx-water-texture-26201.jpg?v=1726010666,https://gnomishbazaar.com/products/vallejo-diorama-effects-transparent-water-26-201,https://gnomishbazaar.com/products/vallejo-diorama-effects-transparent-water-26-201,published;check_digit_valid,texture/effect,8429551262019,,2026-10-02
Vallejo,Diorama Effects,Vallejo Diorama FX: Tropical Blue (200ml) (26.223),26.223,,200,,8429551262231,8429551262231,EAN-13,https://cdn.shopify.com/s/files/1/0059/7481/8934/files/VJP26223_web_Content__20494_b3be6cec-7934-436c-8c3d-ec5ee77b459c.jpg?v=1759269483,https://gnomishbazaar.com/products/vallejo-diorama-fx-tropical-blue-200ml-26-223,https://gnomishbazaar.com/products/vallejo-diorama-fx-tropical-blue-200ml-26-223,published;check_digit_valid,texture/effect,8429551262231,,2026-10-02
Vallejo,Diorama Effects,Vallejo Diorama FX: Vulcan Black 0.1-0.6 mm (35ml) (26.316),26.316,,35,,8429551263160,8429551263160,EAN-13,https://cdn.shopify.com/s/files/1/0059/7481/8934/files/VJP26316_web_Content__15516.1751580760.webp?v=1788922268,https://gnomishbazaar.com/products/vallejo-diorama-fx-vulcan-black-0-1-0-6-mm-35ml-26-316,https://gnomishbazaar.com/products/vallejo-diorama-fx-vulcan-black-0-1-0-6-mm-35ml-26-316,published;check_digit_valid,texture/effect,8429551263160,,2026-10-02
Vallejo,Diorama Effects,Vallejo Diorama FX: Vulcan Black 0.1-2 mm (35ml) (26.317),26.317,,35,,8429551263177,8429551263177,EAN-13,https://cdn.shopify.com/s/files/1/0059/7481/8934/files/VJP26317_web_Content__94666.1751579900.webp?v=1788922269,https://gnomishbazaar.com/products/vallejo-diorama-fx-vulcan-black-0-1-2-mm-35ml-26-317,https://gnomishbazaar.com/products/vallejo-diorama-fx-vulcan-black-0-1-2-mm-35ml-26-317,published;check_digit_valid,texture/effect,8429551263177,,2026-10-02
Vallejo,Diorama Effects,Vallejo Diorama FX: Vulcan Black 2-5 mm (35ml) (26.318),26.318,,35,,8429551263184,8429551263184,EAN-13,https://cdn.shopify.com/s/files/1/0059/7481/8934/files/VJP26318_web_Content__20857.1751579760.webp?v=1788922270,https://gnomishbazaar.com/products/vallejo-diorama-fx-vulcan-black-2-5-mm-35ml-26-318,https://gnomishbazaar.com/products/vallejo-diorama-fx-vulcan-black-2-5-mm-35ml-26-318,published;check_digit_valid,texture/effect,8429551263184,,2026-10-02
Vallejo,Diorama Effects,Vallejo Diorama FX: Warm Orange 0.1-0.6 mm (35ml) (26.319),26.319,,35,,8429551263191,8429551263191,EAN-13,https://cdn.shopify.com/s/files/1/0059/7481/8934/files/VJP26319_web_Content__06680.1751579601.webp?v=1788922271,https://gnomishbazaar.com/products/vallejo-diorama-fx-warm-orange-0-1-0-6-mm-35ml-26-319,https://gnomishbazaar.com/products/vallejo-diorama-fx-warm-orange-0-1-0-6-mm-35ml-26-319,published;check_digit_valid,texture/effect,8429551263191,,2026-10-02
Vallejo,Diorama Effects,Vallejo Diorama FX: Warm Orange 0.1-1 mm (35ml) (26.320),26.320,,35,,8429551263207,8429551263207,EAN-13,https://cdn.shopify.com/s/files/1/0059/7481/8934/files/VJP26320_web_Content__41289.1751579465.webp?v=1788922271,https://gnomishbazaar.com/products/vallejo-diorama-fx-warm-orange-0-1-1-mm-35ml-26-320,https://gnomishbazaar.com/products/vallejo-diorama-fx-warm-orange-0-1-1-mm-35ml-26-320,published;check_digit_valid,texture/effect,8429551263207,,2026-10-02
Vallejo,Diorama Effects,Vallejo Diorama FX: Warm Orange 1-2 mm (35ml) (26.321),26.321,,35,,8429551263214,8429551263214,EAN-13,https://cdn.shopify.com/s/files/1/0059/7481/8934/files/VJP26321_web_Content__16585.1751579310.webp?v=1788922272,https://gnomishbazaar.com/products/vallejo-diorama-fx-warm-orange-1-2-mm-35ml-26-321,https://gnomishbazaar.com/products/vallejo-diorama-fx-warm-orange-1-2-mm-35ml-26-321,published;check_digit_valid,texture/effect,8429551263214,,2026-10-02
Vallejo,Diorama Effects,Vallejo Diorama FX: White Stone (200ml) (26.211),26.211,,200,,8429551262118,8429551262118,EAN-13,https://cdn.shopify.com/s/files/1/0059/7481/8934/files/vallejo-diorama-fx-ground-texture-26211.jpg?v=1726011079,https://gnomishbazaar.com/products/vallejo-diorama-effects-white-stone-200ml-26-211,https://gnomishbazaar.com/products/vallejo-diorama-effects-white-stone-200ml-26-211,published;check_digit_valid,texture/effect,8429551262118,,2026-10-02
Vallejo,Game Air,Vallejo Game Air Primer: Bloody Red (18ml),70.632,,18,,8429551706322,8429551706322,EAN-13,https://cdn.shopify.com/s/files/1/0627/6159/9138/files/70632.webp?v=1758208034,https://spraygunner.com/products/vallejo-game-air-primer-bloody-red-18ml,https://spraygunner.com/products/vallejo-game-air-primer-bloody-red-18ml,published;check_digit_valid,primer,8429551706322,,2026-10-02
Vallejo,Game Air,Vallejo Game Air Primer: Chainmail Silver (18ml),70.631,,18,,8429551706315,8429551706315,EAN-13,https://cdn.shopify.com/s/files/1/0627/6159/9138/files/70631.webp?v=1758207952,https://spraygunner.com/products/vallejo-game-air-primer-chainmail-silver-18ml,https://spraygunner.com/products/vallejo-game-air-primer-chainmail-silver-18ml,published;check_digit_valid,primer,8429551706315,,2026-10-02
Vallejo,Game Air,Vallejo Game Air Primer: Steel Grey (18ml),70.630,,18,,8429551706308,8429551706308,EAN-13,https://cdn.shopify.com/s/files/1/0627/6159/9138/files/70630.webp?v=1758207878,https://spraygunner.com/products/vallejo-game-air-primer-steel-grey-18ml,https://spraygunner.com/products/vallejo-game-air-primer-steel-grey-18ml,published;check_digit_valid,primer,8429551706308,,2026-10-02
Vallejo,Game Air,Vallejo Game Air Primer: Sun Yellow (18ml),70.629,,18,,8429551706292,8429551706292,EAN-13,https://cdn.shopify.com/s/files/1/0627/6159/9138/files/70629.webp?v=1758207799,https://spraygunner.com/products/vallejo-game-air-primer-sun-yellow-18ml,https://spraygunner.com/products/vallejo-game-air-primer-sun-yellow-18ml,published;check_digit_valid,primer,8429551706292,,2026-10-02
Vallejo,Game Air,Vallejo Game Air Primer: Ultramarine Blue (18ml),70.625,,18,,8429551706254,8429551706254,EAN-13,https://cdn.shopify.com/s/files/1/0627/6159/9138/files/70625.webp?v=1758207724,https://spraygunner.com/products/vallejo-game-air-primer-ultramarine-blue-18ml,https://spraygunner.com/products/vallejo-game-air-primer-ultramarine-blue-18ml,published;check_digit_valid,primer,8429551706254,,2026-10-02
Vallejo,Game Air,Vallejo Game Air: Abyssal Turquoise (18ml),76.120,,18,,8429551761208,8429551761208,EAN-13,https://cdn.shopify.com/s/files/1/0627/6159/9138/files/76120.webp?v=1758567871,https://spraygunner.com/products/vallejo-game-air-abyssal-turquoise-18ml,https://spraygunner.com/products/vallejo-game-air-abyssal-turquoise-18ml,published;check_digit_valid,paint,8429551761208,,2026-10-02
Vallejo,Game Air,Vallejo Game Air: Alien Purple (18ml),76.076,,18,,8429551760768,8429551760768,EAN-13,https://cdn.shopify.com/s/files/1/0627/6159/9138/files/76076.webp?v=1758566774,https://spraygunner.com/products/vallejo-game-air-alien-purple-18ml,https://spraygunner.com/products/vallejo-game-air-alien-purple-18ml,published;check_digit_valid,paint,8429551760768,,2026-10-02
Vallejo,Game Air,Vallejo Game Air: Angel Green (18ml),76.123,,18,,8429551761239,8429551761239,EAN-13,https://cdn.shopify.com/s/files/1/0627/6159/9138/files/76123.webp?v=1758568184,https://spraygunner.com/products/vallejo-game-air-angel-green-18ml,https://spraygunner.com/products/vallejo-game-air-angel-green-18ml,published;check_digit_valid,paint,8429551761239,,2026-10-02
Vallejo,Game Air,Vallejo Game Air: Athena Skin (18ml),76.107,,18,,8429551761079,8429551761079,EAN-13,https://cdn.shopify.com/s/files/1/0627/6159/9138/files/76107.webp?v=1758566953,https://spraygunner.com/products/vallejo-game-air-athena-skin-18ml,https://spraygunner.com/products/vallejo-game-air-athena-skin-18ml,published;check_digit_valid,paint,8429551761079,,2026-10-02
Vallejo,Game Air,Vallejo Game Air: Barbarian Skin (18ml),76.071,,18,,8429551760713,8429551760713,EAN-13,https://cdn.shopify.com/s/files/1/0627/6159/9138/files/76071.webp?v=1758566681,https://spraygunner.com/products/vallejo-game-air-barbarian-skin-18ml,https://spraygunner.com/products/vallejo-game-air-barbarian-skin-18ml,published;check_digit_valid,paint,8429551760713,,2026-10-02
Vallejo,Game Air,Vallejo Game Air: Beasty Brown (18ml),76.043,,18,,8429551760430,8429551760430,EAN-13,https://cdn.shopify.com/s/files/1/0627/6159/9138/files/76043.webp?v=1758565935,https://spraygunner.com/products/vallejo-game-air-beasty-brown-18ml,https://spraygunner.com/products/vallejo-game-air-beasty-brown-18ml,published;check_digit_valid,paint,8429551760430,,2026-10-02
Vallejo,Game Air,Vallejo Game Air: Bile Green (18ml),76.122,,18,,8429551761222,8429551761222,EAN-13,https://cdn.shopify.com/s/files/1/0627/6159/9138/files/76122.webp?v=1758568098,https://spraygunner.com/products/vallejo-game-air-bile-green-18ml,https://spraygunner.com/products/vallejo-game-air-bile-green-18ml,published;check_digit_valid,paint,8429551761222,,2026-10-02
Vallejo,Game Air,Vallejo Game Air: Black (18ml),76.051,,18,,8429551760515,8429551760515,EAN-13,https://cdn.shopify.com/s/files/1/0627/6159/9138/files/76051.webp?v=1758566415,https://spraygunner.com/products/vallejo-game-air-black-18ml,https://spraygunner.com/products/vallejo-game-air-black-18ml,published;check_digit_valid,paint,8429551760515,,2026-10-02
Vallejo,Game Air,Vallejo Game Air: Bloody Red (18ml),76.010,,18,,8429551760102,8429551760102,EAN-13,https://cdn.shopify.com/s/files/1/0627/6159/9138/files/76010.webp?v=1758560302,https://spraygunner.com/products/vallejo-game-air-bloody-red-18ml,https://spraygunner.com/products/vallejo-game-air-bloody-red-18ml,published;check_digit_valid,paint,8429551760102,,2026-10-02
Vallejo,Game Air,Vallejo Game Air: Bone White (18ml),76.034,,18,,8429551760348,8429551760348,EAN-13,https://cdn.shopify.com/s/files/1/0627/6159/9138/files/76034.webp?v=1758565527,https://spraygunner.com/products/vallejo-game-air-bone-white-18ml,https://spraygunner.com/products/vallejo-game-air-bone-white-18ml,published;check_digit_valid,paint,8429551760348,,2026-10-02
Vallejo,Game Air,Vallejo Game Air: Bronze Brown (18ml),76.036,,18,,8429551760362,8429551760362,EAN-13,https://cdn.shopify.com/s/files/1/0627/6159/9138/files/76036.webp?v=1758565687,https://spraygunner.com/products/vallejo-game-air-bronze-brown-18ml,https://spraygunner.com/products/vallejo-game-air-bronze-brown-18ml,published;check_digit_valid,paint,8429551760362,,2026-10-02
Vallejo,Game Air,Vallejo Game Air: Camouflage Green (18ml),76.031,,18,,8429551760317,8429551760317,EAN-13,https://cdn.shopify.com/s/files/1/0627/6159/9138/files/76031.webp?v=1758565357,https://spraygunner.com/products/vallejo-game-air-camouflage-green-18ml,https://spraygunner.com/products/vallejo-game-air-camouflage-green-18ml,published;check_digit_valid,paint,8429551760317,,2026-10-02
Vallejo,Game Air,Vallejo Game Air: Charred Brown (18ml),76.045,,18,,8429551760454,8429551760454,EAN-13,https://cdn.shopify.com/s/files/1/0627/6159/9138/files/76045.webp?v=1758566013,https://spraygunner.com/products/vallejo-game-air-charred-brown-18ml,https://spraygunner.com/products/vallejo-game-air-charred-brown-18ml,published;check_digit_valid,paint,8429551760454,,2026-10-02
Vallejo,Game Air,Vallejo Game Air: Dark Green (18ml),76.028,,18,,8429551760287,8429551760287,EAN-13,https://cdn.shopify.com/s/files/1/0627/6159/9138/files/76028.webp?v=1758565269,https://spraygunner.com/products/vallejo-game-air-dark-green-18ml,https://spraygunner.com/products/vallejo-game-air-dark-green-18ml,published;check_digit_valid,paint,8429551760287,,2026-10-02
Vallejo,Game Air,Vallejo Game Air: Dead Flesh (18ml),76.035,,18,,8429551760355,8429551760355,EAN-13,https://cdn.shopify.com/s/files/1/0627/6159/9138/files/76035.webp?v=1758565616,https://spraygunner.com/products/vallejo-game-air-dead-flesh-18ml,https://spraygunner.com/products/vallejo-game-air-dead-flesh-18ml,published;check_digit_valid,paint,8429551760355,,2026-10-02
Vallejo,Game Air,Vallejo Game Air: Dead White (18ml),76.001,,18,,8429551760010,8429551760010,EAN-13,https://cdn.shopify.com/s/files/1/0627/6159/9138/files/76001.webp?v=1758559717,https://spraygunner.com/products/vallejo-game-air-dead-white-18ml,https://spraygunner.com/products/vallejo-game-air-dead-white-18ml,published;check_digit_valid,paint,8429551760010,,2026-10-02
Vallejo,Game Air,Vallejo Game Air: Desert Yellow (18ml),76.063,,18,,8429551760638,8429551760638,EAN-13,https://cdn.shopify.com/s/files/1/0627/6159/9138/files/76063.webp?v=1758566590,https://spraygunner.com/products/vallejo-game-air-desert-yellow-18ml,https://spraygunner.com/products/vallejo-game-air-desert-yellow-18ml,published;check_digit_valid,paint,8429551760638,,2026-10-02
Vallejo,Game Air,Vallejo Game Air: Earth (18ml),76.062,,18,,8429551760621,8429551760621,EAN-13,https://cdn.shopify.com/s/files/1/0627/6159/9138/files/76062.webp?v=1758566499,https://spraygunner.com/products/vallejo-game-air-earth-18ml,https://spraygunner.com/products/vallejo-game-air-earth-18ml,published;check_digit_valid,paint,8429551760621,,2026-10-02
Vallejo,Game Air,Vallejo Game Air: Electric Blue (18ml),76.023,,18,,8429551760232,8429551760232,EAN-13,https://cdn.shopify.com/s/files/1/0627/6159/9138/files/76023.webp?v=1758564951,https://spraygunner.com/products/vallejo-game-air-electric-blue-18ml,https://spraygunner.com/products/vallejo-game-air-electric-blue-18ml,published;check_digit_valid,paint,8429551760232,,2026-10-02
Vallejo,Game Air,Vallejo Game Air: Elf Skin Tone (18ml),76.004,,18,,8429551760041,8429551760041,EAN-13,https://cdn.shopify.com/s/files/1/0627/6159/9138/files/76004.webp?v=1758559882,https://spraygunner.com/products/vallejo-game-air-elf-skin-tone-18ml,https://spraygunner.com/products/vallejo-game-air-elf-skin-tone-18ml,published;check_digit_valid,paint,8429551760041,,2026-10-02
Vallejo,Game Air,Vallejo Game Air: Ghost Green (18ml),76.121,,18,,8429551761215,8429551761215,EAN-13,https://cdn.shopify.com/s/files/1/0627/6159/9138/files/76121.webp?v=1758567974,https://spraygunner.com/products/vallejo-game-air-ghost-green-18ml,https://spraygunner.com/products/vallejo-game-air-ghost-green-18ml,published;check_digit_valid,paint,8429551761215,,2026-10-02
Vallejo,Game Air,Vallejo Game Air: Gold Yellow (18ml),76.007,,18,,8429551760072,8429551760072,EAN-13,https://cdn.shopify.com/s/files/1/0627/6159/9138/files/76007.webp?v=1758560137,https://spraygunner.com/products/vallejo-game-air-gold-yellow-18ml,https://spraygunner.com/products/vallejo-game-air-gold-yellow-18ml,published;check_digit_valid,paint,8429551760072,,2026-10-02
Vallejo,Game Air,Vallejo Game Air: Grunge Brown (18ml),76.115,,18,,8429551761154,8429551761154,EAN-13,https://cdn.shopify.com/s/files/1/0627/6159/9138/files/76115.webp?v=1758567346,https://spraygunner.com/products/vallejo-game-air-grunge-brown-18ml,https://spraygunner.com/products/vallejo-game-air-grunge-brown-18ml,published;check_digit_valid,paint,8429551761154,,2026-10-02
Vallejo,Game Air,Vallejo Game Air: Imperial Blue (18ml),76.020,,18,,8429551760201,8429551760201,EAN-13,https://cdn.shopify.com/s/files/1/0627/6159/9138/files/76020.webp?v=1758564709,https://spraygunner.com/products/vallejo-game-air-imperial-blue-18ml,https://spraygunner.com/products/vallejo-game-air-imperial-blue-18ml,published;check_digit_valid,paint,8429551760201,,2026-10-02
Vallejo,Game Air,Vallejo Game Air: Jade Green (18ml),76.026,,18,,8429551760263,8429551760263,EAN-13,https://cdn.shopify.com/s/files/1/0627/6159/9138/files/76026.webp?v=1758565100,https://spraygunner.com/products/vallejo-game-air-jade-green-18ml,https://spraygunner.com/products/vallejo-game-air-jade-green-18ml,published;check_digit_valid,paint,8429551760263,,2026-10-02
Vallejo,Game Air,Vallejo Game Air: Leather Brown (18ml),76.040,,18,,8429551760409,8429551760409,EAN-13,https://cdn.shopify.com/s/files/1/0627/6159/9138/files/76040.webp?v=1758565777,https://spraygunner.com/products/vallejo-game-air-leather-brown-18ml,https://spraygunner.com/products/vallejo-game-air-leather-brown-18ml,published;check_digit_valid,paint,8429551760409,,2026-10-02
Vallejo,Game Air,Vallejo Game Air: Lustful Purple (18ml),76.114,,18,,8429551761147,8429551761147,EAN-13,https://cdn.shopify.com/s/files/1/0627/6159/9138/files/76114.webp?v=1758567239,https://spraygunner.com/products/vallejo-game-air-lustful-purple-18ml,https://spraygunner.com/products/vallejo-game-air-lustful-purple-18ml,published;check_digit_valid,paint,8429551761147,,2026-10-02
Vallejo,Game Air,Vallejo Game Air: Magic Blue (18ml),76.021,,18,,8429551760218,8429551760218,EAN-13,https://cdn.shopify.com/s/files/1/0627/6159/9138/files/76021.webp?v=1758564792,https://spraygunner.com/products/vallejo-game-air-magic-blue-18ml,https://spraygunner.com/products/vallejo-game-air-magic-blue-18ml,published;check_digit_valid,paint,8429551760218,,2026-10-02
Vallejo,Game Air,Vallejo Game Air: Midnight Purple (18ml),76.116,,18,,8429551761161,8429551761161,EAN-13,https://cdn.shopify.com/s/files/1/0627/6159/9138/files/76116.webp?v=1758567449,https://spraygunner.com/products/vallejo-game-air-midnight-purple-18ml,https://spraygunner.com/products/vallejo-game-air-midnight-purple-18ml,published;check_digit_valid,paint,8429551761161,,2026-10-02
Vallejo,Game Air,Vallejo Game Air: Moon Yellow (18ml),76.005,,18,,8429551760058,8429551760058,EAN-13,https://cdn.shopify.com/s/files/1/0627/6159/9138/files/76005.webp?v=1758559951,https://spraygunner.com/products/vallejo-game-air-moon-yellow-18ml,https://spraygunner.com/products/vallejo-game-air-moon-yellow-18ml,published;check_digit_valid,paint,8429551760058,,2026-10-02
Vallejo,Game Air,Vallejo Game Air: Neutral Grey (18ml),76.050,,18,,8429551760508,8429551760508,EAN-13,https://cdn.shopify.com/s/files/1/0627/6159/9138/files/76050.webp?v=1758566337,https://spraygunner.com/products/vallejo-game-air-neutral-grey-18ml,https://spraygunner.com/products/vallejo-game-air-neutral-grey-18ml,published;check_digit_valid,paint,8429551760508,,2026-10-02
Vallejo,Game Air,Vallejo Game Air: Night Blue (18ml),76.019,,18,,8429551760195,8429551760195,EAN-13,https://cdn.shopify.com/s/files/1/0627/6159/9138/files/76019.webp?v=1758564624,https://spraygunner.com/products/vallejo-game-air-night-blue-18ml,https://spraygunner.com/products/vallejo-game-air-night-blue-18ml,published;check_digit_valid,paint,8429551760195,,2026-10-02
Vallejo,Game Air,Vallejo Game Air: Nocturnal Red (18ml),76.111,,18,,8429551761116,8429551761116,EAN-13,https://cdn.shopify.com/s/files/1/0627/6159/9138/files/76111.webp?v=1758567140,https://spraygunner.com/products/vallejo-game-air-nocturnal-red-18ml,https://spraygunner.com/products/vallejo-game-air-nocturnal-red-18ml,published;check_digit_valid,paint,8429551761116,,2026-10-02
Vallejo,Game Air,Vallejo Game Air: Orange Fire (18ml),76.008,,18,,8429551760089,8429551760089,EAN-13,https://cdn.shopify.com/s/files/1/0627/6159/9138/files/76008.webp?v=1758560228,https://spraygunner.com/products/vallejo-game-air-orange-fire-18ml,https://spraygunner.com/products/vallejo-game-air-orange-fire-18ml,published;check_digit_valid,paint,8429551760089,,2026-10-02
Vallejo,Game Air,Vallejo Game Air: Pale Flesh (18ml),76.003,,18,,8429551760034,8429551760034,EAN-13,https://cdn.shopify.com/s/files/1/0627/6159/9138/files/76003.webp?v=1758559809,https://spraygunner.com/products/vallejo-game-air-pale-flesh-18ml,https://spraygunner.com/products/vallejo-game-air-pale-flesh-18ml,published;check_digit_valid,paint,8429551760034,,2026-10-02
Vallejo,Game Air,Vallejo Game Air: Parasite Brown (18ml),76.042,,18,,8429551760423,8429551760423,EAN-13,https://cdn.shopify.com/s/files/1/0627/6159/9138/files/76042.webp?v=1758565856,https://spraygunner.com/products/vallejo-game-air-parasite-brown-18ml,https://spraygunner.com/products/vallejo-game-air-parasite-brown-18ml,published;check_digit_valid,paint,8429551760423,,2026-10-02
Vallejo,Game Air,Vallejo Game Air: Rosy Flesh (18ml),76.100,,18,,8429551761000,8429551761000,EAN-13,https://cdn.shopify.com/s/files/1/0627/6159/9138/files/76100.webp?v=1758566863,https://spraygunner.com/products/vallejo-game-air-rosy-flesh-18ml,https://spraygunner.com/products/vallejo-game-air-rosy-flesh-18ml,published;check_digit_valid,paint,8429551761000,,2026-10-02
Vallejo,Game Air,Vallejo Game Air: Royal Purple (18ml),76.016,,18,,8429551760164,8429551760164,EAN-13,https://cdn.shopify.com/s/files/1/0627/6159/9138/files/76016.webp?v=1758564538,https://spraygunner.com/products/vallejo-game-air-royal-purple-18ml,https://spraygunner.com/products/vallejo-game-air-royal-purple-18ml,published;check_digit_valid,paint,8429551760164,,2026-10-02
Vallejo,Game Air,Vallejo Game Air: Scarlet Red (18ml),76.012,,18,,8429551760126,8429551760126,EAN-13,https://cdn.shopify.com/s/files/1/0627/6159/9138/files/76012.webp?v=1758564232,https://spraygunner.com/products/vallejo-game-air-scarlet-red-18ml,https://spraygunner.com/products/vallejo-game-air-scarlet-red-18ml,published;check_digit_valid,paint,8429551760126,,2026-10-02
Vallejo,Game Air,Vallejo Game Air: Scorpy Green (18ml),76.032,,18,,8429551760324,8429551760324,EAN-13,https://cdn.shopify.com/s/files/1/0627/6159/9138/files/76032.webp?v=1758565434,https://spraygunner.com/products/vallejo-game-air-scorpy-green-18ml,https://spraygunner.com/products/vallejo-game-air-scorpy-green-18ml,published;check_digit_valid,paint,8429551760324,,2026-10-02
Vallejo,Game Air,Vallejo Game Air: Scurvy Green (18ml),76.027,,18,,8429551760270,8429551760270,EAN-13,https://cdn.shopify.com/s/files/1/0627/6159/9138/files/76027.webp?v=1758565190,https://spraygunner.com/products/vallejo-game-air-scurvy-green-18ml,https://spraygunner.com/products/vallejo-game-air-scurvy-green-18ml,published;check_digit_valid,paint,8429551760270,,2026-10-02
Vallejo,Game Air,Vallejo Game Air: Sombre Grey (18ml),76.048,,18,,8429551760485,8429551760485,EAN-13,https://cdn.shopify.com/s/files/1/0627/6159/9138/files/76048.webp?v=1758566173,https://spraygunner.com/products/vallejo-game-air-sombre-grey-18ml,https://spraygunner.com/products/vallejo-game-air-sombre-grey-18ml,published;check_digit_valid,paint,8429551760485,,2026-10-02
Vallejo,Game Air,Vallejo Game Air: Squid Pink (18ml),76.013,,18,,8429551760133,8429551760133,EAN-13,https://cdn.shopify.com/s/files/1/0627/6159/9138/files/76013.webp?v=1758564373,https://spraygunner.com/products/vallejo-game-air-squid-pink-18ml,https://spraygunner.com/products/vallejo-game-air-squid-pink-18ml,published;check_digit_valid,paint,8429551760133,,2026-10-02
Vallejo,Game Air,Vallejo Game Air: Stonewall Grey (18ml),76.049,,18,,8429551760492,8429551760492,EAN-13,https://cdn.shopify.com/s/files/1/0627/6159/9138/files/76049.webp?v=1758566258,https://spraygunner.com/products/vallejo-game-air-stonewall-grey-18ml,https://spraygunner.com/products/vallejo-game-air-stonewall-grey-18ml,published;check_digit_valid,paint,8429551760492,,2026-10-02
Vallejo,Game Air,Vallejo Game Air: Sun Yellow (18ml),76.006,,18,,8429551760065,8429551760065,EAN-13,https://cdn.shopify.com/s/files/1/0627/6159/9138/files/76006.webp?v=1758560060,https://spraygunner.com/products/vallejo-game-air-sun-yellow-18ml,https://spraygunner.com/products/vallejo-game-air-sun-yellow-18ml,published;check_digit_valid,paint,8429551760065,,2026-10-02
Vallejo,Game Air,Vallejo Game Air: Sunrise Blue (18ml),76.118,,18,,8429551761185,8429551761185,EAN-13,https://cdn.shopify.com/s/files/1/0627/6159/9138/files/76118.webp?v=1758567710,https://spraygunner.com/products/vallejo-game-air-sunrise-blue-18ml,https://spraygunner.com/products/vallejo-game-air-sunrise-blue-18ml,published;check_digit_valid,paint,8429551761185,,2026-10-02
Vallejo,Game Air,Vallejo Game Air: Toxic Yellow (18ml),76.109,,18,,8429551761093,8429551761093,EAN-13,https://cdn.shopify.com/s/files/1/0627/6159/9138/files/76109.webp?v=1758567046,https://spraygunner.com/products/vallejo-game-air-toxic-yellow-18ml,https://spraygunner.com/products/vallejo-game-air-toxic-yellow-18ml,published;check_digit_valid,paint,8429551761093,,2026-10-02
Vallejo,Game Air,Vallejo Game Air: Turquoise (18ml),76.024,,18,,8429551760249,8429551760249,EAN-13,https://cdn.shopify.com/s/files/1/0627/6159/9138/files/76024.webp?v=1758565023,https://spraygunner.com/products/vallejo-game-air-turquoise-18ml,https://spraygunner.com/products/vallejo-game-air-turquoise-18ml,published;check_digit_valid,paint,8429551760249,,2026-10-02
Vallejo,Game Air,Vallejo Game Air: Ultramarine Blue (18ml),76.022,,18,,8429551760225,8429551760225,EAN-13,https://cdn.shopify.com/s/files/1/0627/6159/9138/files/76022.webp?v=1758564869,https://spraygunner.com/products/vallejo-game-air-ultramarine-blue-18ml,https://spraygunner.com/products/vallejo-game-air-ultramarine-blue-18ml,published;check_digit_valid,paint,8429551760225,,2026-10-02
Vallejo,Game Air,Vallejo Game Air: Warlord Purple (18ml),76.014,,18,,8429551760140,8429551760140,EAN-13,https://cdn.shopify.com/s/files/1/0627/6159/9138/files/76014.webp?v=1758564459,https://spraygunner.com/products/vallejo-game-air-warlord-purple-18ml,https://spraygunner.com/products/vallejo-game-air-warlord-purple-18ml,published;check_digit_valid,paint,8429551760140,,2026-10-02
Vallejo,Game Air,Vallejo Game Air: Wolf Grey (18ml),76.047,,18,,8429551760478,8429551760478,EAN-13,https://cdn.shopify.com/s/files/1/0627/6159/9138/files/76047.webp?v=1758566089,https://spraygunner.com/products/vallejo-game-air-wolf-grey-18ml,https://spraygunner.com/products/vallejo-game-air-wolf-grey-18ml,published;check_digit_valid,paint,8429551760478,,2026-10-02
Vallejo,Game Air,Vallejo Mecha Color: Pure White (18ml),69.001,,18,,8429551690010,8429551690010,EAN-13,https://cdn.shopify.com/s/files/1/0627/6159/9138/files/69001.webp?v=1771942398,https://spraygunner.com/products/vallejo-mecha-color-pure-white-18ml,https://spraygunner.com/products/vallejo-mecha-color-pure-white-18ml,published;check_digit_valid,paint,8429551690010,,2026-10-02
Vallejo,Game Air,Vallejo Mecha Color: Rust Texture (Matt) (18ml),69.821,,18,,8429551698214,8429551698214,EAN-13,https://cdn.shopify.com/s/files/1/0627/6159/9138/files/69821.webp?v=1758572255,https://spraygunner.com/products/vallejo-mecha-color-rust-texture-matt-18ml,https://spraygunner.com/products/vallejo-mecha-color-rust-texture-matt-18ml,published;check_digit_valid,texture/effect,8429551698214,,2026-10-02
Vallejo,Game Color,Vallejo Game Color Dead White (18mL),72.001,,18,,8429551720014,8429551720014,EAN-13,https://cdn.shopify.com/s/files/1/0627/6159/9138/files/72001.webp?v=1762448384,https://spraygunner.com/products/vallejo-game-color-dead-white-18ml,https://spraygunner.com/products/vallejo-game-color-dead-white-18ml,published;check_digit_valid,paint,8429551720014,,2026-10-02
Vallejo,Game Color,Vallejo Game Color Ink: Black (18ml),72.094,,18,,8429551720946,8429551720946,EAN-13,https://cdn.shopify.com/s/files/1/0627/6159/9138/files/72094.webp?v=1758484358,https://spraygunner.com/products/vallejo-game-color-ink-black-18ml,https://spraygunner.com/products/vallejo-game-color-ink-black-18ml,published;check_digit_valid,paint,8429551720946,,2026-10-02
Vallejo,Game Color,Vallejo Game Color Ink: Black Green (18ml),72.090,,18,,8429551720908,8429551720908,EAN-13,https://cdn.shopify.com/s/files/1/0627/6159/9138/files/72090.webp?v=1758484128,https://spraygunner.com/products/vallejo-game-color-ink-black-green-18ml,https://spraygunner.com/products/vallejo-game-color-ink-black-green-18ml,published;check_digit_valid,paint,8429551720908,,2026-10-02
Vallejo,Game Color,Vallejo Game Color Ink: Blue (18ml),72.088,,18,,8429551720885,8429551720885,EAN-13,https://cdn.shopify.com/s/files/1/0627/6159/9138/files/72088.webp?v=1758482939,https://spraygunner.com/products/vallejo-game-color-ink-blue-18ml,https://spraygunner.com/products/vallejo-game-color-ink-blue-18ml,published;check_digit_valid,paint,8429551720885,,2026-10-02
Vallejo,Game Color,Vallejo Game Color Ink: Dark Turquoise (18ml),72.084,,18,,8429551720847,8429551720847,EAN-13,https://cdn.shopify.com/s/files/1/0627/6159/9138/files/72084.webp?v=1758482636,https://spraygunner.com/products/vallejo-game-color-ink-dark-turquoise-18ml,https://spraygunner.com/products/vallejo-game-color-ink-dark-turquoise-18ml,published;check_digit_valid,paint,8429551720847,,2026-10-02
Vallejo,Game Color,Vallejo Game Color Ink: Green (18ml),72.089,,18,,8429551720892,8429551720892,EAN-13,https://cdn.shopify.com/s/files/1/0627/6159/9138/files/72089.webp?v=1758483018,https://spraygunner.com/products/vallejo-game-color-ink-green-18ml,https://spraygunner.com/products/vallejo-game-color-ink-green-18ml,published;check_digit_valid,paint,8429551720892,,2026-10-02
Vallejo,Game Color,Vallejo Game Color Ink: Magenta (18ml),72.083,,18,,8429551720830,8429551720830,EAN-13,https://cdn.shopify.com/s/files/1/0627/6159/9138/files/72083.webp?v=1758482537,https://spraygunner.com/products/vallejo-game-color-ink-magenta-18ml,https://spraygunner.com/products/vallejo-game-color-ink-magenta-18ml,published;check_digit_valid,paint,8429551720830,,2026-10-02
Vallejo,Game Color,Vallejo Game Color Ink: Red (18ml),72.086,,18,,8429551720861,8429551720861,EAN-13,https://cdn.shopify.com/s/files/1/0627/6159/9138/files/72086.webp?v=1758482792,https://spraygunner.com/products/vallejo-game-color-ink-red-18ml,https://spraygunner.com/products/vallejo-game-color-ink-red-18ml,published;check_digit_valid,paint,8429551720861,,2026-10-02
Vallejo,Game Color,Vallejo Game Color Ink: Sepia (18ml),72.091,,18,,8429551720915,8429551720915,EAN-13,https://cdn.shopify.com/s/files/1/0627/6159/9138/files/72091.webp?v=1758484216,https://spraygunner.com/products/vallejo-game-color-ink-sepia-18ml,https://spraygunner.com/products/vallejo-game-color-ink-sepia-18ml,published;check_digit_valid,paint,8429551720915,,2026-10-02
Vallejo,Game Color,Vallejo Game Color Ink: Skin (18ml),72.093,,18,,8429551720939,8429551720939,EAN-13,https://cdn.shopify.com/s/files/1/0627/6159/9138/files/72093.webp?v=1758484286,https://spraygunner.com/products/vallejo-game-color-ink-skin-18ml,https://spraygunner.com/products/vallejo-game-color-ink-skin-18ml,published;check_digit_valid,paint,8429551720939,,2026-10-02
Vallejo,Game Color,Vallejo Game Color Ink: Violet (18ml),72.087,,18,,8429551720878,8429551720878,EAN-13,https://cdn.shopify.com/s/files/1/0627/6159/9138/files/72087.webp?v=1758482865,https://spraygunner.com/products/vallejo-game-color-ink-violet-18ml,https://spraygunner.com/products/vallejo-game-color-ink-violet-18ml,published;check_digit_valid,paint,8429551720878,,2026-10-02
Vallejo,Game Color,Vallejo Game Color Ink: White (18ml),72.082,,18,,8429551720823,8429551720823,EAN-13,https://cdn.shopify.com/s/files/1/0627/6159/9138/files/72082.webp?v=1758482457,https://spraygunner.com/products/vallejo-game-color-ink-white-18ml,https://spraygunner.com/products/vallejo-game-color-ink-white-18ml,published;check_digit_valid,paint,8429551720823,,2026-10-02
Vallejo,Game Color,Vallejo Game Color Ink: Yellow (18ml),72.085,,18,,8429551720854,8429551720854,EAN-13,https://cdn.shopify.com/s/files/1/0627/6159/9138/files/72085.webp?v=1758482713,https://spraygunner.com/products/vallejo-game-color-ink-yellow-18ml,https://spraygunner.com/products/vallejo-game-color-ink-yellow-18ml,published;check_digit_valid,paint,8429551720854,,2026-10-02
Vallejo,Game Color,Vallejo Game Color Metal: Brassy Brass (18ml),72.058,,18,,8429551720588,8429551720588,EAN-13,https://cdn.shopify.com/s/files/1/0627/6159/9138/files/72058.webp?v=1758481521,https://spraygunner.com/products/vallejo-game-color-metal-brassy-brass-18ml,https://spraygunner.com/products/vallejo-game-color-metal-brassy-brass-18ml,published;check_digit_valid,paint,8429551720588,,2026-10-02
Vallejo,Game Color,Vallejo Game Color Metal: Bright Bronze (18ml),72.057,,18,,8429551720571,8429551720571,EAN-13,https://cdn.shopify.com/s/files/1/0627/6159/9138/files/72057.webp?v=1758481449,https://spraygunner.com/products/vallejo-game-color-metal-bright-bronze-18ml,https://spraygunner.com/products/vallejo-game-color-metal-bright-bronze-18ml,published;check_digit_valid,paint,8429551720571,,2026-10-02
Vallejo,Game Color,Vallejo Game Color Metal: Chainmail (18ml),72.053,,18,,8429551720533,8429551720533,EAN-13,https://cdn.shopify.com/s/files/1/0627/6159/9138/files/72053.webp?v=1758481123,https://spraygunner.com/products/vallejo-game-color-metal-chainmail-18ml,https://spraygunner.com/products/vallejo-game-color-metal-chainmail-18ml,published;check_digit_valid,paint,8429551720533,,2026-10-02
Vallejo,Game Color,Vallejo Game Color Metal: Dark Gunmetal (18ml),72.054,,18,,8429551720540,8429551720540,EAN-13,https://cdn.shopify.com/s/files/1/0627/6159/9138/files/72054.webp?v=1758481216,https://spraygunner.com/products/vallejo-game-color-metal-dark-gunmetal-18ml,https://spraygunner.com/products/vallejo-game-color-metal-dark-gunmetal-18ml,published;check_digit_valid,paint,8429551720540,,2026-10-02
Vallejo,Game Color,Vallejo Game Color Metal: Glorious Gold (18ml),72.056,,18,,8429551720564,8429551720564,EAN-13,https://cdn.shopify.com/s/files/1/0627/6159/9138/files/72056.webp?v=1758481367,https://spraygunner.com/products/vallejo-game-color-metal-glorious-gold-18ml,https://spraygunner.com/products/vallejo-game-color-metal-glorious-gold-18ml,published;check_digit_valid,paint,8429551720564,,2026-10-02
Vallejo,Game Color,Vallejo Game Color Metal: Hammered Copper (18ml),72.059,,18,,8429551720595,8429551720595,EAN-13,https://cdn.shopify.com/s/files/1/0627/6159/9138/files/72059.webp?v=1758481608,https://spraygunner.com/products/vallejo-game-color-metal-hammered-copper-18ml,https://spraygunner.com/products/vallejo-game-color-metal-hammered-copper-18ml,published;check_digit_valid,paint,8429551720595,,2026-10-02
Vallejo,Game Color,Vallejo Game Color Metal: Polished Gold (18ml),72.055,,18,,8429551720557,8429551720557,EAN-13,https://cdn.shopify.com/s/files/1/0627/6159/9138/files/72055.webp?v=1758481290,https://spraygunner.com/products/vallejo-game-color-metal-polished-gold-18ml,https://spraygunner.com/products/vallejo-game-color-metal-polished-gold-18ml,published;check_digit_valid,paint,8429551720557,,2026-10-02
Vallejo,Game Color,Vallejo Game Color Metal: Silver (18ml),72.052,,18,,8429551720526,8429551720526,EAN-13,https://cdn.shopify.com/s/files/1/0627/6159/9138/files/72052.webp?v=1758480933,https://spraygunner.com/products/vallejo-game-color-metal-silver-18ml,https://spraygunner.com/products/vallejo-game-color-metal-silver-18ml,published;check_digit_valid,paint,8429551720526,,2026-10-02
Vallejo,Game Color,Vallejo Game Color Metal: Tinny Tin (18ml),72.060,,18,,8429551720601,8429551720601,EAN-13,https://cdn.shopify.com/s/files/1/0627/6159/9138/files/72060.webp?v=1758481711,https://spraygunner.com/products/vallejo-game-color-metal-tinny-tin-18ml,https://spraygunner.com/products/vallejo-game-color-metal-tinny-tin-18ml,published;check_digit_valid,paint,8429551720601,,2026-10-02
Vallejo,Game Color,Vallejo Game Color Off-White (18mL),72.101,,18,,8429551721011,8429551721011,EAN-13,https://cdn.shopify.com/s/files/1/0627/6159/9138/files/Vallejo-Game-Color-Off-White-_18mL_-Vallejo-168885334.webp?v=1762448386,https://spraygunner.com/products/vallejo-game-color-off-white-18ml,https://spraygunner.com/products/vallejo-game-color-off-white-18ml,published;check_digit_valid,paint,8429551721011,,2026-10-02
Vallejo,Game Color,Vallejo Game Color Special FX: Acid (18ml),72.607,,18,,8429551726078,8429551726078,EAN-13,https://cdn.shopify.com/s/files/1/0627/6159/9138/files/72607.webp?v=1758557680,https://spraygunner.com/products/vallejo-game-color-special-fx-acid-18ml,https://spraygunner.com/products/vallejo-game-color-special-fx-acid-18ml,published;check_digit_valid,paint,8429551726078,,2026-10-02
Vallejo,Game Color,Vallejo Game Color Special FX: Bile (18ml),72.606,,18,,8429551726061,8429551726061,EAN-13,https://cdn.shopify.com/s/files/1/0627/6159/9138/files/72606.webp?v=1758557603,https://spraygunner.com/products/vallejo-game-color-special-fx-bile-18ml,https://spraygunner.com/products/vallejo-game-color-special-fx-bile-18ml,published;check_digit_valid,paint,8429551726061,,2026-10-02
Vallejo,Game Color,Vallejo Game Color Special FX: Corrosion (18ml),72.608,,18,,8429551726085,8429551726085,EAN-13,https://cdn.shopify.com/s/files/1/0627/6159/9138/files/72608.webp?v=1758557778,https://spraygunner.com/products/vallejo-game-color-special-fx-corrosion-18ml,https://spraygunner.com/products/vallejo-game-color-special-fx-corrosion-18ml,published;check_digit_valid,paint,8429551726085,,2026-10-02
Vallejo,Game Color,Vallejo Game Color Special FX: Demon Blood (18ml),72.603,,18,,8429551726030,8429551726030,EAN-13,https://cdn.shopify.com/s/files/1/0627/6159/9138/files/72603.webp?v=1758557367,https://spraygunner.com/products/vallejo-game-color-special-fx-demon-blood-18ml,https://spraygunner.com/products/vallejo-game-color-special-fx-demon-blood-18ml,published;check_digit_valid,paint,8429551726030,,2026-10-02
Vallejo,Game Color,Vallejo Game Color Special FX: Fresh Blood (18ml),72.601,,18,,8429551726016,8429551726016,EAN-13,https://cdn.shopify.com/s/files/1/0627/6159/9138/files/72601.webp?v=1758557170,https://spraygunner.com/products/vallejo-game-color-special-fx-fresh-blood-18ml,https://spraygunner.com/products/vallejo-game-color-special-fx-fresh-blood-18ml,published;check_digit_valid,paint,8429551726016,,2026-10-02
Vallejo,Game Color,Vallejo Game Color Special FX: Frost (18ml),72.604,,18,,8429551726047,8429551726047,EAN-13,https://cdn.shopify.com/s/files/1/0627/6159/9138/files/72604.webp?v=1758557443,https://spraygunner.com/products/vallejo-game-color-special-fx-frost-18ml,https://spraygunner.com/products/vallejo-game-color-special-fx-frost-18ml,published;check_digit_valid,paint,8429551726047,,2026-10-02
Vallejo,Game Color,Vallejo Game Color Special FX: Galvanic Corrosion (18ml),72.610,,18,,8429551726108,8429551726108,EAN-13,https://cdn.shopify.com/s/files/1/0627/6159/9138/files/72610.webp?v=1758557937,https://spraygunner.com/products/vallejo-game-color-special-fx-galvanic-corrosion-18ml,https://spraygunner.com/products/vallejo-game-color-special-fx-galvanic-corrosion-18ml,published;check_digit_valid,paint,8429551726108,,2026-10-02
Vallejo,Game Color,Vallejo Game Color Special FX: Green Rust (18ml),72.605,,18,,8429551726054,8429551726054,EAN-13,https://cdn.shopify.com/s/files/1/0627/6159/9138/files/72605.webp?v=1758557519,https://spraygunner.com/products/vallejo-game-color-special-fx-green-rust-18ml,https://spraygunner.com/products/vallejo-game-color-special-fx-green-rust-18ml,published;check_digit_valid,paint,8429551726054,,2026-10-02
Vallejo,Game Color,Vallejo Game Color Special FX: Moss and Lichen (18ml),72.611,,18,,8429551726115,8429551726115,EAN-13,https://cdn.shopify.com/s/files/1/0627/6159/9138/files/72611.webp?v=1758558020,https://spraygunner.com/products/vallejo-game-color-special-fx-moss-and-lichen-18ml,https://spraygunner.com/products/vallejo-game-color-special-fx-moss-and-lichen-18ml,published;check_digit_valid,paint,8429551726115,,2026-10-02
Vallejo,Game Color,Vallejo Game Color Special FX: Rust (18ml),72.609,,18,,8429551726092,8429551726092,EAN-13,https://cdn.shopify.com/s/files/1/0627/6159/9138/files/72609.webp?v=1758557857,https://spraygunner.com/products/vallejo-game-color-special-fx-rust-18ml,https://spraygunner.com/products/vallejo-game-color-special-fx-rust-18ml,published;check_digit_valid,paint,8429551726092,,2026-10-02
Vallejo,Game Color,Vallejo Game Color Special FX: Thick Blood (18ml),72.602,,18,,8429551726023,8429551726023,EAN-13,https://cdn.shopify.com/s/files/1/0627/6159/9138/files/72602.webp?v=1758557289,https://spraygunner.com/products/vallejo-game-color-special-fx-thick-blood-18ml,https://spraygunner.com/products/vallejo-game-color-special-fx-thick-blood-18ml,published;check_digit_valid,paint,8429551726023,,2026-10-02
Vallejo,Game Color,Vallejo Game Color Special FX: Vomit (18ml),72.600,,18,,8429551726009,8429551726009,EAN-13,https://cdn.shopify.com/s/files/1/0627/6159/9138/files/72600.webp?v=1758557018,https://spraygunner.com/products/vallejo-game-color-special-fx-vomit-18ml,https://spraygunner.com/products/vallejo-game-color-special-fx-vomit-18ml,published;check_digit_valid,paint,8429551726009,,2026-10-02
Vallejo,Game Color,Vallejo Game Color: Abyssal Turquoise (18ml),72.120,,18,,8429551721202,8429551721202,EAN-13,https://cdn.shopify.com/s/files/1/0627/6159/9138/files/72120.webp?v=1758486523,https://spraygunner.com/products/vallejo-game-color-abyssal-turquoise-18ml,https://spraygunner.com/products/vallejo-game-color-abyssal-turquoise-18ml,published;check_digit_valid,paint,8429551721202,,2026-10-02
Vallejo,Game Color,Vallejo Game Color: Alien Purple (18ml),72.076,,18,,8429551720762,8429551720762,EAN-13,https://cdn.shopify.com/s/files/1/0627/6159/9138/files/72076.webp?v=1758482324,https://spraygunner.com/products/vallejo-game-color-alien-purple-18ml,https://spraygunner.com/products/vallejo-game-color-alien-purple-18ml,published;check_digit_valid,paint,8429551720762,,2026-10-02
Vallejo,Game Color,Vallejo Game Color: Angel Green (18ml),72.123,,18,,8429551721233,8429551721233,EAN-13,https://cdn.shopify.com/s/files/1/0627/6159/9138/files/72123.webp?v=1758486751,https://spraygunner.com/products/vallejo-game-color-angel-green-18ml,https://spraygunner.com/products/vallejo-game-color-angel-green-18ml,published;check_digit_valid,paint,8429551721233,,2026-10-02
Vallejo,Game Color,Vallejo Game Color: Aquamarine (18ml),72.119,,18,,8429551721196,8429551721196,EAN-13,https://cdn.shopify.com/s/files/1/0627/6159/9138/files/72119.webp?v=1758486452,https://spraygunner.com/products/vallejo-game-color-aquamarine-18ml,https://spraygunner.com/products/vallejo-game-color-aquamarine-18ml,published;check_digit_valid,paint,8429551721196,,2026-10-02
Vallejo,Game Color,Vallejo Game Color: Athena Skin (18ml),72.107,,18,,8429551721073,8429551721073,EAN-13,https://cdn.shopify.com/s/files/1/0627/6159/9138/files/72107.webp?v=1758485256,https://spraygunner.com/products/vallejo-game-color-athena-skin-18ml,https://spraygunner.com/products/vallejo-game-color-athena-skin-18ml,published;check_digit_valid,paint,8429551721073,,2026-10-02
Vallejo,Game Color,Vallejo Game Color: Barbarian Skin (18ml),72.071,,18,,8429551720717,8429551720717,EAN-13,https://cdn.shopify.com/s/files/1/0627/6159/9138/files/72071.webp?v=1758482245,https://spraygunner.com/products/vallejo-game-color-barbarian-skin-18ml,https://spraygunner.com/products/vallejo-game-color-barbarian-skin-18ml,published;check_digit_valid,paint,8429551720717,,2026-10-02
Vallejo,Game Color,Vallejo Game Color: Beasty Brown (18ml),72.043,,18,,8429551720434,8429551720434,EAN-13,https://cdn.shopify.com/s/files/1/0627/6159/9138/files/72043.webp?v=1758480214,https://spraygunner.com/products/vallejo-game-color-beasty-brown-18ml,https://spraygunner.com/products/vallejo-game-color-beasty-brown-18ml,published;check_digit_valid,paint,8429551720434,,2026-10-02
Vallejo,Game Color,Vallejo Game Color: Bile Green (18ml),72.122,,18,,8429551721226,8429551721226,EAN-13,https://cdn.shopify.com/s/files/1/0627/6159/9138/files/72122.webp?v=1758486672,https://spraygunner.com/products/vallejo-game-color-bile-green-18ml,https://spraygunner.com/products/vallejo-game-color-bile-green-18ml,published;check_digit_valid,paint,8429551721226,,2026-10-02
Vallejo,Game Color,Vallejo Game Color: Black (18ml),72.051,,18,,8429551720519,8429551720519,EAN-13,https://cdn.shopify.com/s/files/1/0627/6159/9138/files/72051.webp?v=1758480748,https://spraygunner.com/products/vallejo-game-color-black-18ml,https://spraygunner.com/products/vallejo-game-color-black-18ml,published;check_digit_valid,paint,8429551720519,,2026-10-02
Vallejo,Game Color,Vallejo Game Color: Black Wash (18ml),73.201,,18,,8429551732017,8429551732017,EAN-13,https://cdn.shopify.com/s/files/1/0627/6159/9138/files/73201.webp?v=1758559028,https://spraygunner.com/products/vallejo-game-color-black-wash-18ml,https://spraygunner.com/products/vallejo-game-color-black-wash-18ml,published;check_digit_valid,paint,8429551732017,,2026-10-02
Vallejo,Game Color,Vallejo Game Color: Bloody Red (18ml),72.010,,18,,8429551720106,8429551720106,EAN-13,https://cdn.shopify.com/s/files/1/0627/6159/9138/files/72010.webp?v=1758477981,https://spraygunner.com/products/vallejo-game-color-bloody-red-18ml,https://spraygunner.com/products/vallejo-game-color-bloody-red-18ml,published;check_digit_valid,paint,8429551720106,,2026-10-02
Vallejo,Game Color,Vallejo Game Color: Blue Wash (18ml),73.207,,18,,8429551732079,8429551732079,EAN-13,https://cdn.shopify.com/s/files/1/0627/6159/9138/files/73207.webp?v=1758559340,https://spraygunner.com/products/vallejo-game-color-blue-wash-18ml,https://spraygunner.com/products/vallejo-game-color-blue-wash-18ml,published;check_digit_valid,paint,8429551732079,,2026-10-02
Vallejo,Game Color,Vallejo Game Color: Bone White (18ml),72.034,,18,,8429551720342,8429551720342,EAN-13,https://cdn.shopify.com/s/files/1/0627/6159/9138/files/72034.webp?v=1758479681,https://spraygunner.com/products/vallejo-game-color-bone-white-18ml,https://spraygunner.com/products/vallejo-game-color-bone-white-18ml,published;check_digit_valid,paint,8429551720342,,2026-10-02
Vallejo,Game Color,Vallejo Game Color: Bronze Brown (18ml),72.036,,18,,8429551720366,8429551720366,EAN-13,https://cdn.shopify.com/s/files/1/0627/6159/9138/files/72036.webp?v=1758479825,https://spraygunner.com/products/vallejo-game-color-bronze-brown-18ml,https://spraygunner.com/products/vallejo-game-color-bronze-brown-18ml,published;check_digit_valid,paint,8429551720366,,2026-10-02
Vallejo,Game Color,Vallejo Game Color: Camouflage Green (18ml),72.031,,18,,8429551720311,8429551720311,EAN-13,https://cdn.shopify.com/s/files/1/0627/6159/9138/files/72031.webp?v=1758479536,https://spraygunner.com/products/vallejo-game-color-camouflage-green-18ml,https://spraygunner.com/products/vallejo-game-color-camouflage-green-18ml,published;check_digit_valid,paint,8429551720311,,2026-10-02
Vallejo,Game Color,Vallejo Game Color: Cayman Green (18ml),72.067,,18,,8429551720670,8429551720670,EAN-13,https://cdn.shopify.com/s/files/1/0627/6159/9138/files/72067.webp?v=1758482171,https://spraygunner.com/products/vallejo-game-color-cayman-green-18ml,https://spraygunner.com/products/vallejo-game-color-cayman-green-18ml,published;check_digit_valid,paint,8429551720670,,2026-10-02
Vallejo,Game Color,Vallejo Game Color: Charcoal (18ml),72.155,,18,,8429551721554,8429551721554,EAN-13,https://cdn.shopify.com/s/files/1/0627/6159/9138/files/72155.webp?v=1758487129,https://spraygunner.com/products/vallejo-game-color-charcoal-18ml,https://spraygunner.com/products/vallejo-game-color-charcoal-18ml,published;check_digit_valid,paint,8429551721554,,2026-10-02
Vallejo,Game Color,Vallejo Game Color: Charred Brown (18ml),72.045,,18,,8429551720458,8429551720458,EAN-13,https://cdn.shopify.com/s/files/1/0627/6159/9138/files/72045.webp?v=1758480363,https://spraygunner.com/products/vallejo-game-color-charred-brown-18ml,https://spraygunner.com/products/vallejo-game-color-charred-brown-18ml,published;check_digit_valid,paint,8429551720458,,2026-10-02
Vallejo,Game Color,Vallejo Game Color: Dark Fleshtone (18ml),72.044,,18,,8429551720441,8429551720441,EAN-13,https://cdn.shopify.com/s/files/1/0627/6159/9138/files/72044.webp?v=1758480286,https://spraygunner.com/products/vallejo-game-color-dark-fleshtone-18ml,https://spraygunner.com/products/vallejo-game-color-dark-fleshtone-18ml,published;check_digit_valid,paint,8429551720441,,2026-10-02
Vallejo,Game Color,Vallejo Game Color: Dark Green (18ml),72.028,,18,,8429551720281,8429551720281,EAN-13,https://cdn.shopify.com/s/files/1/0627/6159/9138/files/72028.webp?v=1758479298,https://spraygunner.com/products/vallejo-game-color-dark-green-18ml,https://spraygunner.com/products/vallejo-game-color-dark-green-18ml,published;check_digit_valid,paint,8429551720281,,2026-10-02
Vallejo,Game Color,Vallejo Game Color: Dead Flesh (18ml),72.035,,18,,8429551720359,8429551720359,EAN-13,https://cdn.shopify.com/s/files/1/0627/6159/9138/files/72035.webp?v=1758479751,https://spraygunner.com/products/vallejo-game-color-dead-flesh-18ml,https://spraygunner.com/products/vallejo-game-color-dead-flesh-18ml,published;check_digit_valid,paint,8429551720359,,2026-10-02
Vallejo,Game Color,Vallejo Game Color: Deep Magenta (18ml),72.113,,18,,8429551721134,8429551721134,EAN-13,https://cdn.shopify.com/s/files/1/0627/6159/9138/files/72113.webp?v=1758485866,https://spraygunner.com/products/vallejo-game-color-deep-magenta18ml,https://spraygunner.com/products/vallejo-game-color-deep-magenta18ml,published;check_digit_valid,paint,8429551721134,,2026-10-02
Vallejo,Game Color,Vallejo Game Color: Desert Yellow (18ml),72.063,,18,,8429551720632,8429551720632,EAN-13,https://cdn.shopify.com/s/files/1/0627/6159/9138/files/72063.webp?v=1758482008,https://spraygunner.com/products/vallejo-game-color-desert-yellow-18ml,https://spraygunner.com/products/vallejo-game-color-desert-yellow-18ml,published;check_digit_valid,paint,8429551720632,,2026-10-02
Vallejo,Game Color,Vallejo Game Color: Dirty Grey (18ml),72.145,,18,,8429551721455,8429551721455,EAN-13,https://cdn.shopify.com/s/files/1/0627/6159/9138/files/72145_e923afe1-773e-4cce-ad06-15f7e1c9b495.webp?v=1758486936,https://spraygunner.com/products/vallejo-game-color-dirty-grey-18ml,https://spraygunner.com/products/vallejo-game-color-dirty-grey-18ml,published;check_digit_valid,paint,8429551721455,,2026-10-02
Vallejo,Game Color,Vallejo Game Color: Earth (18ml),72.062,,18,,8429551720625,8429551720625,EAN-13,https://cdn.shopify.com/s/files/1/0627/6159/9138/files/72062.webp?v=1758481901,https://spraygunner.com/products/vallejo-game-color-earth-18ml,https://spraygunner.com/products/vallejo-game-color-earth-18ml,published;check_digit_valid,paint,8429551720625,,2026-10-02
Vallejo,Game Color,Vallejo Game Color: Electric Blue (18ml),72.023,,18,,8429551720236,8429551720236,EAN-13,https://cdn.shopify.com/s/files/1/0627/6159/9138/files/72023.webp?v=1758478923,https://spraygunner.com/products/vallejo-game-color-electric-blue-18ml,https://spraygunner.com/products/vallejo-game-color-electric-blue-18ml,published;check_digit_valid,paint,8429551720236,,2026-10-02
Vallejo,Game Color,Vallejo Game Color: Elf Skin Tone (18ml),72.004,,18,,8429551720045,8429551720045,EAN-13,https://cdn.shopify.com/s/files/1/0627/6159/9138/files/72004.webp?v=1758477437,https://spraygunner.com/products/vallejo-game-color-elf-skin-tone-18ml,https://spraygunner.com/products/vallejo-game-color-elf-skin-tone-18ml,published;check_digit_valid,paint,8429551720045,,2026-10-02
Vallejo,Game Color,Vallejo Game Color: Elfic Blue (18ml),72.117,,18,,8429551721172,8429551721172,EAN-13,https://cdn.shopify.com/s/files/1/0627/6159/9138/files/72117.webp?v=1758486259,https://spraygunner.com/products/vallejo-game-color-elfic-blue-18ml,https://spraygunner.com/products/vallejo-game-color-elfic-blue-18ml,published;check_digit_valid,paint,8429551721172,,2026-10-02
Vallejo,Game Color,Vallejo Game Color: Elfic Flesh (18ml),72.098,,18,,8429551720984,8429551720984,EAN-13,https://cdn.shopify.com/s/files/1/0627/6159/9138/files/72098.webp?v=1758484624,https://spraygunner.com/products/vallejo-game-color-elfic-flesh-18ml,https://spraygunner.com/products/vallejo-game-color-elfic-flesh-18ml,published;check_digit_valid,paint,8429551720984,,2026-10-02
Vallejo,Game Color,Vallejo Game Color: Evil Red (18ml),72.112,,18,,8429551721127,8429551721127,EAN-13,https://cdn.shopify.com/s/files/1/0627/6159/9138/files/72112.webp?v=1758485668,https://spraygunner.com/products/vallejo-game-color-evil-red-18ml,https://spraygunner.com/products/vallejo-game-color-evil-red-18ml,published;check_digit_valid,paint,8429551721127,,2026-10-02
Vallejo,Game Color,Vallejo Game Color: Flesh Wash (18ml),73.204,,18,,8429551732048,8429551732048,EAN-13,https://cdn.shopify.com/s/files/1/0627/6159/9138/files/73204.webp?v=1758559174,https://spraygunner.com/products/vallejo-game-color-flesh-wash-18ml,https://spraygunner.com/products/vallejo-game-color-flesh-wash-18ml,published;check_digit_valid,paint,8429551732048,,2026-10-02
Vallejo,Game Color,Vallejo Game Color: Fluorescent Blue (18ml),72.160,,18,,8429551721608,8429551721608,EAN-13,https://cdn.shopify.com/s/files/1/0627/6159/9138/files/72160.webp?v=1758487617,https://spraygunner.com/products/vallejo-game-color-fluorescent-blue-18ml,https://spraygunner.com/products/vallejo-game-color-fluorescent-blue-18ml,published;check_digit_valid,paint,8429551721608,,2026-10-02
Vallejo,Game Color,Vallejo Game Color: Fluorescent Cold Green (18ml),72.161,,18,,8429551721615,8429551721615,EAN-13,https://cdn.shopify.com/s/files/1/0627/6159/9138/files/72161.webp?v=1758487699,https://spraygunner.com/products/vallejo-game-color-fluorescent-cold-green-18ml,https://spraygunner.com/products/vallejo-game-color-fluorescent-cold-green-18ml,published;check_digit_valid,paint,8429551721615,,2026-10-02
Vallejo,Game Color,Vallejo Game Color: Fluorescent Green (18ml),72.104,,18,,8429551721042,8429551721042,EAN-13,https://cdn.shopify.com/s/files/1/0627/6159/9138/files/72104.webp?v=1758485080,https://spraygunner.com/products/vallejo-game-color-fluorescent-green-18ml,https://spraygunner.com/products/vallejo-game-color-fluorescent-green-18ml,published;check_digit_valid,paint,8429551721042,,2026-10-02
Vallejo,Game Color,Vallejo Game Color: Fluorescent Magenta (18ml),72.158,,18,,8429551721585,8429551721585,EAN-13,https://cdn.shopify.com/s/files/1/0627/6159/9138/files/72158.webp?v=1758487445,https://spraygunner.com/products/vallejo-game-color-fluorescent-magenta-18ml,https://spraygunner.com/products/vallejo-game-color-fluorescent-magenta-18ml,published;check_digit_valid,paint,8429551721585,,2026-10-02
Vallejo,Game Color,Vallejo Game Color: Fluorescent Orange (18ml),72.156,,18,,8429551721561,8429551721561,EAN-13,https://cdn.shopify.com/s/files/1/0627/6159/9138/files/72156.webp?v=1758487273,https://spraygunner.com/products/vallejo-game-color-fluorescent-orange-18ml,https://spraygunner.com/products/vallejo-game-color-fluorescent-orange-18ml,published;check_digit_valid,paint,8429551721561,,2026-10-02
Vallejo,Game Color,Vallejo Game Color: Fluorescent Red (18ml),72.157,,18,,8429551721578,8429551721578,EAN-13,https://cdn.shopify.com/s/files/1/0627/6159/9138/files/72157.webp?v=1758487365,https://spraygunner.com/products/vallejo-game-color-fluorescent-red-18ml,https://spraygunner.com/products/vallejo-game-color-fluorescent-red-18ml,published;check_digit_valid,paint,8429551721578,,2026-10-02
Vallejo,Game Color,Vallejo Game Color: Fluorescent Violet (18ml),72.159,,18,,8429551721592,8429551721592,EAN-13,https://cdn.shopify.com/s/files/1/0627/6159/9138/files/72159.webp?v=1758487527,https://spraygunner.com/products/vallejo-game-color-fluorescent-violet-18ml,https://spraygunner.com/products/vallejo-game-color-fluorescent-violet-18ml,published;check_digit_valid,paint,8429551721592,,2026-10-02
Vallejo,Game Color,Vallejo Game Color: Fluorescent Yellow (18ml),72.103,,18,,8429551721035,8429551721035,EAN-13,https://cdn.shopify.com/s/files/1/0627/6159/9138/files/72103.webp?v=1758484996,https://spraygunner.com/products/vallejo-game-color-fluorescent-yellow-18ml,https://spraygunner.com/products/vallejo-game-color-fluorescent-yellow-18ml,published;check_digit_valid,paint,8429551721035,,2026-10-02
Vallejo,Game Color,Vallejo Game Color: Foul Green (18ml),72.025,,18,,8429551720250,8429551720250,EAN-13,https://cdn.shopify.com/s/files/1/0627/6159/9138/files/72025.webp?v=1758479064,https://spraygunner.com/products/vallejo-game-color-foul-green-18ml,https://spraygunner.com/products/vallejo-game-color-foul-green-18ml,published;check_digit_valid,paint,8429551720250,,2026-10-02
Vallejo,Game Color,Vallejo Game Color: Ghost Green (18ml),72.121,,18,,8429551721219,8429551721219,EAN-13,https://cdn.shopify.com/s/files/1/0627/6159/9138/files/72121.webp?v=1758486602,https://spraygunner.com/products/vallejo-game-color-ghost-green-18ml,https://spraygunner.com/products/vallejo-game-color-ghost-green-18ml,published;check_digit_valid,paint,8429551721219,,2026-10-02
Vallejo,Game Color,Vallejo Game Color: Glacier Blue (18ml),72.095,,18,,8429551720953,8429551720953,EAN-13,https://cdn.shopify.com/s/files/1/0627/6159/9138/files/72095.webp?v=1758484475,https://spraygunner.com/products/vallejo-game-color-glacier-blue-18ml,https://spraygunner.com/products/vallejo-game-color-glacier-blue-18ml,published;check_digit_valid,paint,8429551720953,,2026-10-02
Vallejo,Game Color,Vallejo Game Color: Glaze Medium (18ml),70.596,,18,,8429551705967,8429551705967,EAN-13,https://cdn.shopify.com/s/files/1/0627/6159/9138/files/70596.webp?v=1758205964,https://spraygunner.com/products/vallejo-game-color-glaze-medium-18ml,https://spraygunner.com/products/vallejo-game-color-glaze-medium-18ml,published;check_digit_valid,medium/auxiliary,8429551705967,,2026-10-02
Vallejo,Game Color,Vallejo Game Color: Gloss Polyurethane Varnish (18ml),72.650,,18,,8429551726504,8429551726504,EAN-13,https://cdn.shopify.com/s/files/1/0627/6159/9138/files/72650.webp?v=1758558278,https://spraygunner.com/products/vallejo-game-color-gloss-polyurethane-varnish-18ml,https://spraygunner.com/products/vallejo-game-color-gloss-polyurethane-varnish-18ml,published;check_digit_valid,varnish,8429551726504,,2026-10-02
Vallejo,Game Color,Vallejo Game Color: Goblin Green (18ml),72.030,,18,,8429551720304,8429551720304,EAN-13,https://cdn.shopify.com/s/files/1/0627/6159/9138/files/72030.webp?v=1758479463,https://spraygunner.com/products/vallejo-game-color-goblin-green-18ml,https://spraygunner.com/products/vallejo-game-color-goblin-green-18ml,published;check_digit_valid,paint,8429551720304,,2026-10-02
Vallejo,Game Color,Vallejo Game Color: Gold Yellow (18ml),72.007,,18,,8429551720076,8429551720076,EAN-13,https://cdn.shopify.com/s/files/1/0627/6159/9138/files/72007.webp?v=1758477721,https://spraygunner.com/products/vallejo-game-color-gold-yellow-18ml,https://spraygunner.com/products/vallejo-game-color-gold-yellow-18ml,published;check_digit_valid,paint,8429551720076,,2026-10-02
Vallejo,Game Color,Vallejo Game Color: Gorgon Brown (18ml),72.124,,18,,8429551721240,8429551721240,EAN-13,https://cdn.shopify.com/s/files/1/0627/6159/9138/files/72124.webp?v=1758486824,https://spraygunner.com/products/vallejo-game-color-gorgon-brown-18ml,https://spraygunner.com/products/vallejo-game-color-gorgon-brown-18ml,published;check_digit_valid,paint,8429551721240,,2026-10-02
Vallejo,Game Color,Vallejo Game Color: Gory Red (18ml),72.011,,18,,8429551720113,8429551720113,EAN-13,https://cdn.shopify.com/s/files/1/0627/6159/9138/files/72011.webp?v=1758478057,https://spraygunner.com/products/vallejo-game-color-gory-red-18ml,https://spraygunner.com/products/vallejo-game-color-gory-red-18ml,published;check_digit_valid,paint,8429551720113,,2026-10-02
Vallejo,Game Color,Vallejo Game Color: Grunge Brown (18ml),72.115,,18,,8429551721158,8429551721158,EAN-13,https://cdn.shopify.com/s/files/1/0627/6159/9138/files/72115.webp?v=1758486092,https://spraygunner.com/products/vallejo-game-color-grunge-brown-18ml,https://spraygunner.com/products/vallejo-game-color-grunge-brown-18ml,published;check_digit_valid,paint,8429551721158,,2026-10-02
Vallejo,Game Color,Vallejo Game Color: Hexed Lichen (18ml),72.015,,18,,8429551720151,8429551720151,EAN-13,https://cdn.shopify.com/s/files/1/0627/6159/9138/files/72015.webp?v=1758478431,https://spraygunner.com/products/vallejo-game-color-hexed-lichen-18ml,https://spraygunner.com/products/vallejo-game-color-hexed-lichen-18ml,published;check_digit_valid,paint,8429551720151,,2026-10-02
Vallejo,Game Color,Vallejo Game Color: Hot Orange (18ml),72.009,,18,,8429551720090,8429551720090,EAN-13,https://cdn.shopify.com/s/files/1/0627/6159/9138/files/72009.webp?v=1758477896,https://spraygunner.com/products/vallejo-game-color-hot-orange-18ml,https://spraygunner.com/products/vallejo-game-color-hot-orange-18ml,published;check_digit_valid,paint,8429551720090,,2026-10-02
Vallejo,Game Color,Vallejo Game Color: Imperial Blue (18ml),72.020,,18,,8429551720205,8429551720205,EAN-13,https://cdn.shopify.com/s/files/1/0627/6159/9138/files/72020.webp?v=1758478695,https://spraygunner.com/products/vallejo-game-color-imperial-blue-18ml,https://spraygunner.com/products/vallejo-game-color-imperial-blue-18ml,published;check_digit_valid,paint,8429551720205,,2026-10-02
Vallejo,Game Color,Vallejo Game Color: Jade Green (18ml),72.026,,18,,8429551720267,8429551720267,EAN-13,https://cdn.shopify.com/s/files/1/0627/6159/9138/files/72026.webp?v=1758479134,https://spraygunner.com/products/vallejo-game-color-jade-green-18ml,https://spraygunner.com/products/vallejo-game-color-jade-green-18ml,published;check_digit_valid,paint,8429551720267,,2026-10-02
Vallejo,Game Color,Vallejo Game Color: Khaki (18ml),72.061,,18,,8429551720618,8429551720618,EAN-13,https://cdn.shopify.com/s/files/1/0627/6159/9138/files/72061.webp?v=1758481820,https://spraygunner.com/products/vallejo-game-color-khaki-18ml,https://spraygunner.com/products/vallejo-game-color-khaki-18ml,published;check_digit_valid,paint,8429551720618,,2026-10-02
Vallejo,Game Color,Vallejo Game Color: Leather Brown (18ml),72.040,,18,,8429551720403,8429551720403,EAN-13,https://cdn.shopify.com/s/files/1/0627/6159/9138/files/72040.webp?v=1758480048,https://spraygunner.com/products/vallejo-game-color-leather-brown-18ml,https://spraygunner.com/products/vallejo-game-color-leather-brown-18ml,published;check_digit_valid,paint,8429551720403,,2026-10-02
Vallejo,Game Color,Vallejo Game Color: Lustful Purple (18ml),72.114,,18,,8429551721141,8429551721141,EAN-13,https://cdn.shopify.com/s/files/1/0627/6159/9138/files/72114.webp?v=1758485945,https://spraygunner.com/products/vallejo-game-color-lustful-purple-18ml,https://spraygunner.com/products/vallejo-game-color-lustful-purple-18ml,published;check_digit_valid,paint,8429551721141,,2026-10-02
Vallejo,Game Color,Vallejo Game Color: Magic Blue (18ml),72.021,,18,,8429551720212,8429551720212,EAN-13,https://cdn.shopify.com/s/files/1/0627/6159/9138/files/72021.webp?v=1758478773,https://spraygunner.com/products/vallejo-game-color-magic-blue-18ml,https://spraygunner.com/products/vallejo-game-color-magic-blue-18ml,published;check_digit_valid,paint,8429551720212,,2026-10-02
Vallejo,Game Color,Vallejo Game Color: Matt Polyurethane Varnish (18ml),72.651,,18,,8429551726511,8429551726511,EAN-13,https://cdn.shopify.com/s/files/1/0627/6159/9138/files/72651.webp?v=1758558355,https://spraygunner.com/products/vallejo-game-color-matt-polyurethane-varnish-18ml,https://spraygunner.com/products/vallejo-game-color-matt-polyurethane-varnish-18ml,published;check_digit_valid,varnish,8429551726511,,2026-10-02
Vallejo,Game Color,Vallejo Game Color: Metal Medium (18ml),70.521,,18,,8429551705219,8429551705219,EAN-13,https://cdn.shopify.com/s/files/1/0627/6159/9138/files/70521.webp?v=1758205831,https://spraygunner.com/products/vallejo-game-color-metal-medium-18ml,https://spraygunner.com/products/vallejo-game-color-metal-medium-18ml,published;check_digit_valid,medium/auxiliary,8429551705219,,2026-10-02
Vallejo,Game Color,Vallejo Game Color: Midnight Purple (18ml),72.116,,18,,8429551721165,8429551721165,EAN-13,https://cdn.shopify.com/s/files/1/0627/6159/9138/files/72116.webp?v=1758486163,https://spraygunner.com/products/vallejo-game-color-midnight-purple-18ml,https://spraygunner.com/products/vallejo-game-color-midnight-purple-18ml,published;check_digit_valid,paint,8429551721165,,2026-10-02
Vallejo,Game Color,Vallejo Game Color: Moon Yellow (18ml),72.005,,18,,8429551720052,8429551720052,EAN-13,https://cdn.shopify.com/s/files/1/0627/6159/9138/files/72005.webp?v=1758477551,https://spraygunner.com/products/vallejo-game-color-moon-yellow-18ml,https://spraygunner.com/products/vallejo-game-color-moon-yellow-18ml,published;check_digit_valid,paint,8429551720052,,2026-10-02
Vallejo,Game Color,Vallejo Game Color: Neutral Grey (18ml),72.050,,18,,8429551720502,8429551720502,EAN-13,https://cdn.shopify.com/s/files/1/0627/6159/9138/files/72050.webp?v=1758480674,https://spraygunner.com/products/vallejo-game-color-neutral-grey-18ml,https://spraygunner.com/products/vallejo-game-color-neutral-grey-18ml,published;check_digit_valid,paint,8429551720502,,2026-10-02
Vallejo,Game Color,Vallejo Game Color: Night Blue (18ml),72.019,,18,,8429551720199,8429551720199,EAN-13,https://cdn.shopify.com/s/files/1/0627/6159/9138/files/72019.webp?v=1758478592,https://spraygunner.com/products/vallejo-game-color-night-blue-18ml,https://spraygunner.com/products/vallejo-game-color-night-blue-18ml,published;check_digit_valid,paint,8429551720199,,2026-10-02
Vallejo,Game Color,Vallejo Game Color: Nocturnal Red (18ml),72.111,,18,,8429551721110,8429551721110,EAN-13,https://cdn.shopify.com/s/files/1/0627/6159/9138/files/72111.webp?v=1758485589,https://spraygunner.com/products/vallejo-game-color-nocturnal-red-18ml,https://spraygunner.com/products/vallejo-game-color-nocturnal-red-18ml,published;check_digit_valid,paint,8429551721110,,2026-10-02
Vallejo,Game Color,Vallejo Game Color: Orange Fire (18ml),72.008,,18,,8429551720083,8429551720083,EAN-13,https://cdn.shopify.com/s/files/1/0627/6159/9138/files/72008.webp?v=1758477819,https://spraygunner.com/products/vallejo-game-color-orange-fire-18ml,https://spraygunner.com/products/vallejo-game-color-orange-fire-18ml,published;check_digit_valid,paint,8429551720083,,2026-10-02
Vallejo,Game Color,Vallejo Game Color: Pale Flesh (18ml),72.003,,18,,8429551720038,8429551720038,EAN-13,https://cdn.shopify.com/s/files/1/0627/6159/9138/files/72003.webp?v=1758477331,https://spraygunner.com/products/vallejo-game-color-pale-flesh-18ml,https://spraygunner.com/products/vallejo-game-color-pale-flesh-18ml,published;check_digit_valid,paint,8429551720038,,2026-10-02
Vallejo,Game Color,Vallejo Game Color: Parasite Brown (18ml),72.042,,18,,8429551720427,8429551720427,EAN-13,https://cdn.shopify.com/s/files/1/0627/6159/9138/files/72042.webp?v=1758480130,https://spraygunner.com/products/vallejo-game-color-parasite-brown-18ml,https://spraygunner.com/products/vallejo-game-color-parasite-brown-18ml,published;check_digit_valid,paint,8429551720427,,2026-10-02
Vallejo,Game Color,Vallejo Game Color: Plague Brown (18ml),72.039,,18,,8429551720397,8429551720397,EAN-13,https://cdn.shopify.com/s/files/1/0627/6159/9138/files/72039.webp?v=1758479968,https://spraygunner.com/products/vallejo-game-color-plague-brown-18ml,https://spraygunner.com/products/vallejo-game-color-plague-brown-18ml,published;check_digit_valid,paint,8429551720397,,2026-10-02
Vallejo,Game Color,Vallejo Game Color: Red Wash (18ml),73.206,,18,,8429551732062,8429551732062,EAN-13,https://cdn.shopify.com/s/files/1/0627/6159/9138/files/73206.webp?v=1758559259,https://spraygunner.com/products/vallejo-game-color-red-wash-18ml,https://spraygunner.com/products/vallejo-game-color-red-wash-18ml,published;check_digit_valid,paint,8429551732062,,2026-10-02
Vallejo,Game Color,Vallejo Game Color: Rosy Flesh (18ml),72.100,,18,,8429551721004,8429551721004,EAN-13,https://cdn.shopify.com/s/files/1/0627/6159/9138/files/72100.webp?v=1758484777,https://spraygunner.com/products/vallejo-game-color-rosy-flesh-18ml,https://spraygunner.com/products/vallejo-game-color-rosy-flesh-18ml,published;check_digit_valid,paint,8429551721004,,2026-10-02
Vallejo,Game Color,Vallejo Game Color: Royal Purple (18ml),72.016,,18,,8429551720168,8429551720168,EAN-13,https://cdn.shopify.com/s/files/1/0627/6159/9138/files/72016.webp?v=1758478508,https://spraygunner.com/products/vallejo-game-color-royal-purple-18ml,https://spraygunner.com/products/vallejo-game-color-royal-purple-18ml,published;check_digit_valid,paint,8429551720168,,2026-10-02
Vallejo,Game Color,Vallejo Game Color: Satin Polyurethane Varnish (18ml),72.652,,18,,8429551726528,8429551726528,EAN-13,https://cdn.shopify.com/s/files/1/0627/6159/9138/files/72652.webp?v=1758558479,https://spraygunner.com/products/vallejo-game-color-satin-polyurethane-varnish-18ml,https://spraygunner.com/products/vallejo-game-color-satin-polyurethane-varnish-18ml,published;check_digit_valid,varnish,8429551726528,,2026-10-02
Vallejo,Game Color,Vallejo Game Color: Scarlet Blood (18ml),72.106,,18,,8429551721066,8429551721066,EAN-13,https://cdn.shopify.com/s/files/1/0627/6159/9138/files/72106.webp?v=1758485172,https://spraygunner.com/products/vallejo-game-color-scarlet-blood-18ml,https://spraygunner.com/products/vallejo-game-color-scarlet-blood-18ml,published;check_digit_valid,paint,8429551721066,,2026-10-02
Vallejo,Game Color,Vallejo Game Color: Scarlet Red (18ml),72.012,,18,,8429551720120,8429551720120,EAN-13,https://cdn.shopify.com/s/files/1/0627/6159/9138/files/72012.webp?v=1758478157,https://spraygunner.com/products/vallejo-game-color-scarlet-red-18ml,https://spraygunner.com/products/vallejo-game-color-scarlet-red-18ml,published;check_digit_valid,paint,8429551720120,,2026-10-02
Vallejo,Game Color,Vallejo Game Color: Scorpy Green (18ml),72.032,,18,,8429551720328,8429551720328,EAN-13,https://cdn.shopify.com/s/files/1/0627/6159/9138/files/72032.webp?v=1758479608,https://spraygunner.com/products/vallejo-game-color-scorpy-green-18ml,https://spraygunner.com/products/vallejo-game-color-scorpy-green-18ml,published;check_digit_valid,paint,8429551720328,,2026-10-02
Vallejo,Game Color,Vallejo Game Color: Scrofulous Brown (18ml),72.038,,18,,8429551720380,8429551720380,EAN-13,https://cdn.shopify.com/s/files/1/0627/6159/9138/files/72038.webp?v=1758479893,https://spraygunner.com/products/vallejo-game-color-scrofulous-brown-18ml,https://spraygunner.com/products/vallejo-game-color-scrofulous-brown-18ml,published;check_digit_valid,paint,8429551720380,,2026-10-02
Vallejo,Game Color,Vallejo Game Color: Scurvy Green (18ml),72.027,,18,,8429551720274,8429551720274,EAN-13,https://cdn.shopify.com/s/files/1/0627/6159/9138/files/72027.webp?v=1758479226,https://spraygunner.com/products/vallejo-game-color-scurvy-green-18ml,https://spraygunner.com/products/vallejo-game-color-scurvy-green-18ml,published;check_digit_valid,paint,8429551720274,,2026-10-02
Vallejo,Game Color,Vallejo Game Color: Sepia Wash (18ml),73.200,,18,,8429551732000,8429551732000,EAN-13,https://cdn.shopify.com/s/files/1/0627/6159/9138/files/73200.webp?v=1758558898,https://spraygunner.com/products/vallejo-game-color-sepia-wash-18ml,https://spraygunner.com/products/vallejo-game-color-sepia-wash-18ml,published;check_digit_valid,paint,8429551732000,,2026-10-02
Vallejo,Game Color,Vallejo Game Color: Sick Green (18ml),72.029,,18,,8429551720298,8429551720298,EAN-13,https://cdn.shopify.com/s/files/1/0627/6159/9138/files/72029.webp?v=1758479379,https://spraygunner.com/products/vallejo-game-color-sick-green-18ml,https://spraygunner.com/products/vallejo-game-color-sick-green-18ml,published;check_digit_valid,paint,8429551720298,,2026-10-02
Vallejo,Game Color,Vallejo Game Color: Skin Tone (18ml),72.099,,18,,8429551720991,8429551720991,EAN-13,https://cdn.shopify.com/s/files/1/0627/6159/9138/files/72099.webp?v=1758484707,https://spraygunner.com/products/vallejo-game-color-skin-tone-18ml,https://www.architekturbedarf.de/brands/vallejo/game-color/game-color-skin-tone,published_alternate_source;check_digit_valid,paint,Game Color: Skin Tone 18ml,Barcode obtained from alternate published listing. Original source barcode retained in source_barcode.,2026-10-02
Vallejo,Game Color,Vallejo Game Color: Sombre Grey (18ml),72.048,,18,,8429551720489,8429551720489,EAN-13,https://cdn.shopify.com/s/files/1/0627/6159/9138/files/72048.webp?v=1758480524,https://spraygunner.com/products/vallejo-game-color-sombre-grey-18ml,https://spraygunner.com/products/vallejo-game-color-sombre-grey-18ml,published;check_digit_valid,paint,8429551720489,,2026-10-02
Vallejo,Game Color,Vallejo Game Color: Squid Pink (18ml),72.013,,18,,8429551720137,8429551720137,EAN-13,https://cdn.shopify.com/s/files/1/0627/6159/9138/files/72013.webp?v=1758478250,https://spraygunner.com/products/vallejo-game-color-squid-pink-18ml,https://spraygunner.com/products/vallejo-game-color-squid-pink-18ml,published;check_digit_valid,paint,8429551720137,,2026-10-02
Vallejo,Game Color,Vallejo Game Color: Steel Grey (18ml),72.102,,18,,8429551721028,8429551721028,EAN-13,https://cdn.shopify.com/s/files/1/0627/6159/9138/files/72102.webp?v=1758484850,https://spraygunner.com/products/vallejo-game-color-steel-grey-18ml,https://spraygunner.com/products/vallejo-game-color-steel-grey-18ml,published;check_digit_valid,paint,8429551721028,,2026-10-02
Vallejo,Game Color,Vallejo Game Color: Stonewall Grey (18ml),72.049,,18,,8429551720496,8429551720496,EAN-13,https://cdn.shopify.com/s/files/1/0627/6159/9138/files/72049.webp?v=1758480597,https://spraygunner.com/products/vallejo-game-color-stonewall-grey-18ml,https://spraygunner.com/products/vallejo-game-color-stonewall-grey-18ml,published;check_digit_valid,paint,8429551720496,,2026-10-02
Vallejo,Game Color,Vallejo Game Color: Succubus Skin (18ml),72.108,,18,,8429551721080,8429551721080,EAN-13,https://cdn.shopify.com/s/files/1/0627/6159/9138/files/72108.webp?v=1758485345,https://spraygunner.com/products/vallejo-game-color-succubus-skin-18ml,https://spraygunner.com/products/vallejo-game-color-succubus-skin-18ml,published;check_digit_valid,paint,8429551721080,,2026-10-02
Vallejo,Game Color,Vallejo Game Color: Sun Yellow (18ml),72.006,,18,,8429551720069,8429551720069,EAN-13,https://cdn.shopify.com/s/files/1/0627/6159/9138/files/72006.webp?v=1758477634,https://spraygunner.com/products/vallejo-game-color-sun-yellow-18ml,https://spraygunner.com/products/vallejo-game-color-sun-yellow-18ml,published;check_digit_valid,paint,8429551720069,,2026-10-02
Vallejo,Game Color,Vallejo Game Color: Sunrise Blue (18ml),72.118,,18,,8429551721189,8429551721189,EAN-13,https://cdn.shopify.com/s/files/1/0627/6159/9138/files/72118.webp?v=1758486365,https://spraygunner.com/products/vallejo-game-color-sunrise-blue-18ml,https://spraygunner.com/products/vallejo-game-color-sunrise-blue-18ml,published;check_digit_valid,paint,8429551721189,,2026-10-02
Vallejo,Game Color,Vallejo Game Color: Sunset Orange (18ml),72.110,,18,,8429551721103,8429551721103,EAN-13,https://cdn.shopify.com/s/files/1/0627/6159/9138/files/72110.webp?v=1758485498,https://spraygunner.com/products/vallejo-game-color-sunset-orange-18ml,https://spraygunner.com/products/vallejo-game-color-sunset-orange-18ml,published;check_digit_valid,paint,8429551721103,,2026-10-02
Vallejo,Game Color,Vallejo Game Color: Tan (18ml),72.066,,18,,8429551720663,8429551720663,EAN-13,https://cdn.shopify.com/s/files/1/0627/6159/9138/files/72066.webp?v=1758482082,https://spraygunner.com/products/vallejo-game-color-tan-18ml,https://spraygunner.com/products/vallejo-game-color-tan-18ml,published;check_digit_valid,paint,8429551720663,,2026-10-02
Vallejo,Game Color,Vallejo Game Color: Toxic Yellow (18ml),72.109,,18,,8429551721097,8429551721097,EAN-13,https://cdn.shopify.com/s/files/1/0627/6159/9138/files/72109.webp?v=1758485420,https://spraygunner.com/products/vallejo-game-color-toxic-yellow-18ml,https://spraygunner.com/products/vallejo-game-color-toxic-yellow-18ml,published;check_digit_valid,paint,8429551721097,,2026-10-02
Vallejo,Game Color,Vallejo Game Color: Turquoise (18ml),72.024,,18,,8429551720243,8429551720243,EAN-13,https://cdn.shopify.com/s/files/1/0627/6159/9138/files/72024.webp?v=1758478994,https://spraygunner.com/products/vallejo-game-color-turquoise-18ml,https://spraygunner.com/products/vallejo-game-color-turquoise-18ml,published;check_digit_valid,paint,8429551720243,,2026-10-02
Vallejo,Game Color,Vallejo Game Color: Ultra Matt Polyurethane Varnish (18ml),72.653,,18,,8429551726535,8429551726535,EAN-13,https://cdn.shopify.com/s/files/1/0627/6159/9138/files/72653.webp?v=1758558596,https://spraygunner.com/products/vallejo-game-color-ultra-matt-polyurethane-varnish-18ml,https://spraygunner.com/products/vallejo-game-color-ultra-matt-polyurethane-varnish-18ml,published;check_digit_valid,varnish,8429551726535,,2026-10-02
Vallejo,Game Color,Vallejo Game Color: Ultramarine Blue (18ml),72.022,,18,,8429551720229,8429551720229,EAN-13,https://cdn.shopify.com/s/files/1/0627/6159/9138/files/72022.webp?v=1758478848,https://spraygunner.com/products/vallejo-game-color-ultramarine-blue-18ml,https://spraygunner.com/products/vallejo-game-color-ultramarine-blue-18ml,published;check_digit_valid,paint,8429551720229,,2026-10-02
Vallejo,Game Color,Vallejo Game Color: Umber Wash (18ml),73.203,,18,,8429551732031,8429551732031,EAN-13,https://cdn.shopify.com/s/files/1/0627/6159/9138/files/73203.webp?v=1758559098,https://spraygunner.com/products/vallejo-game-color-umber-wash-18ml,https://spraygunner.com/products/vallejo-game-color-umber-wash-18ml,published;check_digit_valid,paint,8429551732031,,2026-10-02
Vallejo,Game Color,Vallejo Game Color: Verdigris (18ml),72.096,,18,,8429551720960,8429551720960,EAN-13,https://cdn.shopify.com/s/files/1/0627/6159/9138/files/72096.webp?v=1758484554,https://spraygunner.com/products/vallejo-game-color-verdigris-18ml,https://spraygunner.com/products/vallejo-game-color-verdigris-18ml,published;check_digit_valid,paint,8429551720960,,2026-10-02
Vallejo,Game Color,Vallejo Game Color: Violet Wash (18ml),73.209,,18,,8429551732093,8429551732093,EAN-13,https://cdn.shopify.com/s/files/1/0627/6159/9138/files/73209.webp?v=1758559495,https://spraygunner.com/products/vallejo-game-color-violet-wash-18ml,https://spraygunner.com/products/vallejo-game-color-violet-wash-18ml,published;check_digit_valid,paint,8429551732093,,2026-10-02
Vallejo,Game Color,Vallejo Game Color: Warlord Purple (18ml),72.014,,18,,8429551720144,8429551720144,EAN-13,https://cdn.shopify.com/s/files/1/0627/6159/9138/files/72014.webp?v=1758478344,https://spraygunner.com/products/vallejo-game-color-warlord-purple-18ml,https://spraygunner.com/products/vallejo-game-color-warlord-purple-18ml,published;check_digit_valid,paint,8429551720144,,2026-10-02
Vallejo,Game Color,Vallejo Game Color: Warm Grey (18ml),72.148,,18,,8429551721486,8429551721486,EAN-13,https://cdn.shopify.com/s/files/1/0627/6159/9138/files/72148.webp?v=1758487045,https://spraygunner.com/products/vallejo-game-color-warm-grey-18ml,https://spraygunner.com/products/vallejo-game-color-warm-grey-18ml,published;check_digit_valid,paint,8429551721486,,2026-10-02
Vallejo,Game Color,Vallejo Game Color: Wolf Grey (18ml),72.047,,18,,8429551720472,8429551720472,EAN-13,https://cdn.shopify.com/s/files/1/0627/6159/9138/files/72047.webp?v=1758480447,https://spraygunner.com/products/vallejo-game-color-wolf-grey-18ml,https://spraygunner.com/products/vallejo-game-color-wolf-grey-18ml,published;check_digit_valid,paint,8429551720472,,2026-10-02
Vallejo,Game Color,Vallejo Game Color: Yellow Wash (18ml),73.208,,18,,8429551732086,8429551732086,EAN-13,https://cdn.shopify.com/s/files/1/0627/6159/9138/files/73208.webp?v=1758559418,https://spraygunner.com/products/vallejo-game-color-yellow-wash-18ml,https://spraygunner.com/products/vallejo-game-color-yellow-wash-18ml,published;check_digit_valid,paint,8429551732086,,2026-10-02
Vallejo,Hobby Paint,Vallejo Aerosol Varnish: Gloss (400ml),28.530,,400,,8429551285308,8429551285308,EAN-13,https://cdn.shopify.com/s/files/1/0627/6159/9138/files/28530.webp?v=1758205336,https://spraygunner.com/products/vallejo-aerosol-varnish-gloss-400ml,https://spraygunner.com/products/vallejo-aerosol-varnish-gloss-400ml,published;check_digit_valid,varnish,8429551285308,,2026-10-02
Vallejo,Hobby Paint,Vallejo Aerosol Varnish: Matt (400ml),28.531,,400,,8429551285315,8429551285315,EAN-13,https://cdn.shopify.com/s/files/1/0627/6159/9138/files/28531.webp?v=1758205536,https://spraygunner.com/products/vallejo-aerosol-varnish-matt-400ml,https://spraygunner.com/products/vallejo-aerosol-varnish-matt-400ml,published;check_digit_valid,varnish,8429551285315,,2026-10-02
Vallejo,Hobby Paint,Vallejo Aerosol Varnish: Satin (400ml),28.532,,400,,8429551285322,8429551285322,EAN-13,https://cdn.shopify.com/s/files/1/0627/6159/9138/files/28532.webp?v=1758205623,https://spraygunner.com/products/vallejo-aerosol-varnish-satin-400ml,https://spraygunner.com/products/vallejo-aerosol-varnish-satin-400ml,published;check_digit_valid,varnish,8429551285322,,2026-10-02
Vallejo,Hobby Paint,Vallejo Auxiliaries: Chipping Medium (73.214),73.214,,18,,8429551732147,8429551732147,EAN-13,https://cdn.shopify.com/s/files/1/0059/7481/8934/files/73214bottle.jpg?v=1723759587,https://gnomishbazaar.com/products/vallejo-auxiliaries-chipping-medium-73-214,https://gnomishbazaar.com/products/vallejo-auxiliaries-chipping-medium-73-214,published;check_digit_valid,medium/auxiliary,8429551732147,,2026-10-02
Vallejo,Hobby Paint,Vallejo Auxiliaries: Crackle Medium (70.598),70.598,,18,,8429551705981,8429551705981,EAN-13,https://cdn.shopify.com/s/files/1/0059/7481/8934/files/vallejo-auxiliaries-crackle-medium-70598.jpg?v=1736820038,https://gnomishbazaar.com/products/vallejo-auxiliaries-crackle-medium-70-598,https://gnomishbazaar.com/products/vallejo-auxiliaries-crackle-medium-70-598,published;check_digit_valid,medium/auxiliary,8429551705981,,2026-10-02
Vallejo,Hobby Paint,Vallejo Auxiliaries: Liquid Mask (85ml) (28.850),28.850,,85,,8429551288507,8429551288507,EAN-13,https://cdn.shopify.com/s/files/1/0059/7481/8934/products/vjp28850_web_content.jpg?v=1668480663,https://gnomishbazaar.com/products/vallejo-auxiliaries-liquid-mask-85ml-28850,https://gnomishbazaar.com/products/vallejo-auxiliaries-liquid-mask-85ml-28850,published;check_digit_valid,paint,8429551288507,,2026-10-02
Vallejo,Hobby Paint,Vallejo Auxiliaries: Matt Polyurethane Varnish (200ml) (27.651),27.651,,200,,8429551276511,8429551276511,EAN-13,https://cdn.shopify.com/s/files/1/0059/7481/8934/files/vallejo-auxiliary-products-matt-polyurethane-varnish-200ml-27651_047ee79c-2f9c-4f2a-9d4c-364b09f9322b.jpg?v=1726018586,https://gnomishbazaar.com/products/vallejo-auxiliaries-polyurethane-matt-varnish-200ml-27651,https://gnomishbazaar.com/products/vallejo-auxiliaries-polyurethane-matt-varnish-200ml-27651,published;check_digit_valid,varnish,8429551276511,,2026-10-02
Vallejo,Hobby Paint,Vallejo Auxiliaries: Satin Polyurethane Varnish (200ml) (27.652),27.652,,200,,8429551276528,8429551276528,EAN-13,https://cdn.shopify.com/s/files/1/0059/7481/8934/files/vallejo-auxiliary-products-satin-polyurethane-varnish-20ml-27652.jpg?v=1725652936,https://gnomishbazaar.com/products/vallejo-auxiliaries-polyurethane-satin-varnish-200ml-27652,https://gnomishbazaar.com/products/vallejo-auxiliaries-polyurethane-satin-varnish-200ml-27652,published;check_digit_valid,varnish,8429551276528,,2026-10-02
Vallejo,Hobby Paint,Vallejo Auxiliaries: Ultra Matt Polyurethane Varnish (200ml) (27.653),27.653,,200,,8429551276535,8429551276535,EAN-13,https://cdn.shopify.com/s/files/1/0059/7481/8934/files/vallejo-auxiliary-products-ultra-matt-polyurethane-varnish-200ml-27653.jpg?v=1726018657,https://gnomishbazaar.com/products/vallejo-auxiliaries-polyurethane-ultra-matt-varnish-200ml-27653,https://gnomishbazaar.com/products/vallejo-auxiliaries-polyurethane-ultra-matt-varnish-200ml-27653,published;check_digit_valid,varnish,8429551276535,,2026-10-02
Vallejo,Hobby Paint,Vallejo Basic Color Primer: Black (400ml),28.012,,400,,8429551280129,8429551280129,EAN-13,https://cdn.shopify.com/s/files/1/0627/6159/9138/files/28012.webp?v=1758203474,https://spraygunner.com/products/vallejo-basic-color-primer-black-400ml,https://spraygunner.com/products/vallejo-basic-color-primer-black-400ml,published;check_digit_valid,primer,8429551280129,,2026-10-02
Vallejo,Hobby Paint,Vallejo Basic Color Primer: Grey (400ml),28.011,,400,,8429551280112,8429551280112,EAN-13,https://cdn.shopify.com/s/files/1/0627/6159/9138/files/28011.webp?v=1758203393,https://spraygunner.com/products/vallejo-basic-color-primer-grey-400ml,https://spraygunner.com/products/vallejo-basic-color-primer-grey-400ml,published;check_digit_valid,primer,8429551280112,,2026-10-02
Vallejo,Hobby Paint,Vallejo Basic Color Primer: White (400ml),28.010,,400,,8429551280105,8429551280105,EAN-13,https://cdn.shopify.com/s/files/1/0627/6159/9138/files/28010.webp?v=1758203304,https://spraygunner.com/products/vallejo-basic-color-primer-white-400ml,https://spraygunner.com/products/vallejo-basic-color-primer-white-400ml,published;check_digit_valid,primer,8429551280105,,2026-10-02
Vallejo,Hobby Paint,Vallejo Beasty Brown Primer Spray (400ml),28.019,,400,,8429551280198,8429551280198,EAN-13,https://cdn.shopify.com/s/files/1/0627/6159/9138/files/28019.webp?v=1777056571,https://spraygunner.com/products/vallejo-fantasy-color-primer-beasty-brown-400ml,https://spraygunner.com/products/vallejo-fantasy-color-primer-beasty-brown-400ml,published;check_digit_valid,primer,8429551280198,,2026-10-02
Vallejo,Hobby Paint,Vallejo Black Primer 601 (18mL),70.602,,18,,8429551706025,8429551706025,EAN-13,https://cdn.shopify.com/s/files/1/0627/6159/9138/files/70602.webp?v=1762448326,https://spraygunner.com/products/vallejo-black-primer-601-18ml,https://spraygunner.com/products/vallejo-black-primer-601-18ml,published;check_digit_valid,primer,8429551706025,,2026-10-02
Vallejo,Hobby Paint,Vallejo Bloody Red Spray Primer 28.023 (400ml),28.023,,400,,8429551280235,8429551280235,EAN-13,https://cdn.shopify.com/s/files/1/0627/6159/9138/files/28023.webp?v=1776491378,https://spraygunner.com/products/vallejo-fantasy-color-primer-bloody-red-400ml,https://spraygunner.com/products/vallejo-fantasy-color-primer-bloody-red-400ml,published;check_digit_valid,primer,8429551280235,,2026-10-02
Vallejo,Hobby Paint,Vallejo Decal Fix (18mL),73.213,,18,,8429551732130,8429551732130,EAN-13,https://cdn.shopify.com/s/files/1/0627/6159/9138/files/73213.webp?v=1762448412,https://spraygunner.com/products/vallejo-decal-fix-18ml,https://spraygunner.com/products/vallejo-decal-fix-18ml,published;check_digit_valid,medium/auxiliary,8429551732130,,2026-10-02
Vallejo,Hobby Paint,Vallejo Decal Softener (18mL),73.212,,18,,8429551732123,8429551732123,EAN-13,https://cdn.shopify.com/s/files/1/0627/6159/9138/files/73212.webp?v=1762448412,https://spraygunner.com/products/vallejo-decal-softener-18ml,https://spraygunner.com/products/vallejo-decal-softener-18ml,published;check_digit_valid,medium/auxiliary,8429551732123,,2026-10-02
Vallejo,Hobby Paint,Vallejo Desert Yellow Spray Primer 28.015 (400ml Can),28.015,,400,,8429551280150,8429551280150,EAN-13,https://cdn.shopify.com/s/files/1/0627/6159/9138/files/28015.webp?v=1777316864,https://spraygunner.com/products/vallejo-fantasy-color-primer-desert-yellow-400ml,https://spraygunner.com/products/vallejo-fantasy-color-primer-desert-yellow-400ml,published;check_digit_valid,primer,8429551280150,,2026-10-02
Vallejo,Hobby Paint,Vallejo Fantasy Color Primer: Alien Purple (400ml),28.025,,400,,8429551280259,8429551280259,EAN-13,https://cdn.shopify.com/s/files/1/0627/6159/9138/files/28025.webp?v=1758204669,https://spraygunner.com/products/vallejo-fantasy-color-primer-alien-purple-400ml,https://spraygunner.com/products/vallejo-fantasy-color-primer-alien-purple-400ml,published;check_digit_valid,primer,8429551280259,,2026-10-02
Vallejo,Hobby Paint,Vallejo Fantasy Color Primer: Bonewhite (400ml),28.013,,400,,8429551280136,8429551280136,EAN-13,https://cdn.shopify.com/s/files/1/0627/6159/9138/files/28013.webp?v=1758203603,https://spraygunner.com/products/vallejo-fantasy-color-primer-bonewhite-400ml,https://spraygunner.com/products/vallejo-fantasy-color-primer-bonewhite-400ml,published;check_digit_valid,primer,8429551280136,,2026-10-02
Vallejo,Hobby Paint,Vallejo Fantasy Color Primer: Dark Green (400ml),28.026,,400,,8429551280266,8429551280266,EAN-13,https://cdn.shopify.com/s/files/1/0627/6159/9138/files/28026.webp?v=1758204743,https://spraygunner.com/products/vallejo-fantasy-color-primer-dark-green-400ml,https://spraygunner.com/products/vallejo-fantasy-color-primer-dark-green-400ml,published;check_digit_valid,primer,8429551280266,,2026-10-02
Vallejo,Hobby Paint,Vallejo Fantasy Color Primer: Dead Flesh (400ml),28.022,,400,,8429551280228,8429551280228,EAN-13,https://cdn.shopify.com/s/files/1/0627/6159/9138/files/28022.webp?v=1758204428,https://spraygunner.com/products/vallejo-fantasy-color-primer-dead-flesh-400ml,https://spraygunner.com/products/vallejo-fantasy-color-primer-dead-flesh-400ml,published;check_digit_valid,primer,8429551280228,,2026-10-02
Vallejo,Hobby Paint,Vallejo Fantasy Color Primer: Gory Red (400ml),28.029,,400,,8429551280297,8429551280297,EAN-13,https://cdn.shopify.com/s/files/1/0627/6159/9138/files/28029.webp?v=1758205013,https://spraygunner.com/products/vallejo-fantasy-color-primer-gory-red-400ml,https://spraygunner.com/products/vallejo-fantasy-color-primer-gory-red-400ml,published;check_digit_valid,primer,8429551280297,,2026-10-02
Vallejo,Hobby Paint,Vallejo Fantasy Color Primer: Gunmetal (400ml),28.031,,400,,8429551280310,8429551280310,EAN-13,https://cdn.shopify.com/s/files/1/0627/6159/9138/files/28031.webp?v=1758205185,https://spraygunner.com/products/vallejo-fantasy-color-primer-gunmetal-400ml,https://spraygunner.com/products/vallejo-fantasy-color-primer-gunmetal-400ml,published;check_digit_valid,primer,8429551280310,,2026-10-02
Vallejo,Hobby Paint,Vallejo Fantasy Color Primer: Magic Blue (400ml),28.030,,400,,8429551280303,8429551280303,EAN-13,https://cdn.shopify.com/s/files/1/0627/6159/9138/files/28030.webp?v=1758205107,https://spraygunner.com/products/vallejo-fantasy-color-primer-magic-blue-400ml,https://spraygunner.com/products/vallejo-fantasy-color-primer-magic-blue-400ml,published;check_digit_valid,primer,8429551280303,,2026-10-02
Vallejo,Hobby Paint,Vallejo Fantasy Color Primer: Pale Flesh (400ml),28.024,,400,,8429551280242,8429551280242,EAN-13,https://cdn.shopify.com/s/files/1/0627/6159/9138/files/28024.webp?v=1758204596,https://spraygunner.com/products/vallejo-fantasy-color-primer-pale-flesh-400ml,https://spraygunner.com/products/vallejo-fantasy-color-primer-pale-flesh-400ml,published;check_digit_valid,primer,8429551280242,,2026-10-02
Vallejo,Hobby Paint,Vallejo Fantasy Color Primer: Silver (400ml),28.021,,400,,8429551280211,8429551280211,EAN-13,https://cdn.shopify.com/s/files/1/0627/6159/9138/files/28021.webp?v=1758204346,https://spraygunner.com/products/vallejo-fantasy-color-primer-silver-400ml,https://spraygunner.com/products/vallejo-fantasy-color-primer-silver-400ml,published;check_digit_valid,primer,8429551280211,,2026-10-02
Vallejo,Hobby Paint,Vallejo Fantasy Color Primer: Sun Yellow (400ml),28.018,,400,,8429551280181,8429551280181,EAN-13,https://cdn.shopify.com/s/files/1/0627/6159/9138/files/28018.webp?v=1758204065,https://spraygunner.com/products/vallejo-fantasy-color-primer-sun-yellow-400ml,https://spraygunner.com/products/vallejo-fantasy-color-primer-sun-yellow-400ml,published;check_digit_valid,primer,8429551280181,,2026-10-02
Vallejo,Hobby Paint,Vallejo Fantasy Color Primer: Ultramarine Blue (400ml),28.017,,400,,8429551280174,8429551280174,EAN-13,https://cdn.shopify.com/s/files/1/0627/6159/9138/files/28017.webp?v=1758203981,https://spraygunner.com/products/vallejo-fantasy-color-primer-ultramarine-blue-400ml,https://spraygunner.com/products/vallejo-fantasy-color-primer-ultramarine-blue-400ml,published;check_digit_valid,primer,8429551280174,,2026-10-02
Vallejo,Hobby Paint,Vallejo Fantasy Color Primer: Wolf Grey (400ml),28.020,,400,,8429551280204,8429551280204,EAN-13,https://cdn.shopify.com/s/files/1/0627/6159/9138/files/28020.webp?v=1758204234,https://spraygunner.com/products/vallejo-fantasy-color-primer-wolf-grey-400ml,https://spraygunner.com/products/vallejo-fantasy-color-primer-wolf-grey-400ml,published;check_digit_valid,primer,8429551280204,,2026-10-02
Vallejo,Hobby Paint,Vallejo Game Wash Dipping Formula Black (200mL),73.301,,200,,8429551733014,8429551733014,EAN-13,https://cdn.shopify.com/s/files/1/0627/6159/9138/files/73301.webp?v=1762448415,https://spraygunner.com/products/vallejo-game-wash-dipping-formula-black-200ml,https://spraygunner.com/products/vallejo-game-wash-dipping-formula-black-200ml,published;check_digit_valid,paint,8429551733014,,2026-10-02
Vallejo,Hobby Paint,Vallejo Game Wash Dipping Formula Sepia (200mL),73.300,,200,,8429551733007,8429551733007,EAN-13,https://cdn.shopify.com/s/files/1/0627/6159/9138/files/73300.webp?v=1762448413,https://spraygunner.com/products/vallejo-game-wash-dipping-formula-sepia-200ml,https://spraygunner.com/products/vallejo-game-wash-dipping-formula-sepia-200ml,published;check_digit_valid,paint,8429551733007,,2026-10-02
Vallejo,Hobby Paint,Vallejo Goblin Green Spray Primer 28.027 (400ml),28.027,,400,,8429551280273,8429551280273,EAN-13,https://cdn.shopify.com/s/files/1/0627/6159/9138/files/28027.webp?v=1776492714,https://spraygunner.com/products/vallejo-fantasy-color-primer-goblin-green-400ml,https://spraygunner.com/products/vallejo-fantasy-color-primer-goblin-green-400ml,published;check_digit_valid,primer,8429551280273,,2026-10-02
Vallejo,Hobby Paint,Vallejo Grey Primer 601 (18mL),70.601,,18,,8429551706018,8429551706018,EAN-13,https://cdn.shopify.com/s/files/1/0627/6159/9138/files/Vallejo-Grey-Primer-601-_18mL_-Vallejo-168617965.webp?v=1762448326,https://spraygunner.com/products/vallejo-grey-primer-601-18ml,https://spraygunner.com/products/vallejo-grey-primer-601-18ml,published;check_digit_valid,primer,8429551706018,,2026-10-02
Vallejo,Hobby Paint,Vallejo Leather Brown Spray Primer 28.014 400ml Can,28.014,,400,,8429551280143,8429551280143,EAN-13,https://cdn.shopify.com/s/files/1/0627/6159/9138/files/28014.webp?v=1777327987,https://spraygunner.com/products/vallejo-fantasy-color-primer-leather-brown-400ml,https://spraygunner.com/products/vallejo-fantasy-color-primer-leather-brown-400ml,published;check_digit_valid,primer,8429551280143,,2026-10-02
Vallejo,Hobby Paint,Vallejo Permanent Gloss Varnish 510 (18mL),70.510,,18,,8429551705103,8429551705103,EAN-13,https://cdn.shopify.com/s/files/1/0627/6159/9138/files/70510_a066c6b6-bb7b-425c-99a3-f8d6a7d45129.webp?v=1762448322,https://spraygunner.com/products/vallejo-permanent-gloss-varnish-510-18ml,https://spraygunner.com/products/vallejo-permanent-gloss-varnish-510-18ml,published;check_digit_valid,varnish,8429551705103,,2026-10-02
Vallejo,Hobby Paint,Vallejo Permanent Matt Varnish 520 (18mL),70.520,,18,,8429551705202,8429551705202,EAN-13,https://cdn.shopify.com/s/files/1/0627/6159/9138/files/70520.webp?v=1762448323,https://spraygunner.com/products/vallejo-permanent-matt-varnish-520-18ml,https://spraygunner.com/products/vallejo-permanent-matt-varnish-520-18ml,published;check_digit_valid,varnish,8429551705202,,2026-10-02
Vallejo,Hobby Paint,Vallejo Permanent Satin Varnish 522 (18mL),70.522,,18,,8429551705226,8429551705226,EAN-13,https://cdn.shopify.com/s/files/1/0627/6159/9138/files/70522_1bb1c37e-7238-4bff-af33-5673aa607b8e.webp?v=1762448323,https://spraygunner.com/products/vallejo-permanent-satin-varnish-522-18ml,https://spraygunner.com/products/vallejo-permanent-satin-varnish-522-18ml,published;check_digit_valid,varnish,8429551705226,,2026-10-02
Vallejo,Hobby Paint,Vallejo Primer: Desert Tan (18ml),70.613,,18,,8429551706131,8429551706131,EAN-13,https://cdn.shopify.com/s/files/1/0627/6159/9138/files/70613.webp?v=1758207333,https://spraygunner.com/products/vallejo-primer-desert-tan-18ml,https://spraygunner.com/products/vallejo-primer-desert-tan-18ml,published;check_digit_valid,primer,8429551706131,,2026-10-02
Vallejo,Hobby Paint,Vallejo Primer: German Dark Yellow RAL7028 (18ml),70.604,,18,,8429551706049,8429551706049,EAN-13,https://cdn.shopify.com/s/files/1/0627/6159/9138/files/70604.webp?v=1758206294,https://spraygunner.com/products/vallejo-primer-german-dark-yellow-18ml,https://spraygunner.com/products/vallejo-primer-german-dark-yellow-18ml,published;check_digit_valid,primer,8429551706049,,2026-10-02
Vallejo,Hobby Paint,Vallejo Primer: German Green Brown RAL8000 (18ml),70.606,,18,,8429551706063,8429551706063,EAN-13,https://cdn.shopify.com/s/files/1/0627/6159/9138/files/70606.webp?v=1758206483,https://spraygunner.com/products/vallejo-primer-german-green-brown-18ml,https://spraygunner.com/products/vallejo-primer-german-green-brown-18ml,published;check_digit_valid,primer,8429551706063,,2026-10-02
Vallejo,Hobby Paint,Vallejo Primer: German Panzer Grey RAL7021 (18ml),70.603,,18,,8429551706032,8429551706032,EAN-13,https://cdn.shopify.com/s/files/1/0627/6159/9138/files/70603.webp?v=1758206103,https://spraygunner.com/products/vallejo-primer-german-panzer-grey-ral7021-18ml,https://spraygunner.com/products/vallejo-primer-german-panzer-grey-ral7021-18ml,published;check_digit_valid,primer,8429551706032,,2026-10-02
Vallejo,Hobby Paint,Vallejo Primer: German Red Brown RAL8012 (18ml),70.605,,18,,8429551706056,8429551706056,EAN-13,https://cdn.shopify.com/s/files/1/0627/6159/9138/files/70605.webp?v=1758206394,https://spraygunner.com/products/vallejo-primer-german-red-brown-18ml,https://spraygunner.com/products/vallejo-primer-german-red-brown-18ml,published;check_digit_valid,primer,8429551706056,,2026-10-02
Vallejo,Hobby Paint,Vallejo Primer: IDF Israeli Sand Grey (61-73) (18ml),70.614,,18,,8429551706148,8429551706148,EAN-13,https://cdn.shopify.com/s/files/1/0627/6159/9138/files/70614.webp?v=1758207452,https://spraygunner.com/products/vallejo-primer-idf-israeli-sand-grey-61-73-18ml,https://spraygunner.com/products/vallejo-primer-idf-israeli-sand-grey-61-73-18ml,published;check_digit_valid,primer,8429551706148,,2026-10-02
Vallejo,Hobby Paint,Vallejo Primer: IJA-Kare-Kusa-IRO Parched Grass (Late) (18ml),70.610,,18,,8429551706100,8429551706100,EAN-13,https://cdn.shopify.com/s/files/1/0627/6159/9138/files/70610.webp?v=1758207046,https://spraygunner.com/products/vallejo-primer-ija-kare-kusa-iro-parched-grass-late-18ml,https://spraygunner.com/products/vallejo-primer-ija-kare-kusa-iro-parched-grass-late-18ml,published;check_digit_valid,primer,8429551706100,,2026-10-02
Vallejo,Hobby Paint,Vallejo Primer: IJA-Tsuchi-Kusa-IRO Earth Green (Early) (18ml),70.611,,18,,8429551706117,8429551706117,EAN-13,https://cdn.shopify.com/s/files/1/0627/6159/9138/files/70611.webp?v=1758207143,https://spraygunner.com/products/vallejo-primer-ija-tsuchi-kusa-iro-earth-green-early-18ml,https://spraygunner.com/products/vallejo-primer-ija-tsuchi-kusa-iro-earth-green-early-18ml,published;check_digit_valid,primer,8429551706117,,2026-10-02
Vallejo,Hobby Paint,Vallejo Primer: NATO Green (18ml),70.612,,18,,8429551706124,8429551706124,EAN-13,https://cdn.shopify.com/s/files/1/0627/6159/9138/files/70612.webp?v=1758207240,https://spraygunner.com/products/vallejo-primer-nato-green-18ml,https://spraygunner.com/products/vallejo-primer-nato-green-18ml,published;check_digit_valid,primer,8429551706124,,2026-10-02
Vallejo,Hobby Paint,Vallejo Primer: Russian Green 4BO (18ml),70.609,,18,,8429551706094,8429551706094,EAN-13,https://cdn.shopify.com/s/files/1/0627/6159/9138/files/70609.webp?v=1758206804,https://spraygunner.com/products/vallejo-primer-russian-green-4bo-18ml,https://spraygunner.com/products/vallejo-primer-russian-green-4bo-18ml,published;check_digit_valid,primer,8429551706094,,2026-10-02
Vallejo,Hobby Paint,Vallejo Primer: UK Bronze Green (18ml),70.607,,18,,8429551706070,8429551706070,EAN-13,https://cdn.shopify.com/s/files/1/0627/6159/9138/files/70607.webp?v=1758206573,https://spraygunner.com/products/vallejo-primer-uk-bronze-green-18ml,https://spraygunner.com/products/vallejo-primer-uk-bronze-green-18ml,published;check_digit_valid,primer,8429551706070,,2026-10-02
Vallejo,Hobby Paint,Vallejo Primer: USA Olive Drab (18ml),70.608,,18,,8429551706087,8429551706087,EAN-13,https://cdn.shopify.com/s/files/1/0627/6159/9138/files/70608.webp?v=1758206658,https://spraygunner.com/products/vallejo-primer-usa-olive-drab-18ml,https://spraygunner.com/products/vallejo-primer-usa-olive-drab-18ml,published;check_digit_valid,primer,8429551706087,,2026-10-02
Vallejo,Hobby Paint,Vallejo Primer: USN Light Ghost Grey FS36375 (18ml),70.615,,18,,8429551706155,8429551706155,EAN-13,https://cdn.shopify.com/s/files/1/0627/6159/9138/files/70615.webp?v=1758207543,https://spraygunner.com/products/vallejo-primer-usn-light-ghost-grey-fs36375-18ml,https://spraygunner.com/products/vallejo-primer-usn-light-ghost-grey-fs36375-18ml,published;check_digit_valid,primer,8429551706155,,2026-10-02
Vallejo,Hobby Paint,Vallejo Scarlet Red Spray Primer 28.016 400ml Can,28.016,,400,,8429551280167,8429551280167,EAN-13,https://cdn.shopify.com/s/files/1/0627/6159/9138/files/28016.webp?v=1777324111,https://spraygunner.com/products/vallejo-fantasy-color-primer-scarlet-red-400ml,https://spraygunner.com/products/vallejo-fantasy-color-primer-scarlet-red-400ml,published;check_digit_valid,primer,8429551280167,,2026-10-02
Vallejo,Hobby Paint,Vallejo Sick Green Primer Spray (400ml),28.028,,400,,8429551280280,8429551280280,EAN-13,https://cdn.shopify.com/s/files/1/0627/6159/9138/files/28028.webp?v=1777049532,https://spraygunner.com/products/vallejo-fantasy-color-primer-sick-green-400ml,https://spraygunner.com/products/vallejo-fantasy-color-primer-sick-green-400ml,published;check_digit_valid,primer,8429551280280,,2026-10-02
Vallejo,Hobby Paint,Vallejo US Khaki Spray Primer 400ml 28.009 Model Aerosol,28.009,,400,,8429551280099,8429551280099,EAN-13,https://cdn.shopify.com/s/files/1/0627/6159/9138/files/28009.webp?v=1777358673,https://spraygunner.com/products/vallejo-ww2-infantry-color-primer-us-khaki-400ml,https://spraygunner.com/products/vallejo-ww2-infantry-color-primer-us-khaki-400ml,published;check_digit_valid,primer,8429551280099,,2026-10-02
Vallejo,Hobby Paint,Vallejo WW2 AVF Color Primer: Panzer Grey (400ml),28.002,,400,,8429551280020,8429551280020,EAN-13,https://cdn.shopify.com/s/files/1/0627/6159/9138/files/28002.webp?v=1758139343,https://spraygunner.com/products/vallejo-ww2-avf-color-primer-panzer-grey-400ml,https://spraygunner.com/products/vallejo-ww2-avf-color-primer-panzer-grey-400ml,published;check_digit_valid,primer,8429551280020,,2026-10-02
Vallejo,Hobby Paint,Vallejo WW2 AVF Color Primer: Panzer Yellow (400ml),28.001,,400,,8429551280013,8429551280013,EAN-13,https://cdn.shopify.com/s/files/1/0627/6159/9138/files/28001.webp?v=1758139118,https://spraygunner.com/products/vallejo-ww2-avf-color-primer-panzer-yellow-400ml,https://spraygunner.com/products/vallejo-ww2-avf-color-primer-panzer-yellow-400ml,published;check_digit_valid,primer,8429551280013,,2026-10-02
Vallejo,Hobby Paint,Vallejo WW2 AVF Color Primer: Russian Green 4BO (400ml),28.003,,400,,8429551280037,8429551280037,EAN-13,https://cdn.shopify.com/s/files/1/0627/6159/9138/files/28003.webp?v=1758139451,https://spraygunner.com/products/vallejo-ww2-avf-color-primer-russian-green-4bo-400ml,https://spraygunner.com/products/vallejo-ww2-avf-color-primer-russian-green-4bo-400ml,published;check_digit_valid,primer,8429551280037,,2026-10-02
Vallejo,Hobby Paint,Vallejo WW2 AVF Color Primer: UK Bronze Green (400ml),28.004,,400,,8429551280044,8429551280044,EAN-13,https://cdn.shopify.com/s/files/1/0627/6159/9138/files/28004.webp?v=1758139611,https://spraygunner.com/products/vallejo-ww2-avf-color-primer-uk-bronze-green-400ml,https://spraygunner.com/products/vallejo-ww2-avf-color-primer-uk-bronze-green-400ml,published;check_digit_valid,primer,8429551280044,,2026-10-02
Vallejo,Hobby Paint,Vallejo WW2 AVF Color Primer: US Olive Drab (400ml),28.005,,400,,8429551280051,8429551280051,EAN-13,https://cdn.shopify.com/s/files/1/0627/6159/9138/files/28005.webp?v=1758139701,https://spraygunner.com/products/vallejo-ww2-avf-color-primer-us-olive-drab-400ml,https://spraygunner.com/products/vallejo-ww2-avf-color-primer-us-olive-drab-400ml,published;check_digit_valid,primer,8429551280051,,2026-10-02
Vallejo,Hobby Paint,Vallejo WW2 Infantry Color Primer: English Uniform (400ml),28.008,,400,,8429551280082,8429551280082,EAN-13,https://cdn.shopify.com/s/files/1/0627/6159/9138/files/28008.webp?v=1758203107,https://spraygunner.com/products/vallejo-ww2-infantry-color-primer-english-uniform-400ml,https://spraygunner.com/products/vallejo-ww2-infantry-color-primer-english-uniform-400ml,published;check_digit_valid,primer,8429551280082,,2026-10-02
Vallejo,Hobby Paint,Vallejo WW2 Infantry Color Primer: German Field Grey (400ml),28.006,,400,,8429551280068,8429551280068,EAN-13,https://cdn.shopify.com/s/files/1/0627/6159/9138/files/28006.webp?v=1758139815,https://spraygunner.com/products/vallejo-ww2-infantry-color-primer-german-field-grey-400ml,https://spraygunner.com/products/vallejo-ww2-infantry-color-primer-german-field-grey-400ml,published;check_digit_valid,primer,8429551280068,,2026-10-02
Vallejo,Hobby Paint,Vallejo WW2 Infantry Color Primer: Russian Uniform (400ml),28.007,,400,,8429551280075,8429551280075,EAN-13,https://cdn.shopify.com/s/files/1/0627/6159/9138/files/28007_4c8eeae6-5744-4371-9a6a-e55fbd9c78f1.webp?v=1758139907,https://spraygunner.com/products/vallejo-ww2-infantry-color-primer-russian-uniform-400ml,https://spraygunner.com/products/vallejo-ww2-infantry-color-primer-russian-uniform-400ml,published;check_digit_valid,primer,8429551280075,,2026-10-02
Vallejo,Hobby Paint,Vallejo White Primer 600 (18mL),70.600,,18,,8429551706001,8429551706001,EAN-13,https://cdn.shopify.com/s/files/1/0627/6159/9138/files/70600.webp?v=1762448325,https://spraygunner.com/products/vallejo-white-primer-600-18ml,https://spraygunner.com/products/vallejo-white-primer-600-18ml,published;check_digit_valid,primer,8429551706001,,2026-10-02
Vallejo,Liquid Gold,Vallejo Liquid Metal: Green Gold (70.795),70.795,,35,,8429551707954,8429551707954,EAN-13,https://cdn.shopify.com/s/files/1/0059/7481/8934/files/vallejo-liquid-metal-70795-NewIC.jpg?v=1741402685,https://gnomishbazaar.com/products/vallejo-liquid-gold-green-gold-70795,https://gnomishbazaar.com/products/vallejo-liquid-gold-green-gold-70795,published;check_digit_valid,paint,8429551707954,,2026-10-02
Vallejo,Mecha Color,Vallejo Mecha Color: Black Wash (18ml),69.518,,18,,8429551695183,8429551695183,EAN-13,https://cdn.shopify.com/s/files/1/0627/6159/9138/files/69518.webp?v=1771950757,https://spraygunner.com/products/vallejo-mecha-color-black-wash-18ml,https://spraygunner.com/products/vallejo-mecha-color-black-wash-18ml,published;check_digit_valid,paint,8429551695183,,2026-10-02
Vallejo,Mecha Color,Vallejo Mecha Color: Blue (18ml),69.019,,18,,8429551690195,8429551690195,EAN-13,https://cdn.shopify.com/s/files/1/0627/6159/9138/files/69019.webp?v=1771945187,https://spraygunner.com/products/vallejo-mecha-color-blue-18ml,https://spraygunner.com/products/vallejo-mecha-color-blue-18ml,published;check_digit_valid,paint,8429551690195,,2026-10-02
Vallejo,Mecha Color,Vallejo Mecha Color: Blue Grey (18ml),69.015,,18,,8429551690157,8429551690157,EAN-13,https://cdn.shopify.com/s/files/1/0627/6159/9138/files/69015.webp?v=1771944784,https://spraygunner.com/products/vallejo-mecha-color-blue-grey-18ml,https://spraygunner.com/products/vallejo-mecha-color-blue-grey-18ml,published;check_digit_valid,paint,8429551690157,,2026-10-02
Vallejo,Mecha Color,Vallejo Mecha Color: Bronze (18ml),69.062,,18,,8429551690621,8429551690621,EAN-13,https://cdn.shopify.com/s/files/1/0627/6159/9138/files/69062.webp?v=1771948878,https://spraygunner.com/products/vallejo-mecha-color-bronze-18ml,https://spraygunner.com/products/vallejo-mecha-color-bronze-18ml,published;check_digit_valid,paint,8429551690621,,2026-10-02
Vallejo,Mecha Color,Vallejo Mecha Color: Brown (18ml),69.034,,18,,8429551690348,8429551690348,EAN-13,https://cdn.shopify.com/s/files/1/0627/6159/9138/files/69034.webp?v=1771946957,https://spraygunner.com/products/vallejo-mecha-color-brown-18ml,https://spraygunner.com/products/vallejo-mecha-color-brown-18ml,published;check_digit_valid,paint,8429551690348,,2026-10-02
Vallejo,Mecha Color,Vallejo Mecha Color: Brown Engine Soot (Matt) (18ml),69.818,,18,,8429551698184,8429551698184,EAN-13,https://cdn.shopify.com/s/files/1/0627/6159/9138/files/69818.webp?v=1771951416,https://spraygunner.com/products/vallejo-mecha-color-brown-engine-soot-matt-18ml,https://spraygunner.com/products/vallejo-mecha-color-brown-engine-soot-matt-18ml,published;check_digit_valid,paint,8429551698184,,2026-10-02
Vallejo,Mecha Color,Vallejo Mecha Color: Chipping Brown (18ml),69.035,,18,,8429551690355,8429551690355,EAN-13,https://cdn.shopify.com/s/files/1/0627/6159/9138/files/69035.webp?v=1771947048,https://spraygunner.com/products/vallejo-mecha-color-chipping-brown-18ml,https://spraygunner.com/products/vallejo-mecha-color-chipping-brown-18ml,published;check_digit_valid,paint,8429551690355,,2026-10-02
Vallejo,Mecha Color,Vallejo Mecha Color: Copper (18ml),69.061,,18,,8429551690614,8429551690614,EAN-13,https://cdn.shopify.com/s/files/1/0627/6159/9138/files/69061.webp?v=1771948784,https://spraygunner.com/products/vallejo-mecha-color-copper-18ml,https://spraygunner.com/products/vallejo-mecha-color-copper-18ml,published;check_digit_valid,paint,8429551690614,,2026-10-02
Vallejo,Mecha Color,Vallejo Mecha Color: Dark Blue (18ml),69.021,,18,,8429551690218,8429551690218,EAN-13,https://cdn.shopify.com/s/files/1/0627/6159/9138/files/69021.webp?v=1771945378,https://spraygunner.com/products/vallejo-mecha-color-dark-blue-18ml,https://spraygunner.com/products/vallejo-mecha-color-dark-blue-18ml,published;check_digit_valid,paint,8429551690218,,2026-10-02
Vallejo,Mecha Color,Vallejo Mecha Color: Dark Green (18ml),69.030,,18,,8429551690300,8429551690300,EAN-13,https://cdn.shopify.com/s/files/1/0627/6159/9138/files/69030.webp?v=1771946453,https://spraygunner.com/products/vallejo-mecha-color-dark-green-18ml,https://spraygunner.com/products/vallejo-mecha-color-dark-green-18ml,published;check_digit_valid,paint,8429551690300,,2026-10-02
Vallejo,Mecha Color,Vallejo Mecha Color: Dark Grey Green (18ml),69.041,,18,,8429551690416,8429551690416,EAN-13,https://cdn.shopify.com/s/files/1/0627/6159/9138/files/69041.webp?v=1771947863,https://spraygunner.com/products/vallejo-mecha-color-dark-grey-green-18ml,https://spraygunner.com/products/vallejo-mecha-color-dark-grey-green-18ml,published;check_digit_valid,paint,8429551690416,,2026-10-02
Vallejo,Mecha Color,Vallejo Mecha Color: Dark Red (18ml),69.011,,18,,8429551690119,8429551690119,EAN-13,https://cdn.shopify.com/s/files/1/0627/6159/9138/files/69011.webp?v=1771944287,https://spraygunner.com/products/vallejo-mecha-color-dark-red-18ml,https://spraygunner.com/products/vallejo-mecha-color-dark-red-18ml,published;check_digit_valid,paint,8429551690119,,2026-10-02
Vallejo,Mecha Color,Vallejo Mecha Color: Dark Rust Wash (18ml),69.507,,18,,8429551695077,8429551695077,EAN-13,https://cdn.shopify.com/s/files/1/0627/6159/9138/files/69507.webp?v=1771950559,https://spraygunner.com/products/vallejo-mecha-color-dark-rust-wash-18ml,https://spraygunner.com/products/vallejo-mecha-color-dark-rust-wash-18ml,published;check_digit_valid,paint,8429551695077,,2026-10-02
Vallejo,Mecha Color,Vallejo Mecha Color: Dark Steel (18ml),69.065,,18,,8429551690652,8429551690652,EAN-13,https://cdn.shopify.com/s/files/1/0627/6159/9138/files/69065.webp?v=1771949184,https://spraygunner.com/products/vallejo-mecha-color-dark-steel-18ml,https://spraygunner.com/products/vallejo-mecha-color-dark-steel-18ml,published;check_digit_valid,paint,8429551690652,,2026-10-02
Vallejo,Mecha Color,Vallejo Mecha Color: Deep Blue (18ml),69.018,,18,,8429551690188,8429551690188,EAN-13,https://cdn.shopify.com/s/files/1/0627/6159/9138/files/69018.webp?v=1771945091,https://spraygunner.com/products/vallejo-mecha-color-deep-blue-18ml,https://spraygunner.com/products/vallejo-mecha-color-deep-blue-18ml,published;check_digit_valid,paint,8429551690188,,2026-10-02
Vallejo,Mecha Color,Vallejo Mecha Color: Deep Green (18ml),69.029,,18,,8429551690294,8429551690294,EAN-13,https://cdn.shopify.com/s/files/1/0627/6159/9138/files/69029.webp?v=1771946322,https://spraygunner.com/products/vallejo-mecha-color-deep-green-18ml,https://spraygunner.com/products/vallejo-mecha-color-deep-green-18ml,published;check_digit_valid,paint,8429551690294,,2026-10-02
Vallejo,Mecha Color,Vallejo Mecha Color: Desert Dust Wash (18ml),69.522,,18,,8429551695220,8429551695220,EAN-13,https://cdn.shopify.com/s/files/1/0627/6159/9138/files/69522.webp?v=1771950855,https://spraygunner.com/products/vallejo-mecha-color-desert-dust-wash-18ml,https://spraygunner.com/products/vallejo-mecha-color-desert-dust-wash-18ml,published;check_digit_valid,paint,8429551695220,,2026-10-02
Vallejo,Mecha Color,Vallejo Mecha Color: Electric Blue (18ml),69.020,,18,,8429551690201,8429551690201,EAN-13,https://cdn.shopify.com/s/files/1/0627/6159/9138/files/69020.webp?v=1771945283,https://spraygunner.com/products/vallejo-mecha-color-electric-blue-18ml,https://spraygunner.com/products/vallejo-mecha-color-electric-blue-18ml,published;check_digit_valid,paint,8429551690201,,2026-10-02
Vallejo,Mecha Color,Vallejo Mecha Color: Fuel Stains (Gloss) (18ml),69.814,,18,,8429551698146,8429551698146,EAN-13,https://cdn.shopify.com/s/files/1/0627/6159/9138/files/69814.webp?v=1771951330,https://spraygunner.com/products/vallejo-mecha-color-fuel-stains-gloss-18ml,https://spraygunner.com/products/vallejo-mecha-color-fuel-stains-gloss-18ml,published;check_digit_valid,paint,8429551698146,,2026-10-02
Vallejo,Mecha Color,Vallejo Mecha Color: Gold (18ml),69.059,,18,,8429551690591,8429551690591,EAN-13,https://cdn.shopify.com/s/files/1/0627/6159/9138/files/69059.webp?v=1771948604,https://spraygunner.com/products/vallejo-mecha-color-gold-18ml,https://spraygunner.com/products/vallejo-mecha-color-gold-18ml,published;check_digit_valid,paint,8429551690591,,2026-10-02
Vallejo,Mecha Color,Vallejo Mecha Color: Green (18ml),69.026,,18,,8429551690263,8429551690263,EAN-13,https://cdn.shopify.com/s/files/1/0627/6159/9138/files/69026.webp?v=1771945857,https://spraygunner.com/products/vallejo-mecha-color-green-18ml,https://spraygunner.com/products/vallejo-mecha-color-green-18ml,published;check_digit_valid,paint,8429551690263,,2026-10-02
Vallejo,Mecha Color,Vallejo Mecha Color: Green Blue (18ml),69.027,,18,,8429551690270,8429551690270,EAN-13,https://cdn.shopify.com/s/files/1/0627/6159/9138/files/69027.webp?v=1771945947,https://spraygunner.com/products/vallejo-mecha-color-green-blue-18ml,https://spraygunner.com/products/vallejo-mecha-color-green-blue-18ml,published;check_digit_valid,paint,8429551690270,,2026-10-02
Vallejo,Mecha Color,Vallejo Mecha Color: Green Fluorescent (18ml),69.057,,18,,8429551690577,8429551690577,EAN-13,https://cdn.shopify.com/s/files/1/0627/6159/9138/files/69057.webp?v=1771948410,https://spraygunner.com/products/vallejo-mecha-color-green-fluorescent-18ml,https://spraygunner.com/products/vallejo-mecha-color-green-fluorescent-18ml,published;check_digit_valid,paint,8429551690577,,2026-10-02
Vallejo,Mecha Color,Vallejo Mecha Color: Grey (18ml),69.037,,18,,8429551690379,8429551690379,EAN-13,https://cdn.shopify.com/s/files/1/0627/6159/9138/files/69037.webp?v=1771947412,https://spraygunner.com/products/vallejo-mecha-color-grey-18ml,https://spraygunner.com/products/vallejo-mecha-color-grey-18ml,published;check_digit_valid,paint,8429551690379,,2026-10-02
Vallejo,Mecha Color,Vallejo Mecha Color: Grey Green (18ml),69.014,,18,,8429551690140,8429551690140,EAN-13,https://cdn.shopify.com/s/files/1/0627/6159/9138/files/69014.webp?v=1771944610,https://spraygunner.com/products/vallejo-mecha-color-grey-green-18ml,https://spraygunner.com/products/vallejo-mecha-color-grey-green-18ml,published;check_digit_valid,paint,8429551690140,,2026-10-02
Vallejo,Mecha Color,Vallejo Mecha Color: Grey Sand (18ml),69.031,,18,,8429551690317,8429551690317,EAN-13,https://cdn.shopify.com/s/files/1/0627/6159/9138/files/69031.webp?v=1771946557,https://spraygunner.com/products/vallejo-mecha-color-grey-sand-18ml,https://spraygunner.com/products/vallejo-mecha-color-grey-sand-18ml,published;check_digit_valid,paint,8429551690317,,2026-10-02
Vallejo,Mecha Color,Vallejo Mecha Color: Grey Z (18ml),69.039,,18,,8429551690393,8429551690393,EAN-13,https://cdn.shopify.com/s/files/1/0627/6159/9138/files/69039.webp?v=1771947677,https://spraygunner.com/products/vallejo-mecha-color-grey-z-18ml,https://spraygunner.com/products/vallejo-mecha-color-grey-z-18ml,published;check_digit_valid,paint,8429551690393,,2026-10-02
Vallejo,Mecha Color,Vallejo Mecha Color: Gunmetal (18ml),69.058,,18,,8429551690584,8429551690584,EAN-13,https://cdn.shopify.com/s/files/1/0627/6159/9138/files/69058.webp?v=1771948505,https://spraygunner.com/products/vallejo-mecha-color-gunmetal-18ml,https://spraygunner.com/products/vallejo-mecha-color-gunmetal-18ml,published;check_digit_valid,paint,8429551690584,,2026-10-02
Vallejo,Mecha Color,Vallejo Mecha Color: Light Blue (18ml),69.016,,18,,8429551690164,8429551690164,EAN-13,https://cdn.shopify.com/s/files/1/0627/6159/9138/files/69016.webp?v=1771944889,https://spraygunner.com/products/vallejo-mecha-color-light-blue-18ml,https://spraygunner.com/products/vallejo-mecha-color-light-blue-18ml,published;check_digit_valid,paint,8429551690164,,2026-10-02
Vallejo,Mecha Color,Vallejo Mecha Color: Light Flesh (18ml),69.005,,18,,8429551690058,8429551690058,EAN-13,https://cdn.shopify.com/s/files/1/0627/6159/9138/files/69005.webp?v=1771942971,https://spraygunner.com/products/vallejo-mecha-color-light-flesh-18ml,https://spraygunner.com/products/vallejo-mecha-color-light-flesh-18ml,published;check_digit_valid,paint,8429551690058,,2026-10-02
Vallejo,Mecha Color,Vallejo Mecha Color: Light Green (18ml),69.025,,18,,8429551690256,8429551690256,EAN-13,https://cdn.shopify.com/s/files/1/0627/6159/9138/files/69025.webp?v=1771945761,https://spraygunner.com/products/vallejo-mecha-color-light-green-18ml,https://spraygunner.com/products/vallejo-mecha-color-light-green-18ml,published;check_digit_valid,paint,8429551690256,,2026-10-02
Vallejo,Mecha Color,Vallejo Mecha Color: Light Grey (18ml),69.036,,18,,8429551690362,8429551690362,EAN-13,https://cdn.shopify.com/s/files/1/0627/6159/9138/files/69036.webp?v=1771947150,https://spraygunner.com/products/vallejo-mecha-color-light-grey-18ml,https://spraygunner.com/products/vallejo-mecha-color-light-grey-18ml,published;check_digit_valid,paint,8429551690362,,2026-10-02
Vallejo,Mecha Color,Vallejo Mecha Color: Light Grey Wash (18ml),69.515,,18,,8429551695152,8429551695152,EAN-13,https://cdn.shopify.com/s/files/1/0627/6159/9138/files/69515.webp?v=1771951049,https://spraygunner.com/products/vallejo-mecha-color-light-grey-wash-18ml,https://spraygunner.com/products/vallejo-mecha-color-light-grey-wash-18ml,published;check_digit_valid,paint,8429551695152,,2026-10-02
Vallejo,Mecha Color,Vallejo Mecha Color: Light Rust Wash (18ml),69.505,,18,,8429551695053,8429551695053,EAN-13,https://cdn.shopify.com/s/files/1/0627/6159/9138/files/69505.webp?v=1771950658,https://spraygunner.com/products/vallejo-mecha-color-light-rust-wash-18ml,https://spraygunner.com/products/vallejo-mecha-color-light-rust-wash-18ml,published;check_digit_valid,paint,8429551695053,,2026-10-02
Vallejo,Mecha Color,Vallejo Mecha Color: Light Steel (18ml),69.064,,18,,8429551690645,8429551690645,EAN-13,https://cdn.shopify.com/s/files/1/0627/6159/9138/files/69064.webp?v=1771949099,https://spraygunner.com/products/vallejo-mecha-color-light-steel-18ml,https://spraygunner.com/products/vallejo-mecha-color-light-steel-18ml,published;check_digit_valid,paint,8429551690645,,2026-10-02
Vallejo,Mecha Color,Vallejo Mecha Color: Magenta (18ml),69.010,,18,,8429551690102,8429551690102,EAN-13,https://cdn.shopify.com/s/files/1/0627/6159/9138/files/69010.webp?v=1771944186,https://spraygunner.com/products/vallejo-mecha-color-magenta-18ml,https://spraygunner.com/products/vallejo-mecha-color-magenta-18ml,published;check_digit_valid,paint,8429551690102,,2026-10-02
Vallejo,Mecha Color,Vallejo Mecha Color: Magenta Fluorescent (18ml),69.056,,18,,8429551690560,8429551690560,EAN-13,https://cdn.shopify.com/s/files/1/0627/6159/9138/files/69056.webp?v=1771948278,https://spraygunner.com/products/vallejo-mecha-color-magenta-fluorescent-18ml,https://spraygunner.com/products/vallejo-mecha-color-magenta-fluorescent-18ml,published;check_digit_valid,paint,8429551690560,,2026-10-02
Vallejo,Mecha Color,Vallejo Mecha Color: Mecha Gloss Varnish (18ml),69.701,,18,,8429551697019,8429551697019,EAN-13,https://cdn.shopify.com/s/files/1/0627/6159/9138/files/69701.webp?v=1771952356,https://spraygunner.com/products/vallejo-mecha-color-mecha-gloss-varnish-18ml,https://spraygunner.com/products/vallejo-mecha-color-mecha-gloss-varnish-18ml,published;check_digit_valid,varnish,8429551697019,,2026-10-02
Vallejo,Mecha Color,Vallejo Mecha Color: Mecha Matt Varnish (18ml),69.702,,18,,8429551697026,8429551697026,EAN-13,https://cdn.shopify.com/s/files/1/0627/6159/9138/files/69702.webp?v=1771952449,https://spraygunner.com/products/vallejo-mecha-color-mecha-matt-varnish-18ml,https://spraygunner.com/products/vallejo-mecha-color-mecha-matt-varnish-18ml,published;check_digit_valid,varnish,8429551697026,,2026-10-02
Vallejo,Mecha Color,Vallejo Mecha Color: Mecha Matt Varnish (200ml),27.702,,200,,8429551277020,8429551277020,EAN-13,https://cdn.shopify.com/s/files/1/0627/6159/9138/files/27702.webp?v=1774375523,https://spraygunner.com/products/vallejo-mecha-color-mecha-matt-varnish-200ml,https://spraygunner.com/products/vallejo-mecha-color-mecha-matt-varnish-200ml,published;check_digit_valid,varnish,8429551277020,,2026-10-02
Vallejo,Mecha Color,Vallejo Mecha Color: Mecha Matt Varnish (60ml),26.702,,60,,8429551267021,8429551267021,EAN-13,https://cdn.shopify.com/s/files/1/0627/6159/9138/files/26702.webp?v=1774375942,https://spraygunner.com/products/vallejo-mecha-color-mecha-matt-varnish-60ml,https://spraygunner.com/products/vallejo-mecha-color-mecha-matt-varnish-60ml,published;check_digit_valid,varnish,8429551267021,,2026-10-02
Vallejo,Mecha Color,Vallejo Mecha Color: Mecha Primer Black (18ml),70.642,,18,,8429551706421,8429551706421,EAN-13,https://cdn.shopify.com/s/files/1/0627/6159/9138/files/70642.webp?v=1771953339,https://spraygunner.com/products/vallejo-mecha-color-mecha-primer-black-18ml,https://spraygunner.com/products/vallejo-mecha-color-mecha-primer-black-18ml,published;check_digit_valid,primer,8429551706421,,2026-10-02
Vallejo,Mecha Color,Vallejo Mecha Color: Mecha Primer Black (200ml),74.642,,200,,8429551746427,8429551746427,EAN-13,https://cdn.shopify.com/s/files/1/0627/6159/9138/files/74642.webp?v=1776992254,https://spraygunner.com/products/vallejo-mecha-color-mecha-primer-black-200ml,https://spraygunner.com/products/vallejo-mecha-color-mecha-primer-black-200ml,published;check_digit_valid,primer,8429551746427,,2026-10-02
Vallejo,Mecha Color,Vallejo Mecha Color: Mecha Primer Black (60ml),73.642,,60,,8429551736428,8429551736428,EAN-13,https://cdn.shopify.com/s/files/1/0627/6159/9138/files/73642.webp?v=1774290539,https://spraygunner.com/products/vallejo-mecha-color-mecha-primer-black-60ml,https://spraygunner.com/products/vallejo-mecha-color-mecha-primer-black-60ml,published;check_digit_valid,primer,8429551736428,,2026-10-02
Vallejo,Mecha Color,Vallejo Mecha Color: Mecha Primer Grey (18ml),70.641,,18,,8429551706414,8429551706414,EAN-13,https://cdn.shopify.com/s/files/1/0627/6159/9138/files/70641.webp?v=1771953258,https://spraygunner.com/products/vallejo-mecha-color-mecha-primer-grey-18ml,https://spraygunner.com/products/vallejo-mecha-color-mecha-primer-grey-18ml,published;check_digit_valid,primer,8429551706414,,2026-10-02
Vallejo,Mecha Color,Vallejo Mecha Color: Mecha Primer Grey (200ml),74.641,,200,,8429551746410,8429551746410,EAN-13,https://cdn.shopify.com/s/files/1/0627/6159/9138/files/74641.webp?v=1774290775,https://spraygunner.com/products/vallejo-mecha-color-mecha-primer-grey-200ml,https://spraygunner.com/products/vallejo-mecha-color-mecha-primer-grey-200ml,published;check_digit_valid,primer,8429551746410,,2026-10-02
Vallejo,Mecha Color,Vallejo Mecha Color: Mecha Primer Grey (60ml),73.641,,60,,8429551736411,8429551736411,EAN-13,https://cdn.shopify.com/s/files/1/0627/6159/9138/files/73641.webp?v=1777013382,https://spraygunner.com/products/vallejo-mecha-color-mecha-primer-grey-60ml,https://spraygunner.com/products/vallejo-mecha-color-mecha-primer-grey-60ml,published;check_digit_valid,primer,8429551736411,,2026-10-02
Vallejo,Mecha Color,Vallejo Mecha Color: Mecha Primer Ivory (18ml),70.643,,18,,8429551706438,8429551706438,EAN-13,https://cdn.shopify.com/s/files/1/0627/6159/9138/files/70643.webp?v=1771953424,https://spraygunner.com/products/vallejo-mecha-color-mecha-primer-ivory-18ml,https://spraygunner.com/products/vallejo-mecha-color-mecha-primer-ivory-18ml,published;check_digit_valid,primer,8429551706438,,2026-10-02
Vallejo,Mecha Color,Vallejo Mecha Color: Mecha Primer Ivory (200ml),74.643,,200,,8429551746434,8429551746434,EAN-13,https://cdn.shopify.com/s/files/1/0627/6159/9138/files/74643.webp?v=1774290924,https://spraygunner.com/products/vallejo-mecha-color-mecha-primer-ivory-200ml,https://spraygunner.com/products/vallejo-mecha-color-mecha-primer-ivory-200ml,published;check_digit_valid,primer,8429551746434,,2026-10-02
Vallejo,Mecha Color,Vallejo Mecha Color: Mecha Primer Ivory (60ml),73.643,,60,,8429551736435,8429551736435,EAN-13,https://cdn.shopify.com/s/files/1/0627/6159/9138/files/73643.webp?v=1777012419,https://spraygunner.com/products/vallejo-mecha-color-mecha-primer-ivory-60ml,https://spraygunner.com/products/vallejo-mecha-color-mecha-primer-ivory-60ml,published;check_digit_valid,primer,8429551736435,,2026-10-02
Vallejo,Mecha Color,Vallejo Mecha Color: Mecha Primer Sand (18ml),70.644,,18,,8429551706445,8429551706445,EAN-13,https://cdn.shopify.com/s/files/1/0627/6159/9138/files/70644.webp?v=1771953522,https://spraygunner.com/products/vallejo-mecha-color-mecha-primer-sand-18ml,https://spraygunner.com/products/vallejo-mecha-color-mecha-primer-sand-18ml,published;check_digit_valid,primer,8429551706445,,2026-10-02
Vallejo,Mecha Color,Vallejo Mecha Color: Mecha Primer Sand (200ml),74.644,,200,,8429551746441,8429551746441,EAN-13,https://cdn.shopify.com/s/files/1/0627/6159/9138/files/74644.webp?v=1776989596,https://spraygunner.com/products/vallejo-mecha-color-mecha-primer-sand-200ml,https://www.mhshop.pl/pl/p/VALLEJO-74644-MECHA-PRIMER-200ml-Sand/25402,published_alternate_source;check_digit_valid,primer,,Barcode obtained from alternate published listing. Original source barcode retained in source_barcode.,2026-10-02
Vallejo,Mecha Color,Vallejo Mecha Color: Mecha Primer Sand (60ml),73.644,,60,,8429551736442,8429551736442,EAN-13,https://cdn.shopify.com/s/files/1/0627/6159/9138/files/73644.webp?v=1777014363,https://spraygunner.com/products/vallejo-mecha-color-mecha-primer-sand-60ml,https://spraygunner.com/products/vallejo-mecha-color-mecha-primer-sand-60ml,published;check_digit_valid,primer,8429551736442,,2026-10-02
Vallejo,Mecha Color,Vallejo Mecha Color: Mecha Primer White (18ml),70.640,,18,,8429551706407,8429551706407,EAN-13,https://cdn.shopify.com/s/files/1/0627/6159/9138/files/70640.webp?v=1771953018,https://spraygunner.com/products/vallejo-mecha-color-mecha-primer-white-18ml,https://spraygunner.com/products/vallejo-mecha-color-mecha-primer-white-18ml,published;check_digit_valid,primer,8429551706407,,2026-10-02
Vallejo,Mecha Color,Vallejo Mecha Color: Mecha Primer White (200ml),74.640,,200,,8429551746403,8429551746403,EAN-13,https://cdn.shopify.com/s/files/1/0627/6159/9138/files/74640.webp?v=1774290709,https://spraygunner.com/products/vallejo-mecha-color-mecha-primer-white-200ml,https://spraygunner.com/products/vallejo-mecha-color-mecha-primer-white-200ml,published;check_digit_valid,primer,8429551746403,,2026-10-02
Vallejo,Mecha Color,Vallejo Mecha Color: Mecha Primer White (60ml),73.640,,60,,8429551736404,8429551736404,EAN-13,https://cdn.shopify.com/s/files/1/0627/6159/9138/files/73640.webp?v=1777015900,https://spraygunner.com/products/vallejo-mecha-color-mecha-primer-white-60ml,https://spraygunner.com/products/vallejo-mecha-color-mecha-primer-white-60ml,published;check_digit_valid,primer,8429551736404,,2026-10-02
Vallejo,Mecha Color,Vallejo Mecha Color: Mecha Satin Varnish (18ml),69.703,,18,,8429551697033,8429551697033,EAN-13,https://cdn.shopify.com/s/files/1/0627/6159/9138/files/69703.webp?v=1771952538,https://spraygunner.com/products/vallejo-mecha-color-mecha-satin-varnish-18ml,https://spraygunner.com/products/vallejo-mecha-color-mecha-satin-varnish-18ml,published;check_digit_valid,varnish,8429551697033,,2026-10-02
Vallejo,Mecha Color,Vallejo Mecha Color: Mecha Satin Varnish (60ml),26.703,,60,,8429551267038,8429551267038,EAN-13,https://cdn.shopify.com/s/files/1/0627/6159/9138/files/26703.webp?v=1774375805,https://spraygunner.com/products/vallejo-mecha-color-mecha-satin-varnish-60ml,https://spraygunner.com/products/vallejo-mecha-color-mecha-satin-varnish-60ml,published;check_digit_valid,varnish,8429551267038,,2026-10-02
Vallejo,Mecha Color,Vallejo Mecha Color: Medium Grey (18ml),69.038,,18,,8429551690386,8429551690386,EAN-13,https://cdn.shopify.com/s/files/1/0627/6159/9138/files/69038.webp?v=1771947546,https://spraygunner.com/products/vallejo-mecha-color-medium-grey-18ml,https://spraygunner.com/products/vallejo-mecha-color-medium-grey-18ml,published;check_digit_valid,medium/auxiliary,8429551690386,,2026-10-02
Vallejo,Mecha Color,Vallejo Mecha Color: Metallic Blue (18ml),69.067,,18,,8429551690676,8429551690676,EAN-13,https://cdn.shopify.com/s/files/1/0627/6159/9138/files/69067.webp?v=1771949766,https://spraygunner.com/products/vallejo-mecha-color-metallic-blue-18ml,https://spraygunner.com/products/vallejo-mecha-color-metallic-blue-18ml,published;check_digit_valid,paint,8429551690676,,2026-10-02
Vallejo,Mecha Color,Vallejo Mecha Color: Metallic Green (18ml),69.068,,18,,8429551690683,8429551690683,EAN-13,https://cdn.shopify.com/s/files/1/0627/6159/9138/files/69068.webp?v=1771949934,https://spraygunner.com/products/vallejo-mecha-color-metallic-green-18ml,https://spraygunner.com/products/vallejo-mecha-color-metallic-green-18ml,published;check_digit_valid,paint,8429551690683,,2026-10-02
Vallejo,Mecha Color,Vallejo Mecha Color: Metallic Red (18ml),69.066,,18,,8429551690669,8429551690669,EAN-13,https://cdn.shopify.com/s/files/1/0627/6159/9138/files/69066.webp?v=1771949345,https://spraygunner.com/products/vallejo-mecha-color-metallic-red-18ml,https://spraygunner.com/products/vallejo-mecha-color-metallic-red-18ml,published;check_digit_valid,paint,8429551690669,,2026-10-02
Vallejo,Mecha Color,Vallejo Mecha Color: Off-White (18ml),69.003,,18,,8429551690034,8429551690034,EAN-13,https://cdn.shopify.com/s/files/1/0627/6159/9138/files/69003.webp?v=1771942599,https://spraygunner.com/products/vallejo-mecha-color-off-white-18ml,https://spraygunner.com/products/vallejo-mecha-color-off-white-18ml,published;check_digit_valid,paint,8429551690034,,2026-10-02
Vallejo,Mecha Color,Vallejo Mecha Color: Oil Stains (Gloss) (18ml),69.813,,18,,8429551698139,8429551698139,EAN-13,https://cdn.shopify.com/s/files/1/0627/6159/9138/files/69813.webp?v=1771951140,https://spraygunner.com/products/vallejo-mecha-color-oil-stains-gloss-18ml,https://spraygunner.com/products/vallejo-mecha-color-oil-stains-gloss-18ml,published;check_digit_valid,paint,8429551698139,,2026-10-02
Vallejo,Mecha Color,Vallejo Mecha Color: Oiled Earth Wash (18ml),69.521,,18,,8429551695213,8429551695213,EAN-13,https://cdn.shopify.com/s/files/1/0627/6159/9138/files/69521.webp?v=1771950962,https://spraygunner.com/products/vallejo-mecha-color-oiled-earth-wash-18ml,https://spraygunner.com/products/vallejo-mecha-color-oiled-earth-wash-18ml,published;check_digit_valid,paint,8429551695213,,2026-10-02
Vallejo,Mecha Color,Vallejo Mecha Color: Old Gold (18ml),69.060,,18,,8429551690607,8429551690607,EAN-13,https://cdn.shopify.com/s/files/1/0627/6159/9138/files/69060.webp?v=1771948692,https://spraygunner.com/products/vallejo-mecha-color-old-gold-18ml,https://spraygunner.com/products/vallejo-mecha-color-old-gold-18ml,published;check_digit_valid,paint,8429551690607,,2026-10-02
Vallejo,Mecha Color,Vallejo Mecha Color: Olive Green (18ml),69.028,,18,,8429551690287,8429551690287,EAN-13,https://cdn.shopify.com/s/files/1/0627/6159/9138/files/69028.webp?v=1771946082,https://spraygunner.com/products/vallejo-mecha-color-olive-green-18ml,https://spraygunner.com/products/vallejo-mecha-color-olive-green-18ml,published;check_digit_valid,paint,8429551690287,,2026-10-02
Vallejo,Mecha Color,Vallejo Mecha Color: Orange (18ml),69.007,,18,,8429551690072,8429551690072,EAN-13,https://cdn.shopify.com/s/files/1/0627/6159/9138/files/69007.webp?v=1771943170,https://spraygunner.com/products/vallejo-mecha-color-orange-18ml,https://spraygunner.com/products/vallejo-mecha-color-orange-18ml,published;check_digit_valid,paint,8429551690072,,2026-10-02
Vallejo,Mecha Color,Vallejo Mecha Color: Orange Fluorescent (18ml),69.055,,18,,8429551690553,8429551690553,EAN-13,https://cdn.shopify.com/s/files/1/0627/6159/9138/files/69055.webp?v=1771948140,https://spraygunner.com/products/vallejo-mecha-color-orange-fluorescent-18ml,https://spraygunner.com/products/vallejo-mecha-color-orange-fluorescent-18ml,published;check_digit_valid,paint,8429551690553,,2026-10-02
Vallejo,Mecha Color,Vallejo Mecha Color: Petrol Spills (Gloss) (18ml),69.817,,18,,8429551698177,8429551698177,EAN-13,https://cdn.shopify.com/s/files/1/0627/6159/9138/files/69817.webp?v=1771951239,https://spraygunner.com/products/vallejo-mecha-color-petrol-spills-gloss-18ml,https://spraygunner.com/products/vallejo-mecha-color-petrol-spills-gloss-18ml,published;check_digit_valid,paint,8429551698177,,2026-10-02
Vallejo,Mecha Color,Vallejo Mecha Color: Phantom Grey (18ml),69.040,,18,,8429551690409,8429551690409,EAN-13,https://cdn.shopify.com/s/files/1/0627/6159/9138/files/69040.webp?v=1771947770,https://spraygunner.com/products/vallejo-mecha-color-phantom-grey-18ml,https://spraygunner.com/products/vallejo-mecha-color-phantom-grey-18ml,published;check_digit_valid,paint,8429551690409,,2026-10-02
Vallejo,Mecha Color,Vallejo Mecha Color: Pink (18ml),69.006,,18,,8429551690065,8429551690065,EAN-13,https://cdn.shopify.com/s/files/1/0627/6159/9138/files/69006.webp?v=1771943068,https://spraygunner.com/products/vallejo-mecha-color-pink-18ml,https://spraygunner.com/products/vallejo-mecha-color-pink-18ml,published;check_digit_valid,paint,8429551690065,,2026-10-02
Vallejo,Mecha Color,Vallejo Mecha Color: Pure Black (18ml),69.042,,18,,8429551690423,8429551690423,EAN-13,https://cdn.shopify.com/s/files/1/0627/6159/9138/files/69042.webp?v=1771947953,https://spraygunner.com/products/vallejo-mecha-color-pure-black-18ml,https://spraygunner.com/products/vallejo-mecha-color-pure-black-18ml,published;check_digit_valid,paint,8429551690423,,2026-10-02
Vallejo,Mecha Color,Vallejo Mecha Color: Purple (18ml),69.012,,18,,8429551690126,8429551690126,EAN-13,https://cdn.shopify.com/s/files/1/0627/6159/9138/files/69012.webp?v=1771944415,https://spraygunner.com/products/vallejo-mecha-color-purple-18ml,https://spraygunner.com/products/vallejo-mecha-color-purple-18ml,published;check_digit_valid,paint,8429551690126,,2026-10-02
Vallejo,Mecha Color,Vallejo Mecha Color: Red (18ml),69.008,,18,,8429551690089,8429551690089,EAN-13,https://cdn.shopify.com/s/files/1/0627/6159/9138/files/69008.webp?v=1771943293,https://spraygunner.com/products/vallejo-mecha-color-red-18ml,https://spraygunner.com/products/vallejo-mecha-color-red-18ml,published;check_digit_valid,paint,8429551690089,,2026-10-02
Vallejo,Mecha Color,Vallejo Mecha Color: Sand Yellow (18ml),69.033,,18,,8429551690331,8429551690331,EAN-13,https://cdn.shopify.com/s/files/1/0627/6159/9138/files/69033.webp?v=1771946869,https://spraygunner.com/products/vallejo-mecha-color-sand-yellow-18ml,https://spraygunner.com/products/vallejo-mecha-color-sand-yellow-18ml,published;check_digit_valid,paint,8429551690331,,2026-10-02
Vallejo,Mecha Color,Vallejo Mecha Color: Sky Blue (18ml),69.017,,18,,8429551690171,8429551690171,EAN-13,https://cdn.shopify.com/s/files/1/0627/6159/9138/files/69017.webp?v=1771944990,https://spraygunner.com/products/vallejo-mecha-color-sky-blue-18ml,https://spraygunner.com/products/vallejo-mecha-color-sky-blue-18ml,published;check_digit_valid,paint,8429551690171,,2026-10-02
Vallejo,Mecha Color,Vallejo Mecha Color: Steel (18ml),69.063,,18,,8429551690638,8429551690638,EAN-13,https://cdn.shopify.com/s/files/1/0627/6159/9138/files/69063.webp?v=1771948966,https://spraygunner.com/products/vallejo-mecha-color-steel-18ml,https://spraygunner.com/products/vallejo-mecha-color-steel-18ml,published;check_digit_valid,paint,8429551690638,,2026-10-02
Vallejo,Mecha Color,Vallejo Mecha Color: Stone Grey (18ml),69.024,,18,,8429551690249,8429551690249,EAN-13,https://cdn.shopify.com/s/files/1/0627/6159/9138/files/69024.webp?v=1771945677,https://spraygunner.com/products/vallejo-mecha-color-stone-grey-18ml,https://spraygunner.com/products/vallejo-mecha-color-stone-grey-18ml,published;check_digit_valid,paint,8429551690249,,2026-10-02
Vallejo,Mecha Color,Vallejo Mecha Color: Sz Red (18ml),69.009,,18,,8429551690096,8429551690096,EAN-13,https://cdn.shopify.com/s/files/1/0627/6159/9138/files/69009.webp?v=1771943421,https://spraygunner.com/products/vallejo-mecha-color-sz-red-18ml,https://spraygunner.com/products/vallejo-mecha-color-sz-red-18ml,published;check_digit_valid,paint,8429551690096,,2026-10-02
Vallejo,Mecha Color,Vallejo Mecha Color: Titan Blue (18ml),69.013,,18,,8429551690133,8429551690133,EAN-13,https://cdn.shopify.com/s/files/1/0627/6159/9138/files/69013.webp?v=1771944501,https://spraygunner.com/products/vallejo-mecha-color-titan-blue-18ml,https://spraygunner.com/products/vallejo-mecha-color-titan-blue-18ml,published;check_digit_valid,paint,8429551690133,,2026-10-02
Vallejo,Mecha Color,Vallejo Mecha Color: Titan Dark Blue (18ml),69.022,,18,,8429551690225,8429551690225,EAN-13,https://cdn.shopify.com/s/files/1/0627/6159/9138/files/69022.webp?v=1771945473,https://spraygunner.com/products/vallejo-mecha-color-titan-dark-blue-18ml,https://spraygunner.com/products/vallejo-mecha-color-titan-dark-blue-18ml,published;check_digit_valid,paint,8429551690225,,2026-10-02
Vallejo,Mecha Color,Vallejo Mecha Color: Turquoise (18ml),69.023,,18,,8429551690232,8429551690232,EAN-13,https://cdn.shopify.com/s/files/1/0627/6159/9138/files/69023.webp?v=1771945587,https://spraygunner.com/products/vallejo-mecha-color-turquoise-18ml,https://spraygunner.com/products/vallejo-mecha-color-turquoise-18ml,published;check_digit_valid,paint,8429551690232,,2026-10-02
Vallejo,Mecha Color,Vallejo Mecha Color: White Grey (18ml),69.002,,18,,8429551690027,8429551690027,EAN-13,https://cdn.shopify.com/s/files/1/0627/6159/9138/files/69002.webp?v=1771942507,https://spraygunner.com/products/vallejo-mecha-color-white-grey-18ml,https://spraygunner.com/products/vallejo-mecha-color-white-grey-18ml,published;check_digit_valid,paint,8429551690027,,2026-10-02
Vallejo,Mecha Color,Vallejo Mecha Color: Yellow (18ml),69.004,,18,,8429551690041,8429551690041,EAN-13,https://cdn.shopify.com/s/files/1/0627/6159/9138/files/69004.webp?v=1771942767,https://spraygunner.com/products/vallejo-mecha-color-yellow-18ml,https://spraygunner.com/products/vallejo-mecha-color-yellow-18ml,published;check_digit_valid,paint,8429551690041,,2026-10-02
Vallejo,Mecha Color,Vallejo Mecha Color: Yellow Fluorescent (18ml),69.054,,18,,8429551690546,8429551690546,EAN-13,https://cdn.shopify.com/s/files/1/0627/6159/9138/files/69054.webp?v=1771948048,https://spraygunner.com/products/vallejo-mecha-color-yellow-fluorescent-18ml,https://spraygunner.com/products/vallejo-mecha-color-yellow-fluorescent-18ml,published;check_digit_valid,paint,8429551690546,,2026-10-02
Vallejo,Mecha Color,Vallejo Mecha Color: Yellow Ochre (18ml),69.032,,18,,8429551690324,8429551690324,EAN-13,https://cdn.shopify.com/s/files/1/0627/6159/9138/files/69032.webp?v=1771946736,https://spraygunner.com/products/vallejo-mecha-color-yellow-ochre-18ml,https://spraygunner.com/products/vallejo-mecha-color-yellow-ochre-18ml,published;check_digit_valid,paint,8429551690324,,2026-10-02
Vallejo,Mecha Color,Vallejo Mecha Gloss Varnish 26.701 (60ml),26.701,,60,,8429551267014,8429551267014,EAN-13,https://cdn.shopify.com/s/files/1/0627/6159/9138/files/26701.webp?v=1777228959,https://spraygunner.com/products/vallejo-mecha-color-mecha-gloss-varnish-60ml,https://spraygunner.com/products/vallejo-mecha-color-mecha-gloss-varnish-60ml,published;check_digit_valid,varnish,8429551267014,,2026-10-02
Vallejo,Mecha Color,Vallejo Mecha Gloss Varnish 27.701 (200ml),27.701,,200,,8429551277013,8429551277013,EAN-13,https://cdn.shopify.com/s/files/1/0627/6159/9138/files/27701.webp?v=1777273667,https://spraygunner.com/products/vallejo-mecha-color-mecha-gloss-varnish-200ml,https://spraygunner.com/products/vallejo-mecha-color-mecha-gloss-varnish-200ml,published;check_digit_valid,varnish,8429551277013,,2026-10-02
Vallejo,Mecha Color,Vallejo Mecha Satin Varnish 27.703 (200ml),27.703,,200,,8429551277037,8429551277037,EAN-13,https://cdn.shopify.com/s/files/1/0627/6159/9138/files/27703.webp?v=1777272226,https://spraygunner.com/products/vallejo-mecha-color-mecha-satin-varnish-200ml,https://spraygunner.com/products/vallejo-mecha-color-mecha-satin-varnish-200ml,published;check_digit_valid,varnish,8429551277037,,2026-10-02
Vallejo,Metal Color,Vallejo Metal Color Aluminium (32mL),77.701,,32,,8429551777018,8429551777018,EAN-13,https://cdn.shopify.com/s/files/1/0627/6159/9138/files/77701.webp?v=1762448421,https://spraygunner.com/products/vallejo-metal-color-aluminium-32ml,https://spraygunner.com/products/vallejo-metal-color-aluminium-32ml,published;check_digit_valid,paint,8429551777018,,2026-10-02
Vallejo,Metal Color,Vallejo Metal Color Burnt Iron (32mL),77.721,,32,,8429551777216,8429551777216,EAN-13,https://cdn.shopify.com/s/files/1/0627/6159/9138/files/77721.webp?v=1762448430,https://spraygunner.com/products/vallejo-metal-color-burnt-iron-32ml,https://spraygunner.com/products/vallejo-metal-color-burnt-iron-32ml,published;check_digit_valid,paint,8429551777216,,2026-10-02
Vallejo,Metal Color,Vallejo Metal Color Chrome (32mL),77.707,,32,,8429551777070,8429551777070,EAN-13,https://cdn.shopify.com/s/files/1/0627/6159/9138/files/Vallejo-Metal-Color-Chrome-_32mL_-Vallejo-169195848.webp?v=1762448424,https://spraygunner.com/products/vallejo-metal-color-chrome-32ml,https://spraygunner.com/products/vallejo-metal-color-chrome-32ml,published;check_digit_valid,paint,8429551777070,,2026-10-02
Vallejo,Metal Color,Vallejo Metal Color Copper (32mL),77.710,,32,,8429551777100,8429551777100,EAN-13,https://cdn.shopify.com/s/files/1/0627/6159/9138/files/77710.webp?v=1762448426,https://spraygunner.com/products/vallejo-metal-color-copper-32ml,https://spraygunner.com/products/vallejo-metal-color-copper-32ml,published;check_digit_valid,paint,8429551777100,,2026-10-02
Vallejo,Metal Color,Vallejo Metal Color Dark Aluminium (32mL),77.703,,32,,8429551777032,8429551777032,EAN-13,https://cdn.shopify.com/s/files/1/0627/6159/9138/files/Vallejo-Metal-Color-Dark-Aluminium-_32mL_-Vallejo-169195674.webp?v=1762448423,https://spraygunner.com/products/vallejo-metal-color-dark-aluminium-32ml,https://spraygunner.com/products/vallejo-metal-color-dark-aluminium-32ml,published;check_digit_valid,paint,8429551777032,,2026-10-02
Vallejo,Metal Color,Vallejo Metal Color Dull Aluminium (32mL),77.717,,32,,8429551777179,8429551777179,EAN-13,https://cdn.shopify.com/s/files/1/0627/6159/9138/files/Vallejo-Metal-Color-Dull-Aluminium-_32mL_-Vallejo-169198663.webp?v=1762448428,https://spraygunner.com/products/vallejo-metal-color-dull-aluminium-32ml,https://spraygunner.com/products/vallejo-metal-color-dull-aluminium-32ml,published;check_digit_valid,paint,8429551777179,,2026-10-02
Vallejo,Metal Color,Vallejo Metal Color Duraluminium (32mL),77.702,,32,,8429551777025,8429551777025,EAN-13,https://cdn.shopify.com/s/files/1/0627/6159/9138/files/Vallejo-Metal-Color-Duraluminium-_32mL_-Vallejo-169195584.webp?v=1762448422,https://spraygunner.com/products/vallejo-metal-color-duraluminium-32ml,https://spraygunner.com/products/vallejo-metal-color-duraluminium-32ml,published;check_digit_valid,paint,8429551777025,,2026-10-02
Vallejo,Metal Color,Vallejo Metal Color Exhaust Manifold (32mL),77.723,,32,,8429551777230,8429551777230,EAN-13,https://cdn.shopify.com/s/files/1/0627/6159/9138/files/77723.webp?v=1762448431,https://spraygunner.com/products/vallejo-metal-color-exhaust-manifold-32ml,https://spraygunner.com/products/vallejo-metal-color-exhaust-manifold-32ml,published;check_digit_valid,paint,8429551777230,,2026-10-02
Vallejo,Metal Color,Vallejo Metal Color Gloss Black Primer,74.660,200 mL,200,,8429551746601,8429551746601,EAN-13,https://cdn.shopify.com/s/files/1/0627/6159/9138/files/73660-3.webp?v=1748808059,https://spraygunner.com/products/vallejo-metal-color-gloss-black-primer,https://www.rebel.pl/akcesoria/vallejo-74-660-surface-primer-gloss-black-primer-200-ml-2022165.html,published_alternate_source;check_digit_valid,primer,,Barcode obtained from alternate published listing. Original source barcode retained in source_barcode.,2026-10-02
Vallejo,Metal Color,Vallejo Metal Color Gloss Black Primer,77.660,32 mL,32,,8429551776608,8429551776608,EAN-13,https://cdn.shopify.com/s/files/1/0627/6159/9138/files/73660-1.webp?v=1762448415,https://spraygunner.com/products/vallejo-metal-color-gloss-black-primer,https://spraygunner.com/products/vallejo-metal-color-gloss-black-primer,published;check_digit_valid,primer,8429551776608,,2026-10-02
Vallejo,Metal Color,Vallejo Metal Color Gloss Black Primer,73.660,60 mL,60,,8429551736602,8429551736602,EAN-13,https://cdn.shopify.com/s/files/1/0627/6159/9138/files/73660-2.webp?v=1748808059,https://spraygunner.com/products/vallejo-metal-color-gloss-black-primer,https://www.hobbiesaustralia.com.au/vallejo-gloss-black-primer-60ml-73660,published_alternate_source;check_digit_valid,primer,,Barcode obtained from alternate published listing. Original source barcode retained in source_barcode.,2026-10-02
Vallejo,Metal Color,Vallejo Metal Color Gloss Metal Varnish (32mL),77.657,,32,,8429551776578,8429551776578,EAN-13,https://cdn.shopify.com/s/files/1/0627/6159/9138/files/77657.webp?v=1762448420,https://spraygunner.com/products/vallejo-metal-color-gloss-metal-varnish-32ml,https://spraygunner.com/products/vallejo-metal-color-gloss-metal-varnish-32ml,published;check_digit_valid,varnish,8429551776578,,2026-10-02
Vallejo,Metal Color,Vallejo Metal Color Gold (32mL),77.725,,32,,8429551777254,8429551777254,EAN-13,https://cdn.shopify.com/s/files/1/0627/6159/9138/files/Vallejo-Metal-Color-Gold-_32mL_-Vallejo-169200372.webp?v=1762448432,https://spraygunner.com/products/vallejo-metal-color-gold-32ml,https://spraygunner.com/products/vallejo-metal-color-gold-32ml,published;check_digit_valid,paint,8429551777254,,2026-10-02
Vallejo,Metal Color,Vallejo Metal Color Gunmetal Grey (32mL),77.720,,32,,8429551777209,8429551777209,EAN-13,https://cdn.shopify.com/s/files/1/0627/6159/9138/files/Vallejo-Metal-Color-Gunmetal-Grey-_32mL_-Vallejo-169198719.webp?v=1762448430,https://spraygunner.com/products/vallejo-metal-color-gunmetal-grey-32ml,https://spraygunner.com/products/vallejo-metal-color-gunmetal-grey-32ml,published;check_digit_valid,paint,8429551777209,,2026-10-02
Vallejo,Metal Color,Vallejo Metal Color Jet Exhaust (32mL),77.713,,32,,8429551777131,8429551777131,EAN-13,https://cdn.shopify.com/s/files/1/0627/6159/9138/files/77713.webp?v=1762448427,https://spraygunner.com/products/vallejo-metal-color-jet-exhaust-32ml,https://spraygunner.com/products/vallejo-metal-color-jet-exhaust-32ml,published;check_digit_valid,paint,8429551777131,,2026-10-02
Vallejo,Metal Color,Vallejo Metal Color Magnesium (32mL),77.711,,32,,8429551777117,8429551777117,EAN-13,https://cdn.shopify.com/s/files/1/0627/6159/9138/files/Vallejo-Metal-Color-Magnesium-_32mL_-Vallejo-169196962.webp?v=1762448426,https://spraygunner.com/products/vallejo-metal-color-magnesium-32ml,https://spraygunner.com/products/vallejo-metal-color-magnesium-32ml,published;check_digit_valid,paint,8429551777117,,2026-10-02
Vallejo,Metal Color,Vallejo Metal Color Pale Burnt Metal (32mL),77.704,,32,,8429551777049,8429551777049,EAN-13,https://cdn.shopify.com/s/files/1/0627/6159/9138/files/77704.webp?v=1762448423,https://spraygunner.com/products/vallejo-metal-color-pale-burnt-metal-32ml,https://spraygunner.com/products/vallejo-metal-color-pale-burnt-metal-32ml,published;check_digit_valid,paint,8429551777049,,2026-10-02
Vallejo,Metal Color,Vallejo Metal Color Semi Matt Aluminium (32mL),77.716,,32,,8429551777162,8429551777162,EAN-13,https://cdn.shopify.com/s/files/1/0627/6159/9138/files/Vallejo-Metal-Color-Semi-Matt-Aluminium-_32mL_-Vallejo-169198579.webp?v=1762448428,https://spraygunner.com/products/vallejo-metal-color-semi-matt-aluminium-32ml,https://spraygunner.com/products/vallejo-metal-color-semi-matt-aluminium-32ml,published;check_digit_valid,paint,8429551777162,,2026-10-02
Vallejo,Metal Color,Vallejo Metal Color Silver (32mL),77.724,,32,,8429551777247,8429551777247,EAN-13,https://cdn.shopify.com/s/files/1/0627/6159/9138/files/77724.webp?v=1762448431,https://spraygunner.com/products/vallejo-metal-color-silver-32ml,https://spraygunner.com/products/vallejo-metal-color-silver-32ml,published;check_digit_valid,paint,8429551777247,,2026-10-02
Vallejo,Metal Color,Vallejo Metal Color Steel (32mL),77.712,,32,,8429551777124,8429551777124,EAN-13,https://cdn.shopify.com/s/files/1/0627/6159/9138/files/Vallejo-Metal-Color-Steel-_32mL_-Vallejo-169197299.webp?v=1762448427,https://spraygunner.com/products/vallejo-metal-color-steel-32ml,https://spraygunner.com/products/vallejo-metal-color-steel-32ml,published;check_digit_valid,paint,8429551777124,,2026-10-02
Vallejo,Metal Color,Vallejo Metal Color Varnish 657 (60mL),26.657,,60,,8429551266574,8429551266574,EAN-13,https://cdn.shopify.com/s/files/1/0627/6159/9138/files/26657.webp?v=1762448322,https://spraygunner.com/products/vallejo-metal-color-varnish-657-60ml,https://spraygunner.com/products/vallejo-metal-color-varnish-657-60ml,published;check_digit_valid,varnish,8429551266574,,2026-10-02
Vallejo,Metal Color,Vallejo Metal Color White Aluminium (32mL),77.706,,32,,8429551777063,8429551777063,EAN-13,https://cdn.shopify.com/s/files/1/0627/6159/9138/files/Vallejo-Metal-Color-White-Aluminium-_32mL_-Vallejo-169195789.webp?v=1762448424,https://spraygunner.com/products/vallejo-metal-color-white-aluminium-32ml,https://spraygunner.com/products/vallejo-metal-color-white-aluminium-32ml,published;check_digit_valid,paint,8429551777063,,2026-10-02
Vallejo,Model Air,Vallejo Model Air A-14 Steel Grey 71.336 18ml Airbrush Paint,71.336,,18,,8429551713368,8429551713368,EAN-13,https://cdn.shopify.com/s/files/1/0627/6159/9138/files/71336.webp?v=1777361827,https://spraygunner.com/products/vallejo-model-air-a-14-steel-grey-18ml,https://spraygunner.com/products/vallejo-model-air-a-14-steel-grey-18ml,published;check_digit_valid,paint,8429551713368,,2026-10-02
Vallejo,Model Air,Vallejo Model Air Aluminum (Metallic) 18mL,71.062,,18,,8429551710626,8429551710626,EAN-13,https://cdn.shopify.com/s/files/1/0627/6159/9138/files/71062.webp?v=1762448331,https://spraygunner.com/products/vallejo-model-air-aluminum-metallic-18ml,https://spraygunner.com/products/vallejo-model-air-aluminum-metallic-18ml,published;check_digit_valid,paint,8429551710626,,2026-10-02
Vallejo,Model Air,Vallejo Model Air Black (18mL),71.057,,18,,8429551710572,8429551710572,EAN-13,https://cdn.shopify.com/s/files/1/0627/6159/9138/files/71057.webp?v=1762448330,https://spraygunner.com/products/vallejo-model-air-black-18ml,https://spraygunner.com/products/vallejo-model-air-black-18ml,published;check_digit_valid,paint,8429551710572,,2026-10-02
Vallejo,Model Air,Vallejo Model Air Chrome (Metallic) 18mL,71.064,,18,,8429551710640,8429551710640,EAN-13,https://cdn.shopify.com/s/files/1/0627/6159/9138/files/Vallejo-Model-Air-Chrome-_Metallic_-18mL-Vallejo-168619172.webp?v=1762448333,https://spraygunner.com/products/vallejo-model-air-chrome-metallic-18ml,https://spraygunner.com/products/vallejo-model-air-chrome-metallic-18ml,published;check_digit_valid,paint,8429551710640,,2026-10-02
Vallejo,Model Air,Vallejo Model Air Engine Grey (18mL),71.048,,18,,8429551710480,8429551710480,EAN-13,https://cdn.shopify.com/s/files/1/0627/6159/9138/files/71048.webp?v=1762448329,https://spraygunner.com/products/vallejo-model-air-engine-grey-18ml,https://spraygunner.com/products/vallejo-model-air-engine-grey-18ml,published;check_digit_valid,paint,8429551710480,,2026-10-02
Vallejo,Model Air,Vallejo Model Air Golden Brown 71.032 18ml Airbrush Paint,71.032,,18,,8429551710329,8429551710329,EAN-13,https://cdn.shopify.com/s/files/1/0627/6159/9138/files/71032.webp?v=1777399436,https://spraygunner.com/products/vallejo-model-air-golden-brown-18ml,https://spraygunner.com/products/vallejo-model-air-golden-brown-18ml,published;check_digit_valid,paint,8429551710329,,2026-10-02
Vallejo,Model Air,Vallejo Model Air Grey (18mL),71.047,,18,,8429551710473,8429551710473,EAN-13,https://cdn.shopify.com/s/files/1/0627/6159/9138/files/71047.webp?v=1762448329,https://spraygunner.com/products/vallejo-model-air-grey-18ml,https://spraygunner.com/products/vallejo-model-air-grey-18ml,published;check_digit_valid,paint,8429551710473,,2026-10-02
Vallejo,Model Air,Vallejo Model Air Gunmetal (Metallic) 18mL,71.072,,18,,8429551710725,8429551710725,EAN-13,https://cdn.shopify.com/s/files/1/0627/6159/9138/files/Vallejo-Model-Air-Gunmetal-_Metallic_-18mL-Vallejo-168619961.webp?v=1762448334,https://spraygunner.com/products/vallejo-model-air-gunmetal-metallic-18ml,https://spraygunner.com/products/vallejo-model-air-gunmetal-metallic-18ml,published;check_digit_valid,paint,8429551710725,,2026-10-02
Vallejo,Model Air,Vallejo Model Air NATO Black (18mL),71.251,,18,,8429551712514,8429551712514,EAN-13,https://cdn.shopify.com/s/files/1/0627/6159/9138/files/71251.webp?v=1762448376,https://spraygunner.com/products/vallejo-model-air-nato-black-18ml,https://spraygunner.com/products/vallejo-model-air-nato-black-18ml,published;check_digit_valid,paint,8429551712514,,2026-10-02
Vallejo,Model Air,Vallejo Model Air Rust (18mL),71.080,,18,,8429551710800,8429551710800,EAN-13,https://cdn.shopify.com/s/files/1/0627/6159/9138/files/Vallejo-Model-Air-Rust-_18mL_-Vallejo-168620023.webp?v=1762448335,https://spraygunner.com/products/vallejo-model-air-rust-18ml,https://spraygunner.com/products/vallejo-model-air-rust-18ml,published;check_digit_valid,paint,8429551710800,,2026-10-02
Vallejo,Model Air,Vallejo Model Air Rust (Metallic) 18mL,71.069,,18,,8429551710695,8429551710695,EAN-13,https://cdn.shopify.com/s/files/1/0627/6159/9138/files/Vallejo-Model-Air-Rust-_Metallic_-18mL-Vallejo-168619575.webp?v=1762448334,https://spraygunner.com/products/vallejo-model-air-rust-metallic-18ml,https://spraygunner.com/products/vallejo-model-air-rust-metallic-18ml,published;check_digit_valid,paint,8429551710695,,2026-10-02
Vallejo,Model Air,Vallejo Model Air Silver RLM01 (Metallic) 18mL,71.063,,18,,8429551710633,8429551710633,EAN-13,https://cdn.shopify.com/s/files/1/0627/6159/9138/files/71063.webp?v=1762448331,https://spraygunner.com/products/vallejo-model-air-silver-rlm01-metallic-18ml,https://spraygunner.com/products/vallejo-model-air-silver-rlm01-metallic-18ml,published;check_digit_valid,paint,8429551710633,,2026-10-02
Vallejo,Model Air,Vallejo Model Air Steel (Metallic) 18mL,71.065,,18,,8429551710657,8429551710657,EAN-13,https://cdn.shopify.com/s/files/1/0627/6159/9138/files/Vallejo-Model-Air-Steel-_Metallic_-18mL-Vallejo-168619498.webp?v=1762448333,https://spraygunner.com/products/vallejo-model-air-steel-metallic-18ml,https://spraygunner.com/products/vallejo-model-air-steel-metallic-18ml,published;check_digit_valid,paint,8429551710657,,2026-10-02
Vallejo,Model Air,Vallejo Model Air USAF Olive Drab (18mL),71.016,,18,,8429551710169,8429551710169,EAN-13,https://cdn.shopify.com/s/files/1/0627/6159/9138/files/71016.webp?v=1762448327,https://spraygunner.com/products/vallejo-model-air-usaf-olive-drab-18ml,https://spraygunner.com/products/vallejo-model-air-usaf-olive-drab-18ml,published;check_digit_valid,paint,8429551710169,,2026-10-02
Vallejo,Model Air,Vallejo Model Air White (18mL),71.001,,18,,8429551710015,8429551710015,EAN-13,https://cdn.shopify.com/s/files/1/0627/6159/9138/files/Vallejo-Model-Air-White-_18mL_-Vallejo-168618454.webp?v=1762448327,https://spraygunner.com/products/vallejo-model-air-white-18ml,https://spraygunner.com/products/vallejo-model-air-white-18ml,published;check_digit_valid,paint,8429551710015,,2026-10-02
Vallejo,Model Air,Vallejo Model Air: 3B Russian Green (18ml),71.281,,18,,8429551712811,8429551712811,EAN-13,https://cdn.shopify.com/s/files/1/0627/6159/9138/files/71281.webp?v=1758466627,https://spraygunner.com/products/vallejo-model-air-3b-russian-green-18ml,https://spraygunner.com/products/vallejo-model-air-3b-russian-green-18ml,published;check_digit_valid,paint,8429551712811,,2026-10-02
Vallejo,Model Air,Vallejo Model Air: 6K Russian Brown (18ml),71.282,,18,,8429551712828,8429551712828,EAN-13,https://cdn.shopify.com/s/files/1/0627/6159/9138/files/71282.webp?v=1758466700,https://spraygunner.com/products/vallejo-model-air-6k-russian-brown-18ml,https://spraygunner.com/products/vallejo-model-air-6k-russian-brown-18ml,published;check_digit_valid,paint,8429551712828,,2026-10-02
Vallejo,Model Air,Vallejo Model Air: 7K Russian Tan (18ml),71.283,,18,,8429551712835,8429551712835,EAN-13,https://cdn.shopify.com/s/files/1/0627/6159/9138/files/71283.webp?v=1758466777,https://spraygunner.com/products/vallejo-model-air-7k-russian-tan-18ml,https://spraygunner.com/products/vallejo-model-air-7k-russian-tan-18ml,published;check_digit_valid,paint,8429551712835,,2026-10-02
Vallejo,Model Air,Vallejo Model Air: A-24M Camouflage Green (18ml),71.303,,18,,8429551713030,8429551713030,EAN-13,https://cdn.shopify.com/s/files/1/0627/6159/9138/files/71303.webp?v=1758469904,https://spraygunner.com/products/vallejo-model-air-a-24m-camouflage-green-18ml,https://spraygunner.com/products/vallejo-model-air-a-24m-camouflage-green-18ml,published;check_digit_valid,paint,8429551713030,,2026-10-02
Vallejo,Model Air,Vallejo Model Air: A-28M Greyish Blue (18ml),71.319,,18,,8429551713191,8429551713191,EAN-13,https://cdn.shopify.com/s/files/1/0627/6159/9138/files/71319.webp?v=1758471807,https://spraygunner.com/products/vallejo-model-air-a-28m-greyish-blue-18ml,https://spraygunner.com/products/vallejo-model-air-a-28m-greyish-blue-18ml,published;check_digit_valid,paint,8429551713191,,2026-10-02
Vallejo,Model Air,Vallejo Model Air: AII SV. Gol Light Blue (18ml),71.317,,18,,8429551713177,8429551713177,EAN-13,https://cdn.shopify.com/s/files/1/0627/6159/9138/files/71317.webp?v=1758471579,https://spraygunner.com/products/vallejo-model-air-aii-sv-gol-light-blue-18ml,https://spraygunner.com/products/vallejo-model-air-aii-sv-gol-light-blue-18ml,published;check_digit_valid,paint,8429551713177,,2026-10-02
Vallejo,Model Air,Vallejo Model Air: AMT-1 Light Grey Brown (18ml),71.320,,18,,8429551713207,8429551713207,EAN-13,https://cdn.shopify.com/s/files/1/0627/6159/9138/files/71320.webp?v=1758471884,https://spraygunner.com/products/vallejo-model-air-amt-1-light-grey-brown-18ml,https://spraygunner.com/products/vallejo-model-air-amt-1-light-grey-brown-18ml,published;check_digit_valid,paint,8429551713207,,2026-10-02
Vallejo,Model Air,Vallejo Model Air: AMT-11 Blue Grey (18ml),71.304,,18,,8429551713047,8429551713047,EAN-13,https://cdn.shopify.com/s/files/1/0627/6159/9138/files/71304.webp?v=1758469983,https://spraygunner.com/products/vallejo-model-air-amt-11-blue-grey-18ml,https://spraygunner.com/products/vallejo-model-air-amt-11-blue-grey-18ml,published;check_digit_valid,paint,8429551713047,,2026-10-02
Vallejo,Model Air,Vallejo Model Air: AMT-12 Dark Grey (18ml),71.308,,18,,8429551713085,8429551713085,EAN-13,https://cdn.shopify.com/s/files/1/0627/6159/9138/files/71308.webp?v=1758470860,https://spraygunner.com/products/vallejo-model-air-amt-12-dark-grey-18ml,https://spraygunner.com/products/vallejo-model-air-amt-12-dark-grey-18ml,published;check_digit_valid,paint,8429551713085,,2026-10-02
Vallejo,Model Air,Vallejo Model Air: AMT-4 Camouflage Green (18ml),71.301,,18,,8429551713016,8429551713016,EAN-13,https://cdn.shopify.com/s/files/1/0627/6159/9138/files/71301.webp?v=1758469710,https://spraygunner.com/products/vallejo-model-air-amt-4-camouflage-green-18ml,https://spraygunner.com/products/vallejo-model-air-amt-4-camouflage-green-18ml,published;check_digit_valid,paint,8429551713016,,2026-10-02
Vallejo,Model Air,Vallejo Model Air: AMT-7 Greyish Blue (18ml),71.318,,18,,8429551713184,8429551713184,EAN-13,https://cdn.shopify.com/s/files/1/0627/6159/9138/files/71318.webp?v=1758471683,https://spraygunner.com/products/vallejo-model-air-amt-7-greyish-blue-18ml,https://spraygunner.com/products/vallejo-model-air-amt-7-greyish-blue-18ml,published;check_digit_valid,paint,8429551713184,,2026-10-02
Vallejo,Model Air,Vallejo Model Air: Aged White (18ml),71.132,,18,,8429551711326,8429551711326,EAN-13,https://cdn.shopify.com/s/files/1/0627/6159/9138/files/71132.webp?v=1758228281,https://spraygunner.com/products/vallejo-model-air-aged-white-18ml,https://spraygunner.com/products/vallejo-model-air-aged-white-18ml,published;check_digit_valid,paint,8429551711326,,2026-10-02
Vallejo,Model Air,Vallejo Model Air: Aggressor Gray (18ml),71.274,,18,,8429551712743,8429551712743,EAN-13,https://cdn.shopify.com/s/files/1/0627/6159/9138/files/71274.webp?v=1758466012,https://spraygunner.com/products/vallejo-model-air-aggressor-gray-18ml,https://spraygunner.com/products/vallejo-model-air-aggressor-gray-18ml,published;check_digit_valid,paint,8429551712743,,2026-10-02
Vallejo,Model Air,Vallejo Model Air: Anthracite Grey (18ml),71.052,,18,,8429551710527,8429551710527,EAN-13,https://cdn.shopify.com/s/files/1/0627/6159/9138/files/71052.webp?v=1758221424,https://spraygunner.com/products/vallejo-model-air-anthracite-grey-18ml,https://spraygunner.com/products/vallejo-model-air-anthracite-grey-18ml,published;check_digit_valid,paint,8429551710527,,2026-10-02
Vallejo,Model Air,Vallejo Model Air: Arctic Blue (Metallic) (18ml),71.071,,18,,8429551710718,8429551710718,EAN-13,https://cdn.shopify.com/s/files/1/0627/6159/9138/files/71071.webp?v=1758222192,https://spraygunner.com/products/vallejo-model-air-arctic-blue-metallic-18ml,https://spraygunner.com/products/vallejo-model-air-arctic-blue-metallic-18ml,published;check_digit_valid,paint,8429551710718,,2026-10-02
Vallejo,Model Air,Vallejo Model Air: Armour Brown RAL8017 (18ml),71.041,,18,,8429551710411,8429551710411,EAN-13,https://cdn.shopify.com/s/files/1/0627/6159/9138/files/71041.webp?v=1758212260,https://spraygunner.com/products/vallejo-model-air-armour-brown-ral8017-18ml,https://spraygunner.com/products/vallejo-model-air-armour-brown-ral8017-18ml,published;check_digit_valid,paint,8429551710411,,2026-10-02
Vallejo,Model Air,Vallejo Model Air: BS Dark Earth (18ml),71.323,,18,,8429551713238,8429551713238,EAN-13,https://cdn.shopify.com/s/files/1/0627/6159/9138/files/71323.webp?v=1758472121,https://spraygunner.com/products/vallejo-model-air-bs-dark-earth-18ml,https://spraygunner.com/products/vallejo-model-air-bs-dark-earth-18ml,published;check_digit_valid,paint,8429551713238,,2026-10-02
Vallejo,Model Air,Vallejo Model Air: BS Dark Green (18ml),71.324,,18,,8429551713245,8429551713245,EAN-13,https://cdn.shopify.com/s/files/1/0627/6159/9138/files/71324.webp?v=1758472192,https://spraygunner.com/products/vallejo-model-air-bs-dark-green-18ml,https://spraygunner.com/products/vallejo-model-air-bs-dark-green-18ml,published;check_digit_valid,paint,8429551713245,,2026-10-02
Vallejo,Model Air,Vallejo Model Air: BS Medium Sea Grey (18ml),71.307,,18,,8429551713078,8429551713078,EAN-13,https://cdn.shopify.com/s/files/1/0627/6159/9138/files/71307.webp?v=1758470233,https://spraygunner.com/products/vallejo-model-air-bs-medium-sea-grey-18ml,https://spraygunner.com/products/vallejo-model-air-bs-medium-sea-grey-18ml,published;check_digit_valid,medium/auxiliary,8429551713078,,2026-10-02
Vallejo,Model Air,Vallejo Model Air: Beige (18ml),71.074,,18,,8429551710749,8429551710749,EAN-13,https://cdn.shopify.com/s/files/1/0627/6159/9138/files/71074.webp?v=1758222367,https://spraygunner.com/products/vallejo-model-air-beige-18ml,https://spraygunner.com/products/vallejo-model-air-beige-18ml,published;check_digit_valid,paint,8429551710749,,2026-10-02
Vallejo,Model Air,Vallejo Model Air: Black (Metallic) (18ml),71.073,,18,,8429551710732,8429551710732,EAN-13,https://cdn.shopify.com/s/files/1/0627/6159/9138/files/71073.webp?v=1758222279,https://spraygunner.com/products/vallejo-model-air-black-metallic-18ml,https://spraygunner.com/products/vallejo-model-air-black-metallic-18ml,published;check_digit_valid,paint,8429551710732,,2026-10-02
Vallejo,Model Air,Vallejo Model Air: Black Green (18ml),71.018,,18,,8429551710183,8429551710183,EAN-13,https://cdn.shopify.com/s/files/1/0627/6159/9138/files/71018.webp?v=1758209791,https://spraygunner.com/products/vallejo-model-air-black-green-18ml,https://spraygunner.com/products/vallejo-model-air-black-green-18ml,published;check_digit_valid,paint,8429551710183,,2026-10-02
Vallejo,Model Air,Vallejo Model Air: Black Green RLM70 (18ml),71.021,,18,,8429551710213,8429551710213,EAN-13,https://cdn.shopify.com/s/files/1/0627/6159/9138/files/71021.webp?v=1758210092,https://spraygunner.com/products/vallejo-model-air-black-green-rlm70-18ml,https://spraygunner.com/products/vallejo-model-air-black-green-rlm70-18ml,published;check_digit_valid,paint,8429551710213,,2026-10-02
Vallejo,Model Air,Vallejo Model Air: Black Grey RLM66 (18ml),71.055,,18,,8429551710558,8429551710558,EAN-13,https://cdn.shopify.com/s/files/1/0627/6159/9138/files/71055.webp?v=1758221671,https://spraygunner.com/products/vallejo-model-air-black-grey-rlm66-18ml,https://spraygunner.com/products/vallejo-model-air-black-grey-rlm66-18ml,published;check_digit_valid,paint,8429551710558,,2026-10-02
Vallejo,Model Air,Vallejo Model Air: Blue (18ml),71.004,,18,,8429551710046,8429551710046,EAN-13,https://cdn.shopify.com/s/files/1/0627/6159/9138/files/71004.webp?v=1758208462,https://spraygunner.com/products/vallejo-model-air-blue-18ml,https://spraygunner.com/products/vallejo-model-air-blue-18ml,published;check_digit_valid,paint,8429551710046,,2026-10-02
Vallejo,Model Air,Vallejo Model Air: Blue Grey RAL7016 (18ml),71.115,,18,,8429551711159,8429551711159,EAN-13,https://cdn.shopify.com/s/files/1/0627/6159/9138/files/71115.webp?v=1758226780,https://spraygunner.com/products/vallejo-model-air-blue-grey-ral7016-18ml,https://spraygunner.com/products/vallejo-model-air-blue-grey-ral7016-18ml,published;check_digit_valid,paint,8429551711159,,2026-10-02
Vallejo,Model Air,Vallejo Model Air: Bright Brass (Metallic) (18ml),71.067,,18,,8429551710671,8429551710671,EAN-13,https://cdn.shopify.com/s/files/1/0627/6159/9138/files/71067.webp?v=1758221934,https://spraygunner.com/products/vallejo-model-air-bright-brass-metallic-18ml,https://spraygunner.com/products/vallejo-model-air-bright-brass-metallic-18ml,published;check_digit_valid,paint,8429551710671,,2026-10-02
Vallejo,Model Air,Vallejo Model Air: Bronze Green RAL6031 (18ml),71.250,,18,,8429551712507,8429551712507,EAN-13,https://cdn.shopify.com/s/files/1/0627/6159/9138/files/71250.webp?v=1758462244,https://spraygunner.com/products/vallejo-model-air-bronze-green-ral6031-18ml,https://spraygunner.com/products/vallejo-model-air-bronze-green-ral6031-18ml,published;check_digit_valid,paint,8429551712507,,2026-10-02
Vallejo,Model Air,Vallejo Model Air: Brown Green (18ml),71.030,,18,,8429551710305,8429551710305,EAN-13,https://cdn.shopify.com/s/files/1/0627/6159/9138/files/71030.webp?v=1758211115,https://spraygunner.com/products/vallejo-model-air-brown-green-18ml,https://spraygunner.com/products/vallejo-model-air-brown-green-18ml,published;check_digit_valid,paint,8429551710305,,2026-10-02
Vallejo,Model Air,Vallejo Model Air: Brown Grey (18ml),71.248,,18,,8429551712484,8429551712484,EAN-13,https://cdn.shopify.com/s/files/1/0627/6159/9138/files/71248.webp?v=1758462005,https://spraygunner.com/products/vallejo-model-air-brown-grey-18ml,https://spraygunner.com/products/vallejo-model-air-brown-grey-18ml,published;check_digit_valid,paint,8429551712484,,2026-10-02
Vallejo,Model Air,Vallejo Model Air: Brown RAL8020 (18ml),71.117,,18,,8429551711173,8429551711173,EAN-13,https://cdn.shopify.com/s/files/1/0627/6159/9138/files/71117.webp?v=1758226971,https://spraygunner.com/products/vallejo-model-air-brown-ral8020-18ml,https://spraygunner.com/products/vallejo-model-air-brown-ral8020-18ml,published;check_digit_valid,paint,8429551711173,,2026-10-02
Vallejo,Model Air,Vallejo Model Air: Brown RLM26 (18ml),71.105,,18,,8429551711050,8429551711050,EAN-13,https://cdn.shopify.com/s/files/1/0627/6159/9138/files/71105.webp?v=1758225654,https://spraygunner.com/products/vallejo-model-air-brown-rlm26-18ml,https://spraygunner.com/products/vallejo-model-air-brown-rlm26-18ml,published;check_digit_valid,paint,8429551711050,,2026-10-02
Vallejo,Model Air,Vallejo Model Air: Brown Violet RLM81 (18ml),71.264,,18,,8429551712644,8429551712644,EAN-13,https://cdn.shopify.com/s/files/1/0627/6159/9138/files/71264.webp?v=1758462992,https://spraygunner.com/products/vallejo-model-air-brown-violet-rlm81-18ml,https://spraygunner.com/products/vallejo-model-air-brown-violet-rlm81-18ml,published;check_digit_valid,paint,8429551712644,,2026-10-02
Vallejo,Model Air,Vallejo Model Air: Burnt Umber (18ml),71.040,,18,,8429551710404,8429551710404,EAN-13,https://cdn.shopify.com/s/files/1/0627/6159/9138/files/71040.webp?v=1758212176,https://spraygunner.com/products/vallejo-model-air-burnt-umber-18ml,https://spraygunner.com/products/vallejo-model-air-burnt-umber-18ml,published;check_digit_valid,paint,8429551710404,,2026-10-02
Vallejo,Model Air,Vallejo Model Air: Camouflage Gray (18ml),71.280,,18,,8429551712804,8429551712804,EAN-13,https://cdn.shopify.com/s/files/1/0627/6159/9138/files/71280.webp?v=1758466552,https://spraygunner.com/products/vallejo-model-air-camouflage-gray-18ml,https://spraygunner.com/products/vallejo-model-air-camouflage-gray-18ml,published;check_digit_valid,paint,8429551712804,,2026-10-02
Vallejo,Model Air,Vallejo Model Air: Camouflage Medium Brown (18ml),71.038,,18,,8429551710381,8429551710381,EAN-13,https://cdn.shopify.com/s/files/1/0627/6159/9138/files/71038.webp?v=1758211961,https://spraygunner.com/products/vallejo-model-air-camouflage-medium-brown-18ml,https://spraygunner.com/products/vallejo-model-air-camouflage-medium-brown-18ml,published;check_digit_valid,medium/auxiliary,8429551710381,,2026-10-02
Vallejo,Model Air,Vallejo Model Air: Camouflage Pale Brown (18ml),71.035,,18,,8429551710350,8429551710350,EAN-13,https://cdn.shopify.com/s/files/1/0627/6159/9138/files/71035.webp?v=1758211628,https://spraygunner.com/products/vallejo-model-air-camouflage-pale-brown-18ml,https://spraygunner.com/products/vallejo-model-air-camouflage-pale-brown-18ml,published;check_digit_valid,paint,8429551710350,,2026-10-02
Vallejo,Model Air,Vallejo Model Air: Cement Grey (18ml),71.045,,18,,8429551710459,8429551710459,EAN-13,https://cdn.shopify.com/s/files/1/0627/6159/9138/files/71045.webp?v=1758220966,https://spraygunner.com/products/vallejo-model-air-cement-grey-18ml,https://spraygunner.com/products/vallejo-model-air-cement-grey-18ml,published;check_digit_valid,paint,8429551710459,,2026-10-02
Vallejo,Model Air,Vallejo Model Air: Cockpit Emerald Green “Faded” (18ml),71.331,,18,,8429551713313,8429551713313,EAN-13,https://cdn.shopify.com/s/files/1/0627/6159/9138/files/71331.webp?v=1758472748,https://spraygunner.com/products/vallejo-model-air-cockpit-emerald-green-faded-18ml,https://spraygunner.com/products/vallejo-model-air-cockpit-emerald-green-faded-18ml,published;check_digit_valid,paint,8429551713313,,2026-10-02
Vallejo,Model Air,Vallejo Model Air: Concrete (18ml),71.131,,18,,8429551711319,8429551711319,EAN-13,https://cdn.shopify.com/s/files/1/0627/6159/9138/files/71131.webp?v=1758228206,https://spraygunner.com/products/vallejo-model-air-concrete-18ml,https://spraygunner.com/products/vallejo-model-air-concrete-18ml,published;check_digit_valid,paint,8429551711319,,2026-10-02
Vallejo,Model Air,Vallejo Model Air: Copper (Metallic) (18ml),71.068,,18,,8429551710688,8429551710688,EAN-13,https://cdn.shopify.com/s/files/1/0627/6159/9138/files/71068.webp?v=1758222028,https://spraygunner.com/products/vallejo-model-air-copper-metallic-18ml,https://spraygunner.com/products/vallejo-model-air-copper-metallic-18ml,published;check_digit_valid,paint,8429551710688,,2026-10-02
Vallejo,Model Air,Vallejo Model Air: Dark Blue RLM24 (18ml),71.266,,18,,8429551712668,8429551712668,EAN-13,https://cdn.shopify.com/s/files/1/0627/6159/9138/files/71266.webp?v=1758463454,https://spraygunner.com/products/vallejo-model-air-dark-blue-rlm24-18ml,https://spraygunner.com/products/vallejo-model-air-dark-blue-rlm24-18ml,published;check_digit_valid,paint,8429551712668,,2026-10-02
Vallejo,Model Air,Vallejo Model Air: Dark Brown RLM61 (18ml),71.042,,18,,8429551710428,8429551710428,EAN-13,https://cdn.shopify.com/s/files/1/0627/6159/9138/files/71042.webp?v=1758212355,https://spraygunner.com/products/vallejo-model-air-dark-brown-rlm61-18ml,https://spraygunner.com/products/vallejo-model-air-dark-brown-rlm61-18ml,published;check_digit_valid,paint,8429551710428,,2026-10-02
Vallejo,Model Air,Vallejo Model Air: Dark Earth (18ml),71.029,,18,,8429551710299,8429551710299,EAN-13,https://cdn.shopify.com/s/files/1/0627/6159/9138/files/71029.webp?v=1758211001,https://spraygunner.com/products/vallejo-model-air-dark-earth-18ml,https://spraygunner.com/products/vallejo-model-air-dark-earth-18ml,published;check_digit_valid,paint,8429551710299,,2026-10-02
Vallejo,Model Air,Vallejo Model Air: Dark Gray (18ml),71.110,,18,,8429551711104,8429551711104,EAN-13,https://cdn.shopify.com/s/files/1/0627/6159/9138/files/71110.webp?v=1758226252,https://spraygunner.com/products/vallejo-model-air-dark-gray-18ml,https://spraygunner.com/products/vallejo-model-air-dark-gray-18ml,published;check_digit_valid,paint,8429551711104,,2026-10-02
Vallejo,Model Air,Vallejo Model Air: Dark Green (18ml),71.012,,18,,8429551710121,8429551710121,EAN-13,https://cdn.shopify.com/s/files/1/0627/6159/9138/files/71012.webp?v=1758209334,https://spraygunner.com/products/vallejo-model-air-dark-green-18ml,https://spraygunner.com/products/vallejo-model-air-dark-green-18ml,published;check_digit_valid,paint,8429551710121,,2026-10-02
Vallejo,Model Air,Vallejo Model Air: Dark Green RAL6007 (18ml),71.019,,18,,8429551710190,8429551710190,EAN-13,https://cdn.shopify.com/s/files/1/0627/6159/9138/files/71019.webp?v=1758209913,https://spraygunner.com/products/vallejo-model-air-dark-green-ral6007-18ml,https://spraygunner.com/products/vallejo-model-air-dark-green-ral6007-18ml,published;check_digit_valid,paint,8429551710190,,2026-10-02
Vallejo,Model Air,Vallejo Model Air: Dark Green RLM71 (18ml),71.015,,18,,8429551710152,8429551710152,EAN-13,https://cdn.shopify.com/s/files/1/0627/6159/9138/files/71015.webp?v=1758209586,https://spraygunner.com/products/vallejo-model-air-dark-green-rlm71-18ml,https://spraygunner.com/products/vallejo-model-air-dark-green-rlm71-18ml,published;check_digit_valid,paint,8429551710152,,2026-10-02
Vallejo,Model Air,Vallejo Model Air: Dark Green RLM83 (18ml),71.011,,18,,8429551710114,8429551710114,EAN-13,https://cdn.shopify.com/s/files/1/0627/6159/9138/files/71011.webp?v=1758209225,https://spraygunner.com/products/vallejo-model-air-dark-green-rlm83-18ml,https://spraygunner.com/products/vallejo-model-air-dark-green-rlm83-18ml,published;check_digit_valid,paint,8429551710114,,2026-10-02
Vallejo,Model Air,Vallejo Model Air: Dark Grey Blue (18ml),71.054,,18,,8429551710541,8429551710541,EAN-13,https://cdn.shopify.com/s/files/1/0627/6159/9138/files/71054.webp?v=1758221576,https://spraygunner.com/products/vallejo-model-air-dark-grey-blue-18ml,https://spraygunner.com/products/vallejo-model-air-dark-grey-blue-18ml,published;check_digit_valid,paint,8429551710541,,2026-10-02
Vallejo,Model Air,Vallejo Model Air: Dark Grey RLM42 (18ml),71.123,,18,,8429551711234,8429551711234,EAN-13,https://cdn.shopify.com/s/files/1/0627/6159/9138/files/71123.webp?v=1758227641,https://spraygunner.com/products/vallejo-model-air-dark-grey-rlm42-18ml,https://spraygunner.com/products/vallejo-model-air-dark-grey-rlm42-18ml,published;check_digit_valid,paint,8429551711234,,2026-10-02
Vallejo,Model Air,Vallejo Model Air: Dark Gull Gray (18ml),71.277,,18,,8429551712774,8429551712774,EAN-13,https://cdn.shopify.com/s/files/1/0627/6159/9138/files/71277.webp?v=1758466267,https://spraygunner.com/products/vallejo-model-air-dark-gull-gray-18ml,https://spraygunner.com/products/vallejo-model-air-dark-gull-gray-18ml,published;check_digit_valid,paint,8429551712774,,2026-10-02
Vallejo,Model Air,Vallejo Model Air: Dark Mediterranean Blue (18ml),71.313,,18,,8429551713139,8429551713139,EAN-13,https://cdn.shopify.com/s/files/1/0627/6159/9138/files/71313.webp?v=1758471244,https://spraygunner.com/products/vallejo-model-air-dark-mediterranean-blue-18ml,https://spraygunner.com/products/vallejo-model-air-dark-mediterranean-blue-18ml,published;check_digit_valid,paint,8429551713139,,2026-10-02
Vallejo,Model Air,Vallejo Model Air: Dark Sea Gray (18ml),71.053,,18,,8429551710534,8429551710534,EAN-13,https://cdn.shopify.com/s/files/1/0627/6159/9138/files/71053.webp?v=1758221500,https://spraygunner.com/products/vallejo-model-air-dark-sea-gray-18ml,https://spraygunner.com/products/vallejo-model-air-dark-sea-gray-18ml,published;check_digit_valid,paint,8429551710534,,2026-10-02
Vallejo,Model Air,Vallejo Model Air: Dark Slate Grey (18ml),71.309,,18,,8429551713092,8429551713092,EAN-13,https://cdn.shopify.com/s/files/1/0627/6159/9138/files/71309.webp?v=1758470941,https://spraygunner.com/products/vallejo-model-air-dark-slate-grey-18ml,https://spraygunner.com/products/vallejo-model-air-dark-slate-grey-18ml,published;check_digit_valid,paint,8429551713092,,2026-10-02
Vallejo,Model Air,Vallejo Model Air: Dark Yellow RAL7028 (18ml),71.025,,18,,8429551710251,8429551710251,EAN-13,https://cdn.shopify.com/s/files/1/0627/6159/9138/files/71025.webp?v=1758210562,https://spraygunner.com/products/vallejo-model-air-dark-yellow-ral7028-18ml,https://spraygunner.com/products/vallejo-model-air-dark-yellow-ral7028-18ml,published;check_digit_valid,paint,8429551710251,,2026-10-02
Vallejo,Model Air,Vallejo Model Air: Deep Sky (18ml),71.090,,18,,8429551710909,8429551710909,EAN-13,https://cdn.shopify.com/s/files/1/0627/6159/9138/files/71090.webp?v=1758223950,https://spraygunner.com/products/vallejo-model-air-deep-sky-18ml,https://spraygunner.com/products/vallejo-model-air-deep-sky-18ml,published;check_digit_valid,paint,8429551710909,,2026-10-02
Vallejo,Model Air,Vallejo Model Air: Dirt (18ml),71.133,,18,,8429551711333,8429551711333,EAN-13,https://cdn.shopify.com/s/files/1/0627/6159/9138/files/71133_8a568bd2-310b-4382-a18f-81c132aa4888.webp?v=1758228378,https://spraygunner.com/products/vallejo-model-air-dirt-18ml,https://spraygunner.com/products/vallejo-model-air-dirt-18ml,published;check_digit_valid,paint,8429551711333,,2026-10-02
Vallejo,Model Air,Vallejo Model Air: Eau de Nil “Duck Egg Green” (18ml),71.009,,18,,8429551710091,8429551710091,EAN-13,https://cdn.shopify.com/s/files/1/0627/6159/9138/files/71009.webp?v=1758208880,https://spraygunner.com/products/vallejo-model-air-eau-de-nil-duck-egg-green-18ml,https://spraygunner.com/products/vallejo-model-air-eau-de-nil-duck-egg-green-18ml,published;check_digit_valid,paint,8429551710091,,2026-10-02
Vallejo,Model Air,Vallejo Model Air: Faded P.R.U. Blue M-485 Blue Gray (18ml),71.109,,18,,8429551711098,8429551711098,EAN-13,https://cdn.shopify.com/s/files/1/0627/6159/9138/files/71109.webp?v=1758226136,https://spraygunner.com/products/vallejo-model-air-faded-p-r-u-blue-m-485-blue-gray-18ml,https://spraygunner.com/products/vallejo-model-air-faded-p-r-u-blue-m-485-blue-gray-18ml,published;check_digit_valid,paint,8429551711098,,2026-10-02
Vallejo,Model Air,Vallejo Model Air: Ferrari Red (18ml),71.085,,18,,8429551710855,8429551710855,EAN-13,https://cdn.shopify.com/s/files/1/0627/6159/9138/files/71085.webp?v=1758223340,https://spraygunner.com/products/vallejo-model-air-ferrari-red-18ml,https://spraygunner.com/products/vallejo-model-air-ferrari-red-18ml,published;check_digit_valid,paint,8429551710855,,2026-10-02
Vallejo,Model Air,Vallejo Model Air: Fire Red (18ml),71.084,,18,,8429551710848,8429551710848,EAN-13,https://cdn.shopify.com/s/files/1/0627/6159/9138/files/71084.webp?v=1758223245,https://spraygunner.com/products/vallejo-model-air-fire-red-18ml,https://spraygunner.com/products/vallejo-model-air-fire-red-18ml,published;check_digit_valid,paint,8429551710848,,2026-10-02
Vallejo,Model Air,Vallejo Model Air: Flanker Blue (18ml),71.337,,18,,8429551713375,8429551713375,EAN-13,https://cdn.shopify.com/s/files/1/0627/6159/9138/files/71337.webp?v=1758473223,https://spraygunner.com/products/vallejo-model-air-flanker-blue-18ml,https://spraygunner.com/products/vallejo-model-air-flanker-blue-18ml,published;check_digit_valid,paint,8429551713375,,2026-10-02
Vallejo,Model Air,Vallejo Model Air: Flanker Light Blue (18ml),71.334,,18,,8429551713344,8429551713344,EAN-13,https://cdn.shopify.com/s/files/1/0627/6159/9138/files/71334.webp?v=1758472988,https://spraygunner.com/products/vallejo-model-air-flanker-light-blue-18ml,https://spraygunner.com/products/vallejo-model-air-flanker-light-blue-18ml,published;check_digit_valid,paint,8429551713344,,2026-10-02
Vallejo,Model Air,Vallejo Model Air: Flanker Light Gray (18ml),71.335,,18,,8429551713351,8429551713351,EAN-13,https://cdn.shopify.com/s/files/1/0627/6159/9138/files/71335.webp?v=1758473064,https://spraygunner.com/products/vallejo-model-air-flanker-light-gray-18ml,https://spraygunner.com/products/vallejo-model-air-flanker-light-gray-18ml,published;check_digit_valid,paint,8429551713351,,2026-10-02
Vallejo,Model Air,Vallejo Model Air: Fluorescent Red (18ml),71.082,,18,,8429551710824,8429551710824,EAN-13,https://cdn.shopify.com/s/files/1/0627/6159/9138/files/71082.webp?v=1758223052,https://spraygunner.com/products/vallejo-model-air-fluorescent-red-18ml,https://spraygunner.com/products/vallejo-model-air-fluorescent-red-18ml,published;check_digit_valid,paint,8429551710824,,2026-10-02
Vallejo,Model Air,Vallejo Model Air: French Blue (18ml),71.088,,18,,8429551710886,8429551710886,EAN-13,https://cdn.shopify.com/s/files/1/0627/6159/9138/files/71088.webp?v=1758223664,https://spraygunner.com/products/vallejo-model-air-french-blue-18ml,https://spraygunner.com/products/vallejo-model-air-french-blue-18ml,published;check_digit_valid,paint,8429551710886,,2026-10-02
Vallejo,Model Air,Vallejo Model Air: German Grey RAL6006 (18ml),71.268,,18,,8429551712682,8429551712682,EAN-13,https://cdn.shopify.com/s/files/1/0627/6159/9138/files/71268.webp?v=1758465296,https://spraygunner.com/products/vallejo-model-air-german-grey-ral6006-18ml,https://spraygunner.com/products/vallejo-model-air-german-grey-ral6006-18ml,published;check_digit_valid,paint,8429551712682,,2026-10-02
Vallejo,Model Air,Vallejo Model Air: German Red Brown RAL8012 (18ml),71.271,,18,,8429551712712,8429551712712,EAN-13,https://cdn.shopify.com/s/files/1/0627/6159/9138/files/71271.webp?v=1758465741,https://spraygunner.com/products/vallejo-model-air-german-red-brown-ral8012-18ml,https://spraygunner.com/products/vallejo-model-air-german-red-brown-ral8012-18ml,published;check_digit_valid,paint,8429551712712,,2026-10-02
Vallejo,Model Air,Vallejo Model Air: German Yellow Brown RAL8000 (18ml),71.272,,18,,8429551712729,8429551712729,EAN-13,https://cdn.shopify.com/s/files/1/0627/6159/9138/files/71272.webp?v=1758465844,https://spraygunner.com/products/vallejo-model-air-german-yellow-brown-ral8000-18ml,https://spraygunner.com/products/vallejo-model-air-german-yellow-brown-ral8000-18ml,published;check_digit_valid,paint,8429551712729,,2026-10-02
Vallejo,Model Air,Vallejo Model Air: Glossy Sea Blue (18ml),71.300,,18,,8429551713009,8429551713009,EAN-13,https://cdn.shopify.com/s/files/1/0627/6159/9138/files/71300.webp?v=1758469606,https://spraygunner.com/products/vallejo-model-air-glossy-sea-blue-18ml,https://spraygunner.com/products/vallejo-model-air-glossy-sea-blue-18ml,published;check_digit_valid,paint,8429551713009,,2026-10-02
Vallejo,Model Air,Vallejo Model Air: Gold (Metallic) (18ml),71.066,,18,,8429551710664,8429551710664,EAN-13,https://cdn.shopify.com/s/files/1/0627/6159/9138/files/71066.webp?v=1758221853,https://spraygunner.com/products/vallejo-model-air-gold-metallic-18ml,https://spraygunner.com/products/vallejo-model-air-gold-metallic-18ml,published;check_digit_valid,paint,8429551710664,,2026-10-02
Vallejo,Model Air,Vallejo Model Air: Gray Blue RLM84 (18ml),71.103,,18,,8429551711036,8429551711036,EAN-13,https://cdn.shopify.com/s/files/1/0627/6159/9138/files/71103.webp?v=1758225435,https://spraygunner.com/products/vallejo-model-air-gray-blue-rlm84-18ml,https://spraygunner.com/products/vallejo-model-air-gray-blue-rlm84-18ml,published;check_digit_valid,paint,8429551711036,,2026-10-02
Vallejo,Model Air,Vallejo Model Air: Gray Violet (18ml),71.128,,18,,8429551711289,8429551711289,EAN-13,https://cdn.shopify.com/s/files/1/0627/6159/9138/files/71128.webp?v=1758227968,https://spraygunner.com/products/vallejo-model-air-gray-violet-18ml,https://spraygunner.com/products/vallejo-model-air-gray-violet-18ml,published;check_digit_valid,paint,8429551711289,,2026-10-02
Vallejo,Model Air,Vallejo Model Air: Green (18ml),71.329,,18,,8429551713290,8429551713290,EAN-13,https://cdn.shopify.com/s/files/1/0627/6159/9138/files/71329.webp?v=1758472568,https://spraygunner.com/products/vallejo-model-air-green-18ml,https://spraygunner.com/products/vallejo-model-air-green-18ml,published;check_digit_valid,paint,8429551713290,,2026-10-02
Vallejo,Model Air,Vallejo Model Air: Green Brown (18ml),71.020,,18,,8429551710206,8429551710206,EAN-13,https://cdn.shopify.com/s/files/1/0627/6159/9138/files/71020.webp?v=1758210002,https://spraygunner.com/products/vallejo-model-air-green-brown-18ml,https://spraygunner.com/products/vallejo-model-air-green-brown-18ml,published;check_digit_valid,paint,8429551710206,,2026-10-02
Vallejo,Model Air,Vallejo Model Air: Green Grey (18ml),71.341,,18,,8429551713412,8429551713412,EAN-13,https://cdn.shopify.com/s/files/1/0627/6159/9138/files/71341.webp?v=1758473623,https://spraygunner.com/products/vallejo-model-air-green-grey-18ml,https://spraygunner.com/products/vallejo-model-air-green-grey-18ml,published;check_digit_valid,paint,8429551713412,,2026-10-02
Vallejo,Model Air,Vallejo Model Air: Green RLM62 (18ml),71.104,,18,,8429551711043,8429551711043,EAN-13,https://cdn.shopify.com/s/files/1/0627/6159/9138/files/71104.webp?v=1758225549,https://spraygunner.com/products/vallejo-model-air-green-rlm62-18ml,https://spraygunner.com/products/vallejo-model-air-green-rlm62-18ml,published;check_digit_valid,paint,8429551711043,,2026-10-02
Vallejo,Model Air,Vallejo Model Air: Green RLM72 (18ml),71.263,,18,,8429551712637,8429551712637,EAN-13,https://cdn.shopify.com/s/files/1/0627/6159/9138/files/71263.webp?v=1758462891,https://spraygunner.com/products/vallejo-model-air-green-rlm72-18ml,https://spraygunner.com/products/vallejo-model-air-green-rlm72-18ml,published;check_digit_valid,paint,8429551712637,,2026-10-02
Vallejo,Model Air,Vallejo Model Air: Green RLM73 (18ml),71.256,,18,,8429551712569,8429551712569,EAN-13,https://cdn.shopify.com/s/files/1/0627/6159/9138/files/71256.webp?v=1758462415,https://spraygunner.com/products/vallejo-model-air-green-rlm73-18ml,https://spraygunner.com/products/vallejo-model-air-green-rlm73-18ml,published;check_digit_valid,paint,8429551712569,,2026-10-02
Vallejo,Model Air,Vallejo Model Air: Green Zinc Chromate (18ml),71.094,,18,,8429551710947,8429551710947,EAN-13,https://cdn.shopify.com/s/files/1/0627/6159/9138/files/71094.webp?v=1758224743,https://spraygunner.com/products/vallejo-model-air-green-zinc-chromate-18ml,https://spraygunner.com/products/vallejo-model-air-green-zinc-chromate-18ml,published;check_digit_valid,paint,8429551710947,,2026-10-02
Vallejo,Model Air,Vallejo Model Air: Grey Blue (18ml),71.005,,18,,8429551710053,8429551710053,EAN-13,https://cdn.shopify.com/s/files/1/0627/6159/9138/files/71005.webp?v=1758208537,https://spraygunner.com/products/vallejo-model-air-grey-blue-18ml,https://spraygunner.com/products/vallejo-model-air-grey-blue-18ml,published;check_digit_valid,paint,8429551710053,,2026-10-02
Vallejo,Model Air,Vallejo Model Air: Grey Green (18ml),71.340,,18,,8429551713405,8429551713405,EAN-13,https://cdn.shopify.com/s/files/1/0627/6159/9138/files/71340.webp?v=1758473543,https://spraygunner.com/products/vallejo-model-air-grey-green-18ml,https://spraygunner.com/products/vallejo-model-air-grey-green-18ml,published;check_digit_valid,paint,8429551713405,,2026-10-02
Vallejo,Model Air,Vallejo Model Air: Grey Green RAL7008 (18ml),71.116,,18,,8429551711166,8429551711166,EAN-13,https://cdn.shopify.com/s/files/1/0627/6159/9138/files/71116.webp?v=1758226884,https://spraygunner.com/products/vallejo-model-air-grey-green-ral7008-18ml,https://spraygunner.com/products/vallejo-model-air-grey-green-ral7008-18ml,published;check_digit_valid,paint,8429551711166,,2026-10-02
Vallejo,Model Air,Vallejo Model Air: Grey Green RLM74 (18ml),71.258,,18,,8429551712583,8429551712583,EAN-13,https://cdn.shopify.com/s/files/1/0627/6159/9138/files/71258.webp?v=1758462589,https://spraygunner.com/products/vallejo-model-air-grey-green-rlm74-18ml,https://spraygunner.com/products/vallejo-model-air-grey-green-rlm74-18ml,published;check_digit_valid,paint,8429551712583,,2026-10-02
Vallejo,Model Air,Vallejo Model Air: Grey RAL7027 (18ml),71.118,,18,,8429551711180,8429551711180,EAN-13,https://cdn.shopify.com/s/files/1/0627/6159/9138/files/71118_b5cae12c-35fc-4570-8136-aa9651ff67d7.webp?v=1758227102,https://spraygunner.com/products/vallejo-model-air-grey-ral7027-18ml,https://spraygunner.com/products/vallejo-model-air-grey-ral7027-18ml,published;check_digit_valid,paint,8429551711180,,2026-10-02
Vallejo,Model Air,Vallejo Model Air: Grey RLM02 (18ml),71.044,,18,,8429551710442,8429551710442,EAN-13,https://cdn.shopify.com/s/files/1/0627/6159/9138/files/71044.webp?v=1758220875,https://spraygunner.com/products/vallejo-model-air-grey-rlm02-18ml,https://spraygunner.com/products/vallejo-model-air-grey-rlm02-18ml,published;check_digit_valid,paint,8429551710442,,2026-10-02
Vallejo,Model Air,Vallejo Model Air: Grey Violet RLM75 (18ml),71.259,,18,,8429551712590,8429551712590,EAN-13,https://cdn.shopify.com/s/files/1/0627/6159/9138/files/71259.webp?v=1758462681,https://spraygunner.com/products/vallejo-model-air-grey-violet-rlm75-18ml,https://spraygunner.com/products/vallejo-model-air-grey-violet-rlm75-18ml,published;check_digit_valid,paint,8429551712590,,2026-10-02
Vallejo,Model Air,Vallejo Model Air: Gunship Green (18ml),71.014,,18,,8429551710145,8429551710145,EAN-13,https://cdn.shopify.com/s/files/1/0627/6159/9138/files/71014.webp?v=1758209506,https://spraygunner.com/products/vallejo-model-air-gunship-green-18ml,https://spraygunner.com/products/vallejo-model-air-gunship-green-18ml,published;check_digit_valid,paint,8429551710145,,2026-10-02
Vallejo,Model Air,Vallejo Model Air: Hemp (18ml),71.023,,18,,8429551710237,8429551710237,EAN-13,https://cdn.shopify.com/s/files/1/0627/6159/9138/files/71023.webp?v=1758210386,https://spraygunner.com/products/vallejo-model-air-hemp-18ml,https://spraygunner.com/products/vallejo-model-air-hemp-18ml,published;check_digit_valid,paint,8429551710237,,2026-10-02
Vallejo,Model Air,Vallejo Model Air: Hull Red (18ml),71.039,,18,,8429551710398,8429551710398,EAN-13,https://cdn.shopify.com/s/files/1/0627/6159/9138/files/71039.webp?v=1758212061,https://spraygunner.com/products/vallejo-model-air-hull-red-18ml,https://spraygunner.com/products/vallejo-model-air-hull-red-18ml,published;check_digit_valid,paint,8429551710398,,2026-10-02
Vallejo,Model Air,Vallejo Model Air: IAF Sand (18ml),71.327,,18,,8429551713276,8429551713276,EAN-13,https://cdn.shopify.com/s/files/1/0627/6159/9138/files/71327.webp?v=1758472421,https://spraygunner.com/products/vallejo-model-air-iaf-sand-18ml,https://spraygunner.com/products/vallejo-model-air-iaf-sand-18ml,published;check_digit_valid,paint,8429551713276,,2026-10-02
Vallejo,Model Air,Vallejo Model Air: IDF Blue (18ml),71.113,,18,,8429551711135,8429551711135,EAN-13,https://cdn.shopify.com/s/files/1/0627/6159/9138/files/71113.webp?v=1758226582,https://spraygunner.com/products/vallejo-model-air-idf-blue-18ml,https://spraygunner.com/products/vallejo-model-air-idf-blue-18ml,published;check_digit_valid,paint,8429551711135,,2026-10-02
Vallejo,Model Air,Vallejo Model Air: IDF Sand Grey 73 (18ml),71.141,,18,,8429551711418,8429551711418,EAN-13,https://cdn.shopify.com/s/files/1/0627/6159/9138/files/71141.webp?v=1758461206,https://spraygunner.com/products/vallejo-model-air-idf-sand-grey-73-18ml,https://spraygunner.com/products/vallejo-model-air-idf-sand-grey-73-18ml,published;check_digit_valid,paint,8429551711418,,2026-10-02
Vallejo,Model Air,Vallejo Model Air: IDF Sinai Grey 82 (18ml),71.142,,18,,8429551711425,8429551711425,EAN-13,https://cdn.shopify.com/s/files/1/0627/6159/9138/files/71142.webp?v=1758461287,https://spraygunner.com/products/vallejo-model-air-idf-sinai-grey-82-18ml,https://spraygunner.com/products/vallejo-model-air-idf-sinai-grey-82-18ml,published;check_digit_valid,paint,8429551711425,,2026-10-02
Vallejo,Model Air,Vallejo Model Air: IDF/IAF Green (18ml),71.126,,18,,8429551711265,8429551711265,EAN-13,https://cdn.shopify.com/s/files/1/0627/6159/9138/files/71126.webp?v=1758227892,https://spraygunner.com/products/vallejo-model-air-idf-iaf-green-18ml,https://spraygunner.com/products/vallejo-model-air-idf-iaf-green-18ml,published;check_digit_valid,paint,8429551711265,,2026-10-02
Vallejo,Model Air,Vallejo Model Air: IJA Chrome Yellow (18ml),71.135,,18,,8429551711357,8429551711357,EAN-13,https://cdn.shopify.com/s/files/1/0627/6159/9138/files/71135.webp?v=1758228554,https://spraygunner.com/products/vallejo-model-air-ija-chrome-yellow-18ml,https://spraygunner.com/products/vallejo-model-air-ija-chrome-yellow-18ml,published;check_digit_valid,paint,8429551711357,,2026-10-02
Vallejo,Model Air,Vallejo Model Air: IJA Dark Green (18ml),71.286,,18,,8429551712866,8429551712866,EAN-13,https://cdn.shopify.com/s/files/1/0627/6159/9138/files/71286.webp?v=1758467050,https://spraygunner.com/products/vallejo-model-air-ija-dark-green-18ml-1,https://spraygunner.com/products/vallejo-model-air-ija-dark-green-18ml-1,published;check_digit_valid,paint,8429551712866,,2026-10-02
Vallejo,Model Air,Vallejo Model Air: IJA Dark Green (18ml),71.285,,18,,8429551712859,8429551712859,EAN-13,https://cdn.shopify.com/s/files/1/0627/6159/9138/files/71285.webp?v=1758466962,https://spraygunner.com/products/vallejo-model-air-ija-dark-green-18ml,https://spraygunner.com/products/vallejo-model-air-ija-dark-green-18ml,published;check_digit_valid,paint,8429551712859,,2026-10-02
Vallejo,Model Air,Vallejo Model Air: IJA Earth Brown (18ml),71.136,,18,,8429551711364,8429551711364,EAN-13,https://cdn.shopify.com/s/files/1/0627/6159/9138/files/71136.webp?v=1758228631,https://spraygunner.com/products/vallejo-model-air-ija-earth-brown-18ml,https://spraygunner.com/products/vallejo-model-air-ija-earth-brown-18ml,published;check_digit_valid,paint,8429551711364,,2026-10-02
Vallejo,Model Air,Vallejo Model Air: IJA Grey Green (18ml),71.326,,18,,8429551713269,8429551713269,EAN-13,https://cdn.shopify.com/s/files/1/0627/6159/9138/files/71326.webp?v=1758472340,https://spraygunner.com/products/vallejo-model-air-ija-grey-green-18ml,https://spraygunner.com/products/vallejo-model-air-ija-grey-green-18ml,published;check_digit_valid,paint,8429551713269,,2026-10-02
Vallejo,Model Air,Vallejo Model Air: IJA Khaki Brown (18ml),71.287,,18,,8429551712873,8429551712873,EAN-13,https://cdn.shopify.com/s/files/1/0627/6159/9138/files/71287.webp?v=1758467122,https://spraygunner.com/products/vallejo-model-air-ija-khaki-brown-18ml,https://spraygunner.com/products/vallejo-model-air-ija-khaki-brown-18ml,published;check_digit_valid,paint,8429551712873,,2026-10-02
Vallejo,Model Air,Vallejo Model Air: IJA Light Grey Green (18ml),71.321,,18,,8429551713214,8429551713214,EAN-13,https://cdn.shopify.com/s/files/1/0627/6159/9138/files/71321.webp?v=1758471967,https://spraygunner.com/products/vallejo-model-air-ija-light-grey-green-18ml,https://spraygunner.com/products/vallejo-model-air-ija-light-grey-green-18ml,published;check_digit_valid,paint,8429551713214,,2026-10-02
Vallejo,Model Air,Vallejo Model Air: IJA Midouri Green (18ml),71.134,,18,,8429551711340,8429551711340,EAN-13,https://cdn.shopify.com/s/files/1/0627/6159/9138/files/71134.webp?v=1758228454,https://spraygunner.com/products/vallejo-model-air-ija-midouri-green-18ml,https://spraygunner.com/products/vallejo-model-air-ija-midouri-green-18ml,published;check_digit_valid,paint,8429551711340,,2026-10-02
Vallejo,Model Air,Vallejo Model Air: IJN Ash Grey (18ml),71.311,,18,,8429551713115,8429551713115,EAN-13,https://cdn.shopify.com/s/files/1/0627/6159/9138/files/71311.webp?v=1758471085,https://spraygunner.com/products/vallejo-model-air-ijn-ash-grey-18ml,https://spraygunner.com/products/vallejo-model-air-ijn-ash-grey-18ml,published;check_digit_valid,paint,8429551713115,,2026-10-02
Vallejo,Model Air,Vallejo Model Air: IJN Black Green (18ml),71.322,,18,,8429551713221,8429551713221,EAN-13,https://cdn.shopify.com/s/files/1/0627/6159/9138/files/71322.webp?v=1758472048,https://spraygunner.com/products/vallejo-model-air-ijn-black-green-18ml,https://spraygunner.com/products/vallejo-model-air-ijn-black-green-18ml,published;check_digit_valid,paint,8429551713221,,2026-10-02
Vallejo,Model Air,Vallejo Model Air: IJN Dark Black Green (18ml),71.325,,18,,8429551713252,8429551713252,EAN-13,https://cdn.shopify.com/s/files/1/0627/6159/9138/files/71325.webp?v=1758472270,https://spraygunner.com/products/vallejo-model-air-ijn-dark-black-green-18ml,https://spraygunner.com/products/vallejo-model-air-ijn-dark-black-green-18ml,published;check_digit_valid,paint,8429551713252,,2026-10-02
Vallejo,Model Air,Vallejo Model Air: IJN Deep Dark Green (18ml),71.310,,18,,8429551713108,8429551713108,EAN-13,https://cdn.shopify.com/s/files/1/0627/6159/9138/files/71310.webp?v=1758471014,https://spraygunner.com/products/vallejo-model-air-ijn-deep-dark-green-18ml,https://spraygunner.com/products/vallejo-model-air-ijn-deep-dark-green-18ml,published;check_digit_valid,paint,8429551713108,,2026-10-02
Vallejo,Model Air,Vallejo Model Air: IJN Medium Grey (18ml),71.312,,18,,8429551713122,8429551713122,EAN-13,https://cdn.shopify.com/s/files/1/0627/6159/9138/files/71312.webp?v=1758471163,https://spraygunner.com/products/vallejo-model-air-ijn-medium-grey-18ml,https://spraygunner.com/products/vallejo-model-air-ijn-medium-grey-18ml,published;check_digit_valid,medium/auxiliary,8429551713122,,2026-10-02
Vallejo,Model Air,Vallejo Model Air: Insignia White (18ml),71.279,,18,,8429551712798,8429551712798,EAN-13,https://cdn.shopify.com/s/files/1/0627/6159/9138/files/71279.webp?v=1758466435,https://spraygunner.com/products/vallejo-model-air-insignia-white-18ml,https://spraygunner.com/products/vallejo-model-air-insignia-white-18ml,published;check_digit_valid,paint,8429551712798,,2026-10-02
Vallejo,Model Air,Vallejo Model Air: Interior Green (18ml),71.010,,18,,8429551710107,8429551710107,EAN-13,https://cdn.shopify.com/s/files/1/0627/6159/9138/files/71010.webp?v=1758209098,https://spraygunner.com/products/vallejo-model-air-interior-green-18ml,https://spraygunner.com/products/vallejo-model-air-interior-green-18ml,published;check_digit_valid,paint,8429551710107,,2026-10-02
Vallejo,Model Air,Vallejo Model Air: Interior Grey Green (18ml),71.305,,18,,8429551713054,8429551713054,EAN-13,https://cdn.shopify.com/s/files/1/0627/6159/9138/files/71305.webp?v=1758470068,https://spraygunner.com/products/vallejo-model-air-interior-grey-green-18ml,https://spraygunner.com/products/vallejo-model-air-interior-grey-green-18ml,published;check_digit_valid,paint,8429551713054,,2026-10-02
Vallejo,Model Air,Vallejo Model Air: Intermediate Blue (18ml),71.299,,18,,8429551712996,8429551712996,EAN-13,https://cdn.shopify.com/s/files/1/0627/6159/9138/files/71299.webp?v=1758469526,https://spraygunner.com/products/vallejo-model-air-intermediate-blue-18ml,https://spraygunner.com/products/vallejo-model-air-intermediate-blue-18ml,published;check_digit_valid,paint,8429551712996,,2026-10-02
Vallejo,Model Air,Vallejo Model Air: Ivory RAL1001 (18ml),71.075,,18,,8429551710756,8429551710756,EAN-13,https://cdn.shopify.com/s/files/1/0627/6159/9138/files/71075.webp?v=1758222489,https://spraygunner.com/products/vallejo-model-air-ivory-ral1001-18ml,https://spraygunner.com/products/vallejo-model-air-ivory-ral1001-18ml,published;check_digit_valid,paint,8429551710756,,2026-10-02
Vallejo,Model Air,Vallejo Model Air: Ivory RLM05 (18ml),71.106,,18,,8429551711067,8429551711067,EAN-13,https://cdn.shopify.com/s/files/1/0627/6159/9138/files/71106.webp?v=1758225781,https://spraygunner.com/products/vallejo-model-air-ivory-rlm05-18ml,https://spraygunner.com/products/vallejo-model-air-ivory-rlm05-18ml,published;check_digit_valid,paint,8429551711067,,2026-10-02
Vallejo,Model Air,Vallejo Model Air: JGSD Brown 3606 (18ml),71.297,,18,,8429551712972,8429551712972,EAN-13,https://cdn.shopify.com/s/files/1/0627/6159/9138/files/71297.webp?v=1758469231,https://spraygunner.com/products/vallejo-model-air-jgsd-brown-3606-18ml,https://spraygunner.com/products/vallejo-model-air-jgsd-brown-3606-18ml,published;check_digit_valid,paint,8429551712972,,2026-10-02
Vallejo,Model Air,Vallejo Model Air: Khaki Brown (18ml),71.024,,18,,8429551710244,8429551710244,EAN-13,https://cdn.shopify.com/s/files/1/0627/6159/9138/files/71024.webp?v=1758210473,https://spraygunner.com/products/vallejo-model-air-khaki-brown-18ml,https://spraygunner.com/products/vallejo-model-air-khaki-brown-18ml,published;check_digit_valid,paint,8429551710244,,2026-10-02
Vallejo,Model Air,Vallejo Model Air: Khaki Green Num.3 (18ml),71.330,,18,,8429551713306,8429551713306,EAN-13,https://cdn.shopify.com/s/files/1/0627/6159/9138/files/71330.webp?v=1758472656,https://spraygunner.com/products/vallejo-model-air-khaki-green-num-3-18ml,https://spraygunner.com/products/vallejo-model-air-khaki-green-num-3-18ml,published;check_digit_valid,paint,8429551713306,,2026-10-02
Vallejo,Model Air,Vallejo Model Air: Light Blue (18ml),71.328,,18,,8429551713283,8429551713283,EAN-13,https://cdn.shopify.com/s/files/1/0627/6159/9138/files/71328.webp?v=1758472493,https://spraygunner.com/products/vallejo-model-air-light-blue-18ml,https://spraygunner.com/products/vallejo-model-air-light-blue-18ml,published;check_digit_valid,paint,8429551713283,,2026-10-02
Vallejo,Model Air,Vallejo Model Air: Light Blue RLM65 (18ml),71.255,,18,,8429551712552,8429551712552,EAN-13,https://cdn.shopify.com/s/files/1/0627/6159/9138/files/71255.webp?v=1758462326,https://spraygunner.com/products/vallejo-model-air-light-blue-rlm65-18ml,https://spraygunner.com/products/vallejo-model-air-light-blue-rlm65-18ml,published;check_digit_valid,paint,8429551712552,,2026-10-02
Vallejo,Model Air,Vallejo Model Air: Light Blue RLM76 (18ml),71.257,,18,,8429551712576,8429551712576,EAN-13,https://cdn.shopify.com/s/files/1/0627/6159/9138/files/71257.webp?v=1758462504,https://spraygunner.com/products/vallejo-model-air-light-blue-rlm76-18ml,https://spraygunner.com/products/vallejo-model-air-light-blue-rlm76-18ml,published;check_digit_valid,paint,8429551712576,,2026-10-02
Vallejo,Model Air,Vallejo Model Air: Light Blue RLM78 (18ml),71.101,,18,,8429551711012,8429551711012,EAN-13,https://cdn.shopify.com/s/files/1/0627/6159/9138/files/71101.webp?v=1758225159,https://spraygunner.com/products/vallejo-model-air-light-blue-rlm78-18ml,https://spraygunner.com/products/vallejo-model-air-light-blue-rlm78-18ml,published;check_digit_valid,paint,8429551711012,,2026-10-02
Vallejo,Model Air,Vallejo Model Air: Light Brown (18ml),71.027,,18,,8429551710275,8429551710275,EAN-13,https://cdn.shopify.com/s/files/1/0627/6159/9138/files/71027.webp?v=1758210782,https://spraygunner.com/products/vallejo-model-air-light-brown-18ml,https://spraygunner.com/products/vallejo-model-air-light-brown-18ml,published;check_digit_valid,paint,8429551710275,,2026-10-02
Vallejo,Model Air,Vallejo Model Air: Light Gray (18ml),71.050,,18,,8429551710503,8429551710503,EAN-13,https://cdn.shopify.com/s/files/1/0627/6159/9138/files/71050.webp?v=1758221250,https://spraygunner.com/products/vallejo-model-air-light-gray-18ml,https://spraygunner.com/products/vallejo-model-air-light-gray-18ml,published;check_digit_valid,paint,8429551710503,,2026-10-02
Vallejo,Model Air,Vallejo Model Air: Light Green Chromate (18ml),71.006,,18,,8429551710060,8429551710060,EAN-13,https://cdn.shopify.com/s/files/1/0627/6159/9138/files/71006.webp?v=1758208616,https://spraygunner.com/products/vallejo-model-air-light-green-chromate-18ml,https://spraygunner.com/products/vallejo-model-air-light-green-chromate-18ml,published;check_digit_valid,paint,8429551710060,,2026-10-02
Vallejo,Model Air,Vallejo Model Air: Light Green RLM25 (18ml),71.267,,18,,8429551712675,8429551712675,EAN-13,https://cdn.shopify.com/s/files/1/0627/6159/9138/files/71267.webp?v=1758465186,https://spraygunner.com/products/vallejo-model-air-light-green-rlm25-18ml,https://spraygunner.com/products/vallejo-model-air-light-green-rlm25-18ml,published;check_digit_valid,paint,8429551712675,,2026-10-02
Vallejo,Model Air,Vallejo Model Air: Light Green RLM82 (18ml),71.022,,18,,8429551710220,8429551710220,EAN-13,https://cdn.shopify.com/s/files/1/0627/6159/9138/files/71022.webp?v=1758210176,https://spraygunner.com/products/vallejo-model-air-light-green-rlm82-18ml,https://spraygunner.com/products/vallejo-model-air-light-green-rlm82-18ml,published;check_digit_valid,paint,8429551710220,,2026-10-02
Vallejo,Model Air,Vallejo Model Air: Light Grey RLM63 (18ml),71.260,,18,,8429551712606,8429551712606,EAN-13,https://cdn.shopify.com/s/files/1/0627/6159/9138/files/71260.webp?v=1758462776,https://spraygunner.com/products/vallejo-model-air-light-grey-rlm63-18ml,https://spraygunner.com/products/vallejo-model-air-light-grey-rlm63-18ml,published;check_digit_valid,paint,8429551712606,,2026-10-02
Vallejo,Model Air,Vallejo Model Air: Light Olive RAL6040 (18ml),71.247,,18,,8429551712477,8429551712477,EAN-13,https://cdn.shopify.com/s/files/1/0627/6159/9138/files/71247.webp?v=1758461877,https://spraygunner.com/products/vallejo-model-air-light-olive-ral6040-18ml,https://spraygunner.com/products/vallejo-model-air-light-olive-ral6040-18ml,published;check_digit_valid,paint,8429551712477,,2026-10-02
Vallejo,Model Air,Vallejo Model Air: Light Red (18ml),71.086,,18,,8429551710862,8429551710862,EAN-13,https://cdn.shopify.com/s/files/1/0627/6159/9138/files/71086.webp?v=1758223454,https://spraygunner.com/products/vallejo-model-air-light-red-18ml,https://spraygunner.com/products/vallejo-model-air-light-red-18ml,published;check_digit_valid,paint,8429551710862,,2026-10-02
Vallejo,Model Air,Vallejo Model Air: Light Rust (18ml),71.129,,18,,8429551711296,8429551711296,EAN-13,https://cdn.shopify.com/s/files/1/0627/6159/9138/files/71129.webp?v=1758228041,https://spraygunner.com/products/vallejo-model-air-light-rust-18ml,https://spraygunner.com/products/vallejo-model-air-light-rust-18ml,published;check_digit_valid,paint,8429551711296,,2026-10-02
Vallejo,Model Air,Vallejo Model Air: Light Sea Blue (18ml),71.089,,18,,8429551710893,8429551710893,EAN-13,https://cdn.shopify.com/s/files/1/0627/6159/9138/files/71089.webp?v=1758223832,https://spraygunner.com/products/vallejo-model-air-light-sea-blue-18ml,https://spraygunner.com/products/vallejo-model-air-light-sea-blue-18ml,published;check_digit_valid,paint,8429551710893,,2026-10-02
Vallejo,Model Air,Vallejo Model Air: Loam Beige RAL1040 (18ml),71.245,,18,,8429551712453,8429551712453,EAN-13,https://cdn.shopify.com/s/files/1/0627/6159/9138/files/71245.webp?v=1758461615,https://spraygunner.com/products/vallejo-model-air-loam-beige-ral1040-18ml,https://spraygunner.com/products/vallejo-model-air-loam-beige-ral1040-18ml,published;check_digit_valid,paint,8429551712453,,2026-10-02
Vallejo,Model Air,Vallejo Model Air: M495 Light Gray (18ml),71.298,,18,,8429551712989,8429551712989,EAN-13,https://cdn.shopify.com/s/files/1/0627/6159/9138/files/71298.webp?v=1758469346,https://spraygunner.com/products/vallejo-model-air-m495-light-gray-18ml,https://spraygunner.com/products/vallejo-model-air-m495-light-gray-18ml,published;check_digit_valid,paint,8429551712989,,2026-10-02
Vallejo,Model Air,Vallejo Model Air: Mahogany (18ml),71.036,,18,,8429551710367,8429551710367,EAN-13,https://cdn.shopify.com/s/files/1/0627/6159/9138/files/71036.webp?v=1758211726,https://spraygunner.com/products/vallejo-model-air-mahogany-18ml,https://spraygunner.com/products/vallejo-model-air-mahogany-18ml,published;check_digit_valid,paint,8429551710367,,2026-10-02
Vallejo,Model Air,Vallejo Model Air: Medium Gray (18ml),71.114,,18,,8429551711142,8429551711142,EAN-13,https://cdn.shopify.com/s/files/1/0627/6159/9138/files/71114.webp?v=1758226674,https://spraygunner.com/products/vallejo-model-air-medium-gray-18ml,https://spraygunner.com/products/vallejo-model-air-medium-gray-18ml,published;check_digit_valid,medium/auxiliary,8429551711142,,2026-10-02
Vallejo,Model Air,Vallejo Model Air: Medium Gunship Gray (18ml),71.097,,18,,8429551710978,8429551710978,EAN-13,https://cdn.shopify.com/s/files/1/0627/6159/9138/files/71097.webp?v=1758225050,https://spraygunner.com/products/vallejo-model-air-medium-gunship-gray-18ml,https://spraygunner.com/products/vallejo-model-air-medium-gunship-gray-18ml,published;check_digit_valid,medium/auxiliary,8429551710978,,2026-10-02
Vallejo,Model Air,Vallejo Model Air: Medium Yellow (18ml),71.002,,18,,8429551710022,8429551710022,EAN-13,https://cdn.shopify.com/s/files/1/0627/6159/9138/files/71002.webp?v=1758208245,https://spraygunner.com/products/vallejo-model-air-medium-yellow-18ml,https://spraygunner.com/products/vallejo-model-air-medium-yellow-18ml,published;check_digit_valid,medium/auxiliary,8429551710022,,2026-10-02
Vallejo,Model Air,Vallejo Model Air: Middle Stone (18ml),71.031,,18,,8429551710312,8429551710312,EAN-13,https://cdn.shopify.com/s/files/1/0627/6159/9138/files/71031.webp?v=1758211198,https://spraygunner.com/products/vallejo-model-air-middle-stone-18ml,https://spraygunner.com/products/vallejo-model-air-middle-stone-18ml,published;check_digit_valid,paint,8429551710312,,2026-10-02
Vallejo,Model Air,Vallejo Model Air: Mud Brown (18ml),71.037,,18,,8429551710374,8429551710374,EAN-13,https://cdn.shopify.com/s/files/1/0627/6159/9138/files/71037.webp?v=1758211866,https://spraygunner.com/products/vallejo-model-air-mud-brown-18ml,https://spraygunner.com/products/vallejo-model-air-mud-brown-18ml,published;check_digit_valid,texture/effect,8429551710374,,2026-10-02
Vallejo,Model Air,Vallejo Model Air: N. 41 Dark Olive Drab (18ml),71.316,,18,,8429551713160,8429551713160,EAN-13,https://cdn.shopify.com/s/files/1/0627/6159/9138/files/71316.webp?v=1758471508,https://spraygunner.com/products/vallejo-model-air-n-41-dark-olive-drab-18ml,https://spraygunner.com/products/vallejo-model-air-n-41-dark-olive-drab-18ml,published;check_digit_valid,paint,8429551713160,,2026-10-02
Vallejo,Model Air,Vallejo Model Air: NATO Brown (18ml),71.249,,18,,8429551712491,8429551712491,EAN-13,https://cdn.shopify.com/s/files/1/0627/6159/9138/files/71249.webp?v=1758462141,https://spraygunner.com/products/vallejo-model-air-nato-brown-18ml,https://spraygunner.com/products/vallejo-model-air-nato-brown-18ml,published;check_digit_valid,paint,8429551712491,,2026-10-02
Vallejo,Model Air,Vallejo Model Air: NATO Green (18ml),71.093,,18,,8429551710930,8429551710930,EAN-13,https://cdn.shopify.com/s/files/1/0627/6159/9138/files/71093.webp?v=1758224564,https://spraygunner.com/products/vallejo-model-air-nato-green-18ml,https://spraygunner.com/products/vallejo-model-air-nato-green-18ml,published;check_digit_valid,paint,8429551710930,,2026-10-02
Vallejo,Model Air,Vallejo Model Air: Neutral Gray (18ml),71.051,,18,,8429551710510,8429551710510,EAN-13,https://cdn.shopify.com/s/files/1/0627/6159/9138/files/71051.webp?v=1758221338,https://spraygunner.com/products/vallejo-model-air-neutral-gray-18ml,https://spraygunner.com/products/vallejo-model-air-neutral-gray-18ml,published;check_digit_valid,paint,8429551710510,,2026-10-02
Vallejo,Model Air,Vallejo Model Air: Ocean Gray (18ml),71.273,,18,,8429551712736,8429551712736,EAN-13,https://cdn.shopify.com/s/files/1/0627/6159/9138/files/71273.webp?v=1758465932,https://spraygunner.com/products/vallejo-model-air-ocean-gray-18ml,https://spraygunner.com/products/vallejo-model-air-ocean-gray-18ml,published;check_digit_valid,paint,8429551712736,,2026-10-02
Vallejo,Model Air,Vallejo Model Air: Ochre (18ml),71.081,,18,,8429551710817,8429551710817,EAN-13,https://cdn.shopify.com/s/files/1/0627/6159/9138/files/71081.webp?v=1758222960,https://spraygunner.com/products/vallejo-model-air-ochre-18ml,https://spraygunner.com/products/vallejo-model-air-ochre-18ml,published;check_digit_valid,paint,8429551710817,,2026-10-02
Vallejo,Model Air,Vallejo Model Air: Off-White RAL9001 (18ml),71.270,,18,,8429551712705,8429551712705,EAN-13,https://cdn.shopify.com/s/files/1/0627/6159/9138/files/71270.webp?v=1758465640,https://spraygunner.com/products/vallejo-model-air-off-white-ral9001-18ml,https://spraygunner.com/products/vallejo-model-air-off-white-ral9001-18ml,published;check_digit_valid,paint,8429551712705,,2026-10-02
Vallejo,Model Air,Vallejo Model Air: Olive Green (18ml),71.007,,18,,8429551710077,8429551710077,EAN-13,https://cdn.shopify.com/s/files/1/0627/6159/9138/files/71007.webp?v=1758208695,https://spraygunner.com/products/vallejo-model-air-olive-green-18ml,https://spraygunner.com/products/vallejo-model-air-olive-green-18ml,published;check_digit_valid,paint,8429551710077,,2026-10-02
Vallejo,Model Air,Vallejo Model Air: Olive Green RLM80 (18ml),71.265,,18,,8429551712651,8429551712651,EAN-13,https://cdn.shopify.com/s/files/1/0627/6159/9138/files/vallejo-model-air-71.265.webp?v=1779810117,https://spraygunner.com/products/vallejo-model-air-olive-green-rlm80-18ml,https://spraygunner.com/products/vallejo-model-air-olive-green-rlm80-18ml,published;check_digit_valid,paint,8429551712651,,2026-10-02
Vallejo,Model Air,Vallejo Model Air: Olive Grey (18ml),71.096,,18,,8429551710961,8429551710961,EAN-13,https://cdn.shopify.com/s/files/1/0627/6159/9138/files/71096.webp?v=1758224946,https://spraygunner.com/products/vallejo-model-air-olive-grey-18ml,https://spraygunner.com/products/vallejo-model-air-olive-grey-18ml,published;check_digit_valid,paint,8429551710961,,2026-10-02
Vallejo,Model Air,Vallejo Model Air: Orange (18ml),71.083,,18,,8429551710831,8429551710831,EAN-13,https://cdn.shopify.com/s/files/1/0627/6159/9138/files/71083.webp?v=1758223153,https://spraygunner.com/products/vallejo-model-air-orange-18ml,https://spraygunner.com/products/vallejo-model-air-orange-18ml,published;check_digit_valid,paint,8429551710831,,2026-10-02
Vallejo,Model Air,Vallejo Model Air: Orange Rust (18ml),71.130,,18,,8429551711302,8429551711302,EAN-13,https://cdn.shopify.com/s/files/1/0627/6159/9138/files/71130.webp?v=1758228121,https://spraygunner.com/products/vallejo-model-air-orange-rust-18ml,https://spraygunner.com/products/vallejo-model-air-orange-rust-18ml,published;check_digit_valid,paint,8429551711302,,2026-10-02
Vallejo,Model Air,Vallejo Model Air: Pale Blue (18ml),71.008,,18,,8429551710084,8429551710084,EAN-13,https://cdn.shopify.com/s/files/1/0627/6159/9138/files/71008.webp?v=1758208776,https://spraygunner.com/products/vallejo-model-air-pale-blue-18ml,https://spraygunner.com/products/vallejo-model-air-pale-blue-18ml,published;check_digit_valid,paint,8429551710084,,2026-10-02
Vallejo,Model Air,Vallejo Model Air: Pale Blue Grey (18ml),71.046,,18,,8429551710466,8429551710466,EAN-13,https://cdn.shopify.com/s/files/1/0627/6159/9138/files/71046.webp?v=1758221052,https://spraygunner.com/products/vallejo-model-air-pale-blue-grey-18ml,https://spraygunner.com/products/vallejo-model-air-pale-blue-grey-18ml,published;check_digit_valid,paint,8429551710466,,2026-10-02
Vallejo,Model Air,Vallejo Model Air: Pale Green (18ml),71.095,,18,,8429551710954,8429551710954,EAN-13,https://cdn.shopify.com/s/files/1/0627/6159/9138/files/71095.webp?v=1758224848,https://spraygunner.com/products/vallejo-model-air-pale-green-18ml,https://spraygunner.com/products/vallejo-model-air-pale-green-18ml,published;check_digit_valid,paint,8429551710954,,2026-10-02
Vallejo,Model Air,Vallejo Model Air: Panzer Dark Grey RAL7021 (18ml),71.056,,18,,8429551710565,8429551710565,EAN-13,https://cdn.shopify.com/s/files/1/0627/6159/9138/files/71056.webp?v=1758221757,https://spraygunner.com/products/vallejo-model-air-panzer-dark-grey-ral7021-18ml,https://spraygunner.com/products/vallejo-model-air-panzer-dark-grey-ral7021-18ml,published;check_digit_valid,paint,8429551710565,,2026-10-02
Vallejo,Model Air,Vallejo Model Air: RAL6003 Medium Olive (18ml),71.092,,18,,8429551710923,8429551710923,EAN-13,https://cdn.shopify.com/s/files/1/0627/6159/9138/files/71092.webp?v=1758224172,https://spraygunner.com/products/vallejo-model-air-ral6003-medium-olive-18ml,https://spraygunner.com/products/vallejo-model-air-ral6003-medium-olive-18ml,published;check_digit_valid,medium/auxiliary,8429551710923,,2026-10-02
Vallejo,Model Air,Vallejo Model Air: Red (18ml),71.102,,18,,8429551711029,8429551711029,EAN-13,https://cdn.shopify.com/s/files/1/0627/6159/9138/files/71102.webp?v=1758225260,https://spraygunner.com/products/vallejo-model-air-red-18ml,https://spraygunner.com/products/vallejo-model-air-red-18ml,published;check_digit_valid,paint,8429551711029,,2026-10-02
Vallejo,Model Air,Vallejo Model Air: Red RAL3000 (18ml),71.269,,18,,8429551712699,8429551712699,EAN-13,https://cdn.shopify.com/s/files/1/0627/6159/9138/files/71269.webp?v=1758465380,https://spraygunner.com/products/vallejo-model-air-red-ral3000-18ml,https://spraygunner.com/products/vallejo-model-air-red-ral3000-18ml,published;check_digit_valid,paint,8429551712699,,2026-10-02
Vallejo,Model Air,Vallejo Model Air: Red RLM23 (18ml),71.003,,18,,8429551710039,8429551710039,EAN-13,https://cdn.shopify.com/s/files/1/0627/6159/9138/files/71003.webp?v=1758208358,https://spraygunner.com/products/vallejo-model-air-red-rlm23-18ml,https://spraygunner.com/products/vallejo-model-air-red-rlm23-18ml,published;check_digit_valid,paint,8429551710039,,2026-10-02
Vallejo,Model Air,Vallejo Model Air: Russian AF Blue (18ml),71.333,,18,,8429551713337,8429551713337,EAN-13,https://cdn.shopify.com/s/files/1/0627/6159/9138/files/71333.webp?v=1758472916,https://spraygunner.com/products/vallejo-model-air-russian-af-blue-18ml,https://spraygunner.com/products/vallejo-model-air-russian-af-blue-18ml,published;check_digit_valid,paint,8429551713337,,2026-10-02
Vallejo,Model Air,Vallejo Model Air: Russian AF Dark Green (18ml),71.347,,18,,8429551713474,8429551713474,EAN-13,https://cdn.shopify.com/s/files/1/0627/6159/9138/files/71347.webp?v=1758477049,https://spraygunner.com/products/vallejo-model-air-russian-af-dark-green-18ml,https://spraygunner.com/products/vallejo-model-air-russian-af-dark-green-18ml,published;check_digit_valid,paint,8429551713474,,2026-10-02
Vallejo,Model Air,Vallejo Model Air: Russian AF Grey Blue (18ml),71.338,,18,,8429551713382,8429551713382,EAN-13,https://cdn.shopify.com/s/files/1/0627/6159/9138/files/71338.webp?v=1758473320,https://spraygunner.com/products/vallejo-model-air-russian-af-grey-blue-18ml,https://spraygunner.com/products/vallejo-model-air-russian-af-grey-blue-18ml,published;check_digit_valid,paint,8429551713382,,2026-10-02
Vallejo,Model Air,Vallejo Model Air: Russian AF Grey N.3 (18ml),71.339,,18,,8429551713399,8429551713399,EAN-13,https://cdn.shopify.com/s/files/1/0627/6159/9138/files/71339.webp?v=1758473433,https://spraygunner.com/products/vallejo-model-air-russian-af-grey-n-3-18ml,https://spraygunner.com/products/vallejo-model-air-russian-af-grey-n-3-18ml,published;check_digit_valid,paint,8429551713399,,2026-10-02
Vallejo,Model Air,Vallejo Model Air: Russian AF Grey N.4 (18ml),71.346,,18,,8429551713467,8429551713467,EAN-13,https://cdn.shopify.com/s/files/1/0627/6159/9138/files/71346.webp?v=1758474025,https://spraygunner.com/products/vallejo-model-air-russian-af-grey-n-4-18ml,https://spraygunner.com/products/vallejo-model-air-russian-af-grey-n-4-18ml,published;check_digit_valid,paint,8429551713467,,2026-10-02
Vallejo,Model Air,Vallejo Model Air: Russian AF Grey N.7 (18ml),71.343,,18,,8429551713436,8429551713436,EAN-13,https://cdn.shopify.com/s/files/1/0627/6159/9138/files/71343.webp?v=1758473792,https://spraygunner.com/products/vallejo-model-air-russian-af-grey-n-7-18ml,https://spraygunner.com/products/vallejo-model-air-russian-af-grey-n-7-18ml,published;check_digit_valid,paint,8429551713436,,2026-10-02
Vallejo,Model Air,Vallejo Model Air: Russian AF Grey N.8 (18ml),71.345,,18,,8429551713450,8429551713450,EAN-13,https://cdn.shopify.com/s/files/1/0627/6159/9138/files/71345.webp?v=1758473947,https://spraygunner.com/products/vallejo-model-air-russian-af-grey-n-8-18ml,https://spraygunner.com/products/vallejo-model-air-russian-af-grey-n-8-18ml,published;check_digit_valid,paint,8429551713450,,2026-10-02
Vallejo,Model Air,Vallejo Model Air: Russian AF Grey Protective Coat (18ml),71.344,,18,,8429551713443,8429551713443,EAN-13,https://cdn.shopify.com/s/files/1/0627/6159/9138/files/71344.webp?v=1758473872,https://spraygunner.com/products/vallejo-model-air-russian-af-grey-protective-coat-18ml,https://spraygunner.com/products/vallejo-model-air-russian-af-grey-protective-coat-18ml,published;check_digit_valid,paint,8429551713443,,2026-10-02
Vallejo,Model Air,Vallejo Model Air: Russian AF Light Blue (18ml),71.342,,18,,8429551713429,8429551713429,EAN-13,https://cdn.shopify.com/s/files/1/0627/6159/9138/files/71342.webp?v=1758473698,https://spraygunner.com/products/vallejo-model-air-russian-af-light-blue-18ml,https://spraygunner.com/products/vallejo-model-air-russian-af-light-blue-18ml,published;check_digit_valid,paint,8429551713429,,2026-10-02
Vallejo,Model Air,Vallejo Model Air: Russian Green 4BO (18ml),71.017,,18,,8429551710176,8429551710176,EAN-13,https://cdn.shopify.com/s/files/1/0627/6159/9138/files/71017.webp?v=1758209706,https://spraygunner.com/products/vallejo-model-air-russian-green-4bo-18ml,https://spraygunner.com/products/vallejo-model-air-russian-green-4bo-18ml,published;check_digit_valid,paint,8429551710176,,2026-10-02
Vallejo,Model Air,Vallejo Model Air: Sand (18ml),71.112,,18,,8429551711128,8429551711128,EAN-13,https://cdn.shopify.com/s/files/1/0627/6159/9138/files/71112.webp?v=1758226504,https://spraygunner.com/products/vallejo-model-air-sand-18ml,https://spraygunner.com/products/vallejo-model-air-sand-18ml,published;check_digit_valid,paint,8429551711128,,2026-10-02
Vallejo,Model Air,Vallejo Model Air: Sand Beige RAL1039 (18ml),71.244,,18,,8429551712446,8429551712446,EAN-13,https://cdn.shopify.com/s/files/1/0627/6159/9138/files/71244.webp?v=1758461499,https://spraygunner.com/products/vallejo-model-air-sand-beige-ral1039-18ml,https://spraygunner.com/products/vallejo-model-air-sand-beige-ral1039-18ml,published;check_digit_valid,paint,8429551712446,,2026-10-02
Vallejo,Model Air,Vallejo Model Air: Sand Brown (18ml),71.034,,18,,8429551710343,8429551710343,EAN-13,https://cdn.shopify.com/s/files/1/0627/6159/9138/files/71034.webp?v=1758211529,https://spraygunner.com/products/vallejo-model-air-sand-brown-18ml,https://spraygunner.com/products/vallejo-model-air-sand-brown-18ml,published;check_digit_valid,paint,8429551710343,,2026-10-02
Vallejo,Model Air,Vallejo Model Air: Sand Yellow (18ml),71.028,,18,,8429551710282,8429551710282,EAN-13,https://cdn.shopify.com/s/files/1/0627/6159/9138/files/71028.webp?v=1758210902,https://spraygunner.com/products/vallejo-model-air-sand-yellow-18ml,https://spraygunner.com/products/vallejo-model-air-sand-yellow-18ml,published;check_digit_valid,paint,8429551710282,,2026-10-02
Vallejo,Model Air,Vallejo Model Air: Sand Yellow RLM79 (18ml),71.278,,18,,8429551712781,8429551712781,EAN-13,https://cdn.shopify.com/s/files/1/0627/6159/9138/files/71278.webp?v=1758466346,https://spraygunner.com/products/vallejo-model-air-sand-yellow-rlm79-18ml,https://spraygunner.com/products/vallejo-model-air-sand-yellow-rlm79-18ml,published;check_digit_valid,paint,8429551712781,,2026-10-02
Vallejo,Model Air,Vallejo Model Air: Sea Grey (18ml),71.049,,18,,8429551710497,8429551710497,EAN-13,https://cdn.shopify.com/s/files/1/0627/6159/9138/files/71049.webp?v=1758221143,https://spraygunner.com/products/vallejo-model-air-sea-grey-18ml,https://spraygunner.com/products/vallejo-model-air-sea-grey-18ml,published;check_digit_valid,paint,8429551710497,,2026-10-02
Vallejo,Model Air,Vallejo Model Air: Seaplane Gray (18ml),71.314,,18,,8429551713146,8429551713146,EAN-13,https://cdn.shopify.com/s/files/1/0627/6159/9138/files/71314.webp?v=1758471331,https://spraygunner.com/products/vallejo-model-air-seaplane-gray-18ml,https://spraygunner.com/products/vallejo-model-air-seaplane-gray-18ml,published;check_digit_valid,paint,8429551713146,,2026-10-02
Vallejo,Model Air,Vallejo Model Air: Signal Blue (18ml),71.091,,18,,8429551710916,8429551710916,EAN-13,https://cdn.shopify.com/s/files/1/0627/6159/9138/files/71091.webp?v=1758224063,https://spraygunner.com/products/vallejo-model-air-signal-blue-18ml,https://spraygunner.com/products/vallejo-model-air-signal-blue-18ml,published;check_digit_valid,paint,8429551710916,,2026-10-02
Vallejo,Model Air,Vallejo Model Air: Signal Red (Metallic) (18ml),71.070,,18,,8429551710701,8429551710701,EAN-13,https://cdn.shopify.com/s/files/1/0627/6159/9138/files/71070.webp?v=1758222107,https://spraygunner.com/products/vallejo-model-air-signal-red-metallic-18ml,https://spraygunner.com/products/vallejo-model-air-signal-red-metallic-18ml,published;check_digit_valid,paint,8429551710701,,2026-10-02
Vallejo,Model Air,Vallejo Model Air: Skin Tone (18ml),71.076,,18,,8429551710763,8429551710763,EAN-13,https://cdn.shopify.com/s/files/1/0627/6159/9138/files/71076.webp?v=1758222571,https://spraygunner.com/products/vallejo-model-air-skin-tone-18ml,https://getmodel.eu/en/vallejo-71076-skin-tone-model-air-paint,published_alternate_source;check_digit_valid,paint,$1.74,Barcode obtained from alternate published listing. Original source barcode retained in source_barcode. Same product code found in 17ml listing; original catalog lists 18ml packaging.,2026-10-02
Vallejo,Model Air,Vallejo Model Air: Sky Blue (18ml),71.306,,18,,8429551713061,8429551713061,EAN-13,https://cdn.shopify.com/s/files/1/0627/6159/9138/files/71306.webp?v=1758470149,https://spraygunner.com/products/vallejo-model-air-sky-blue-18ml,https://spraygunner.com/products/vallejo-model-air-sky-blue-18ml,published;check_digit_valid,paint,8429551713061,,2026-10-02
Vallejo,Model Air,Vallejo Model Air: Sky Type S (18ml),71.302,,18,,8429551713023,8429551713023,EAN-13,https://cdn.shopify.com/s/files/1/0627/6159/9138/files/71302.webp?v=1758469825,https://spraygunner.com/products/vallejo-model-air-sky-type-s-18ml,https://spraygunner.com/products/vallejo-model-air-sky-type-s-18ml,published;check_digit_valid,paint,8429551713023,,2026-10-02
Vallejo,Model Air,Vallejo Model Air: Steel Blue (18ml),71.087,,18,,8429551710879,8429551710879,EAN-13,https://cdn.shopify.com/s/files/1/0627/6159/9138/files/71087_4281558c-46c5-40bf-8ea5-ce8f4fc494fe.webp?v=1758223576,https://spraygunner.com/products/vallejo-model-air-steel-blue-18ml,https://spraygunner.com/products/vallejo-model-air-steel-blue-18ml,published;check_digit_valid,paint,8429551710879,,2026-10-02
Vallejo,Model Air,Vallejo Model Air: Tan Earth (18ml),71.079,,18,,8429551710794,8429551710794,EAN-13,https://cdn.shopify.com/s/files/1/0627/6159/9138/files/71079.webp?v=1758222850,https://spraygunner.com/products/vallejo-model-air-tan-earth-18ml,https://spraygunner.com/products/vallejo-model-air-tan-earth-18ml,published;check_digit_valid,paint,8429551710794,,2026-10-02
Vallejo,Model Air,Vallejo Model Air: Tire Black (18ml),71.315,,18,,8429551713153,8429551713153,EAN-13,https://cdn.shopify.com/s/files/1/0627/6159/9138/files/71315.webp?v=1758471430,https://spraygunner.com/products/vallejo-model-air-tire-black-18ml,https://spraygunner.com/products/vallejo-model-air-tire-black-18ml,published;check_digit_valid,paint,8429551713153,,2026-10-02
Vallejo,Model Air,Vallejo Model Air: UK Azure Blue (18ml),71.108,,18,,8429551711081,8429551711081,EAN-13,https://cdn.shopify.com/s/files/1/0627/6159/9138/files/71108.webp?v=1758226002,https://spraygunner.com/products/vallejo-model-air-uk-azure-blue-18ml,https://spraygunner.com/products/vallejo-model-air-uk-azure-blue-18ml,published;check_digit_valid,paint,8429551711081,,2026-10-02
Vallejo,Model Air,Vallejo Model Air: UK BSC 64 Portland Stone (18ml),71.288,,18,,8429551712880,8429551712880,EAN-13,https://cdn.shopify.com/s/files/1/0627/6159/9138/files/71288.webp?v=1758467212,https://spraygunner.com/products/vallejo-model-air-uk-bsc-64-portland-stone-18ml,https://spraygunner.com/products/vallejo-model-air-uk-bsc-64-portland-stone-18ml,published;check_digit_valid,paint,8429551712880,,2026-10-02
Vallejo,Model Air,Vallejo Model Air: UK Light Mud (18ml),71.284,,18,,8429551712842,8429551712842,EAN-13,https://cdn.shopify.com/s/files/1/0627/6159/9138/files/71284.webp?v=1758466862,https://spraygunner.com/products/vallejo-model-air-uk-light-mud-18ml,https://spraygunner.com/products/vallejo-model-air-uk-light-mud-18ml,published;check_digit_valid,texture/effect,8429551712842,,2026-10-02
Vallejo,Model Air,Vallejo Model Air: UK Light Stone (18ml),71.143,,18,,8429551711432,8429551711432,EAN-13,https://cdn.shopify.com/s/files/1/0627/6159/9138/files/71143.webp?v=1758461399,https://spraygunner.com/products/vallejo-model-air-uk-light-stone-18ml,https://spraygunner.com/products/vallejo-model-air-uk-light-stone-18ml,published;check_digit_valid,paint,8429551711432,,2026-10-02
Vallejo,Model Air,Vallejo Model Air: US Dark Green (18ml),71.289,,18,,8429551712897,8429551712897,EAN-13,https://cdn.shopify.com/s/files/1/0627/6159/9138/files/71289.webp?v=1758467296,https://spraygunner.com/products/vallejo-model-air-us-dark-green-18ml,https://spraygunner.com/products/vallejo-model-air-us-dark-green-18ml,published;check_digit_valid,paint,8429551712897,,2026-10-02
Vallejo,Model Air,Vallejo Model Air: US Desert Armour 686 (18ml),71.122,,18,,8429551711227,8429551711227,EAN-13,https://cdn.shopify.com/s/files/1/0627/6159/9138/files/71122.webp?v=1758227552,https://spraygunner.com/products/vallejo-model-air-us-desert-armour-686-18ml,https://spraygunner.com/products/vallejo-model-air-us-desert-armour-686-18ml,published;check_digit_valid,paint,8429551711227,,2026-10-02
Vallejo,Model Air,Vallejo Model Air: US Desert Sand (18ml),71.140,,18,,8429551711401,8429551711401,EAN-13,https://cdn.shopify.com/s/files/1/0627/6159/9138/files/71140.webp?v=1758461113,https://spraygunner.com/products/vallejo-model-air-us-desert-sand-18ml,https://spraygunner.com/products/vallejo-model-air-us-desert-sand-18ml,published;check_digit_valid,paint,8429551711401,,2026-10-02
Vallejo,Model Air,Vallejo Model Air: US Earth Brown (18ml),71.290,,18,,8429551712903,8429551712903,EAN-13,https://cdn.shopify.com/s/files/1/0627/6159/9138/files/71290.webp?v=1758468419,https://spraygunner.com/products/vallejo-model-air-us-earth-brown-18ml,https://spraygunner.com/products/vallejo-model-air-us-earth-brown-18ml,published;check_digit_valid,paint,8429551712903,,2026-10-02
Vallejo,Model Air,Vallejo Model Air: US Earth Red (18ml),71.293,,18,,8429551712934,8429551712934,EAN-13,https://cdn.shopify.com/s/files/1/0627/6159/9138/files/71293.webp?v=1758468880,https://spraygunner.com/products/vallejo-model-air-us-earth-red-18ml,https://spraygunner.com/products/vallejo-model-air-us-earth-red-18ml,published;check_digit_valid,paint,8429551712934,,2026-10-02
Vallejo,Model Air,Vallejo Model Air: US Earth Yellow (18ml),71.291,,18,,8429551712910,8429551712910,EAN-13,https://cdn.shopify.com/s/files/1/0627/6159/9138/files/71291.webp?v=1758468658,https://spraygunner.com/products/vallejo-model-air-us-earth-yellow-18ml,https://spraygunner.com/products/vallejo-model-air-us-earth-yellow-18ml,published;check_digit_valid,paint,8429551712910,,2026-10-02
Vallejo,Model Air,Vallejo Model Air: US Field Drab (18ml),71.139,,18,,8429551711395,8429551711395,EAN-13,https://cdn.shopify.com/s/files/1/0627/6159/9138/files/71139.webp?v=1758461018,https://spraygunner.com/products/vallejo-model-air-us-field-drab-18ml,https://spraygunner.com/products/vallejo-model-air-us-field-drab-18ml,published;check_digit_valid,paint,8429551711395,,2026-10-02
Vallejo,Model Air,Vallejo Model Air: US Forest Green (18ml),71.294,,18,,8429551712941,8429551712941,EAN-13,https://cdn.shopify.com/s/files/1/0627/6159/9138/files/71294.webp?v=1758468978,https://spraygunner.com/products/vallejo-model-air-us-forest-green-18ml,https://spraygunner.com/products/vallejo-model-air-us-forest-green-18ml,published;check_digit_valid,paint,8429551712941,,2026-10-02
Vallejo,Model Air,Vallejo Model Air: US Interior Yellow (18ml),71.107,,18,,8429551711074,8429551711074,EAN-13,https://cdn.shopify.com/s/files/1/0627/6159/9138/files/71107.webp?v=1758225895,https://spraygunner.com/products/vallejo-model-air-us-interior-yellow-18ml,https://spraygunner.com/products/vallejo-model-air-us-interior-yellow-18ml,published;check_digit_valid,paint,8429551711074,,2026-10-02
Vallejo,Model Air,Vallejo Model Air: US Light Green (18ml),71.137,,18,,8429551711371,8429551711371,EAN-13,https://cdn.shopify.com/s/files/1/0627/6159/9138/files/71137_391a60e7-4b46-4420-af91-8549c04fcf2e.webp?v=1758460697,https://spraygunner.com/products/vallejo-model-air-us-light-green-18ml,https://spraygunner.com/products/vallejo-model-air-us-light-green-18ml,published;check_digit_valid,paint,8429551711371,,2026-10-02
Vallejo,Model Air,Vallejo Model Air: US Loam (18ml),71.292,,18,,8429551712927,8429551712927,EAN-13,https://cdn.shopify.com/s/files/1/0627/6159/9138/files/71292.webp?v=1758468793,https://spraygunner.com/products/vallejo-model-air-us-loam-18ml,https://spraygunner.com/products/vallejo-model-air-us-loam-18ml,published;check_digit_valid,paint,8429551712927,,2026-10-02
Vallejo,Model Air,Vallejo Model Air: US Olive Drab (18ml),71.043,,18,,8429551710435,8429551710435,EAN-13,https://cdn.shopify.com/s/files/1/0627/6159/9138/files/71043.webp?v=1758212442,https://spraygunner.com/products/vallejo-model-air-us-olive-drab-18ml,https://spraygunner.com/products/vallejo-model-air-us-olive-drab-18ml,published;check_digit_valid,paint,8429551710435,,2026-10-02
Vallejo,Model Air,Vallejo Model Air: US Sand (18ml),71.138,,18,,8429551711388,8429551711388,EAN-13,https://cdn.shopify.com/s/files/1/0627/6159/9138/files/71138.webp?v=1758460860,https://spraygunner.com/products/vallejo-model-air-us-sand-18ml,https://spraygunner.com/products/vallejo-model-air-us-sand-18ml,published;check_digit_valid,paint,8429551711388,,2026-10-02
Vallejo,Model Air,Vallejo Model Air: USA Flat Brown (18ml),71.026,,18,,8429551710268,8429551710268,EAN-13,https://cdn.shopify.com/s/files/1/0627/6159/9138/files/71026.webp?v=1758210699,https://spraygunner.com/products/vallejo-model-air-usa-flat-brown-18ml,https://spraygunner.com/products/vallejo-model-air-usa-flat-brown-18ml,published;check_digit_valid,paint,8429551710268,,2026-10-02
Vallejo,Model Air,Vallejo Model Air: USAAF Light Gray (18ml),71.296,,18,,8429551712965,8429551712965,EAN-13,https://cdn.shopify.com/s/files/1/0627/6159/9138/files/71296.webp?v=1758469148,https://spraygunner.com/products/vallejo-model-air-usaaf-light-gray-18ml,https://spraygunner.com/products/vallejo-model-air-usaaf-light-gray-18ml,published;check_digit_valid,paint,8429551712965,,2026-10-02
Vallejo,Model Air,Vallejo Model Air: USAF Brown (18ml),71.125,,18,,8429551711258,8429551711258,EAN-13,https://cdn.shopify.com/s/files/1/0627/6159/9138/files/71125.webp?v=1758227812,https://spraygunner.com/products/vallejo-model-air-usaf-brown-18ml,https://spraygunner.com/products/vallejo-model-air-usaf-brown-18ml,published;check_digit_valid,paint,8429551711258,,2026-10-02
Vallejo,Model Air,Vallejo Model Air: USAF Dark Ghost Gray (18ml),71.120,,18,,8429551711203,8429551711203,EAN-13,https://cdn.shopify.com/s/files/1/0627/6159/9138/files/71120.webp?v=1758227326,https://spraygunner.com/products/vallejo-model-air-usaf-dark-ghost-gray-18ml,https://spraygunner.com/products/vallejo-model-air-usaf-dark-ghost-gray-18ml,published;check_digit_valid,paint,8429551711203,,2026-10-02
Vallejo,Model Air,Vallejo Model Air: USAF Green (18ml),71.124,,18,,8429551711241,8429551711241,EAN-13,https://cdn.shopify.com/s/files/1/0627/6159/9138/files/71124.webp?v=1758227733,https://spraygunner.com/products/vallejo-model-air-usaf-green-18ml,https://spraygunner.com/products/vallejo-model-air-usaf-green-18ml,published;check_digit_valid,paint,8429551711241,,2026-10-02
Vallejo,Model Air,Vallejo Model Air: USAF Light Blue (18ml),71.111,,18,,8429551711111,8429551711111,EAN-13,https://cdn.shopify.com/s/files/1/0627/6159/9138/files/71111.webp?v=1758226423,https://spraygunner.com/products/vallejo-model-air-usaf-light-blue-18ml,https://spraygunner.com/products/vallejo-model-air-usaf-light-blue-18ml,published;check_digit_valid,paint,8429551711111,,2026-10-02
Vallejo,Model Air,Vallejo Model Air: USAF Light Gray (18ml),71.276,,18,,8429551712767,8429551712767,EAN-13,https://cdn.shopify.com/s/files/1/0627/6159/9138/files/71276.webp?v=1758466187,https://spraygunner.com/products/vallejo-model-air-usaf-light-gray-18ml,https://spraygunner.com/products/vallejo-model-air-usaf-light-gray-18ml,published;check_digit_valid,paint,8429551712767,,2026-10-02
Vallejo,Model Air,Vallejo Model Air: USAF Medium Gray FS36270 (18ml),71.275,,18,,8429551712750,8429551712750,EAN-13,https://cdn.shopify.com/s/files/1/0627/6159/9138/files/71275.webp?v=1758466099,https://spraygunner.com/products/vallejo-model-air-usaf-medium-gray-fs36270-18ml,https://spraygunner.com/products/vallejo-model-air-usaf-medium-gray-fs36270-18ml,published;check_digit_valid,medium/auxiliary,8429551712750,,2026-10-02
Vallejo,Model Air,Vallejo Model Air: USAF Tan (18ml),71.348,,18,,8429551713481,8429551713481,EAN-13,https://cdn.shopify.com/s/files/1/0627/6159/9138/files/71348.webp?v=1758477137,https://spraygunner.com/products/vallejo-model-air-usaf-tan-18ml,https://spraygunner.com/products/vallejo-model-air-usaf-tan-18ml,published;check_digit_valid,paint,8429551713481,,2026-10-02
Vallejo,Model Air,Vallejo Model Air: USN Light Gull Gray (18ml),71.121,,18,,8429551711210,8429551711210,EAN-13,https://cdn.shopify.com/s/files/1/0627/6159/9138/files/71121.webp?v=1758227462,https://spraygunner.com/products/vallejo-model-air-usn-light-gull-gray-18ml,https://spraygunner.com/products/vallejo-model-air-usn-light-gull-gray-18ml,published;check_digit_valid,paint,8429551711210,,2026-10-02
Vallejo,Model Air,Vallejo Model Air: USN Sea Blue (18ml),71.295,,18,,8429551712958,8429551712958,EAN-13,https://cdn.shopify.com/s/files/1/0627/6159/9138/files/71295.webp?v=1758469056,https://spraygunner.com/products/vallejo-model-air-usn-sea-blue-18ml,https://spraygunner.com/products/vallejo-model-air-usn-sea-blue-18ml,published;check_digit_valid,paint,8429551712958,,2026-10-02
Vallejo,Model Air,Vallejo Model Air: Underside Blue “Faded” (18ml),71.332,,18,,8429551713320,8429551713320,EAN-13,https://cdn.shopify.com/s/files/1/0627/6159/9138/files/71332.webp?v=1758472829,https://spraygunner.com/products/vallejo-model-air-underside-blue-faded-18ml,https://spraygunner.com/products/vallejo-model-air-underside-blue-faded-18ml,published;check_digit_valid,paint,8429551713320,,2026-10-02
Vallejo,Model Air,Vallejo Model Air: White Grey RAL9002 (18ml),71.119,,18,,8429551711197,8429551711197,EAN-13,https://cdn.shopify.com/s/files/1/0627/6159/9138/files/71119.webp?v=1758227199,https://spraygunner.com/products/vallejo-model-air-white-grey-ral9002-18ml,https://spraygunner.com/products/vallejo-model-air-white-grey-ral9002-18ml,published;check_digit_valid,paint,8429551711197,,2026-10-02
Vallejo,Model Air,Vallejo Model Air: Wood (18ml),71.077,,18,,8429551710770,8429551710770,EAN-13,https://cdn.shopify.com/s/files/1/0627/6159/9138/files/71077.webp?v=1758222678,https://spraygunner.com/products/vallejo-model-air-wood-18ml,https://spraygunner.com/products/vallejo-model-air-wood-18ml,published;check_digit_valid,paint,8429551710770,,2026-10-02
Vallejo,Model Air,Vallejo Model Air: Yellow Brown RAL8031 (18ml),71.246,,18,,8429551712460,8429551712460,EAN-13,https://cdn.shopify.com/s/files/1/0627/6159/9138/files/71246.webp?v=1758461779,https://spraygunner.com/products/vallejo-model-air-yellow-brown-ral8031-18ml,https://spraygunner.com/products/vallejo-model-air-yellow-brown-ral8031-18ml,published;check_digit_valid,paint,8429551712460,,2026-10-02
Vallejo,Model Air,Vallejo Model Air: Yellow Ochre RAL1006 (18ml),71.033,,18,,8429551710336,8429551710336,EAN-13,https://cdn.shopify.com/s/files/1/0627/6159/9138/files/71033.webp?v=1758211374,https://spraygunner.com/products/vallejo-model-air-yellow-ochre-ral1006-18ml,https://spraygunner.com/products/vallejo-model-air-yellow-ochre-ral1006-18ml,published;check_digit_valid,paint,8429551710336,,2026-10-02
Vallejo,Model Air,Vallejo Model Air: Yellow Olive (18ml),71.013,,18,,8429551710138,8429551710138,EAN-13,https://cdn.shopify.com/s/files/1/0627/6159/9138/files/71013.webp?v=1758209420,https://spraygunner.com/products/vallejo-model-air-yellow-olive-18ml,https://spraygunner.com/products/vallejo-model-air-yellow-olive-18ml,published;check_digit_valid,paint,8429551710138,,2026-10-02
Vallejo,Model Air,Vallejo Model Air: Yellow RLM04 (18ml),71.078,,18,,8429551710787,8429551710787,EAN-13,https://cdn.shopify.com/s/files/1/0627/6159/9138/files/71078.webp?v=1758222758,https://spraygunner.com/products/vallejo-model-air-yellow-rlm04-18ml,https://spraygunner.com/products/vallejo-model-air-yellow-rlm04-18ml,published;check_digit_valid,paint,8429551710787,,2026-10-02
Vallejo,Model Color,Vallejo Liquid Model Color Mask (18mL),70.523,,18,,8429551705233,8429551705233,EAN-13,https://cdn.shopify.com/s/files/1/0627/6159/9138/files/70523_caf675a4-fbd9-49fb-8716-b47d6ea378ad.webp?v=1762448325,https://spraygunner.com/products/vallejo-liquid-model-color-mask-18ml,https://spraygunner.com/products/vallejo-liquid-model-color-mask-18ml,published;check_digit_valid,medium/auxiliary,8429551705233,,2026-10-02
Vallejo,Model Color,Vallejo Model Color: Amaranth Red (18ml),70.829,,18,,8429551708296,8429551708296,EAN-13,https://cdn.shopify.com/s/files/1/0627/6159/9138/files/70829-2.webp?v=1780858011,https://spraygunner.com/products/vallejo-model-color-amaranth-red-18ml,https://spraygunner.com/products/vallejo-model-color-amaranth-red-18ml,published;check_digit_valid,paint,8429551708296,,2026-10-02
Vallejo,Model Color,Vallejo Model Color: Andrea Blue (18ml),70.841,,18,,8429551708418,8429551708418,EAN-13,https://cdn.shopify.com/s/files/1/0627/6159/9138/files/70841-2.webp?v=1780858871,https://spraygunner.com/products/vallejo-model-color-andrea-blue-18ml,https://spraygunner.com/products/vallejo-model-color-andrea-blue-18ml,published;check_digit_valid,paint,8429551708418,,2026-10-02
Vallejo,Model Color,Vallejo Model Color: Azure (18ml),70.902,,18,,8429551709026,8429551709026,EAN-13,https://cdn.shopify.com/s/files/1/0627/6159/9138/files/70902-2.webp?v=1780928212,https://spraygunner.com/products/vallejo-model-color-azure-18ml,https://spraygunner.com/products/vallejo-model-color-azure-18ml,published;check_digit_valid,paint,8429551709026,,2026-10-02
Vallejo,Model Color,Vallejo Model Color: BC Dark Brown (18ml),70.768,,18,,8429551707688,8429551707688,EAN-13,https://cdn.shopify.com/s/files/1/0627/6159/9138/files/70768-2.webp?v=1780850004,https://spraygunner.com/products/vallejo-model-color-bc-dark-brown-18ml,https://spraygunner.com/products/vallejo-model-color-bc-dark-brown-18ml,published;check_digit_valid,paint,8429551707688,,2026-10-02
Vallejo,Model Color,Vallejo Model Color: Basalt Grey (18ml),70.869,,18,,8429551708692,8429551708692,EAN-13,https://cdn.shopify.com/s/files/1/0627/6159/9138/files/70869-2.webp?v=1780861850,https://spraygunner.com/products/vallejo-model-color-basalt-grey-18ml,https://spraygunner.com/products/vallejo-model-color-basalt-grey-18ml,published;check_digit_valid,paint,8429551708692,,2026-10-02
Vallejo,Model Color,Vallejo Model Color: Basic Skin Tone (18ml),70.815,,18,,8429551708159,8429551708159,EAN-13,https://cdn.shopify.com/s/files/1/0627/6159/9138/files/70815-2.webp?v=1780856178,https://spraygunner.com/products/vallejo-model-color-basic-skin-tone-18ml,https://spraygunner.com/products/vallejo-model-color-basic-skin-tone-18ml,published;check_digit_valid,paint,8429551708159,,2026-10-02
Vallejo,Model Color,Vallejo Model Color: Beige (18ml),70.917,,18,,8429551709170,8429551709170,EAN-13,https://cdn.shopify.com/s/files/1/0627/6159/9138/files/70917-2.webp?v=1780930515,https://spraygunner.com/products/vallejo-model-color-beige-18ml,https://spraygunner.com/products/vallejo-model-color-beige-18ml,published;check_digit_valid,paint,8429551709170,,2026-10-02
Vallejo,Model Color,Vallejo Model Color: Beige Brown (18ml),70.875,,18,,8429551708753,8429551708753,EAN-13,https://cdn.shopify.com/s/files/1/0627/6159/9138/files/70875-2.webp?v=1780862697,https://spraygunner.com/products/vallejo-model-color-beige-brown-18ml,https://spraygunner.com/products/vallejo-model-color-beige-brown-18ml,published;check_digit_valid,paint,8429551708753,,2026-10-02
Vallejo,Model Color,Vallejo Model Color: Beige Red (18ml),70.804,,18,,8429551708043,8429551708043,EAN-13,https://cdn.shopify.com/s/files/1/0627/6159/9138/files/70804-2.webp?v=1780851715,https://spraygunner.com/products/vallejo-model-color-beige-red-18ml,https://spraygunner.com/products/vallejo-model-color-beige-red-18ml,published;check_digit_valid,paint,8429551708043,,2026-10-02
Vallejo,Model Color,Vallejo Model Color: Black (18ml),70.950,,18,,8429551709507,8429551709507,EAN-13,https://cdn.shopify.com/s/files/1/0627/6159/9138/files/70950-2.webp?v=1780936679,https://spraygunner.com/products/vallejo-model-color-black-18ml,https://spraygunner.com/products/vallejo-model-color-black-18ml,published;check_digit_valid,paint,8429551709507,,2026-10-02
Vallejo,Model Color,Vallejo Model Color: Black Green (18ml),70.980,,18,,8429551709804,8429551709804,EAN-13,https://cdn.shopify.com/s/files/1/0627/6159/9138/files/70980-2.webp?v=1780944389,https://spraygunner.com/products/vallejo-model-color-black-green-18ml,https://spraygunner.com/products/vallejo-model-color-black-green-18ml,published;check_digit_valid,paint,8429551709804,,2026-10-02
Vallejo,Model Color,Vallejo Model Color: Black Grey (18ml),70.862,,18,,8429551708623,8429551708623,EAN-13,https://cdn.shopify.com/s/files/1/0627/6159/9138/files/70862-2.webp?v=1780860539,https://spraygunner.com/products/vallejo-model-color-black-grey-18ml,https://spraygunner.com/products/vallejo-model-color-black-grey-18ml,published;check_digit_valid,paint,8429551708623,,2026-10-02
Vallejo,Model Color,Vallejo Model Color: Black Red (18ml),70.859,,18,,8429551708593,8429551708593,EAN-13,https://cdn.shopify.com/s/files/1/0627/6159/9138/files/70859-2.webp?v=1780860171,https://spraygunner.com/products/vallejo-model-color-black-red-18ml,https://spraygunner.com/products/vallejo-model-color-black-red-18ml,published;check_digit_valid,paint,8429551708593,,2026-10-02
Vallejo,Model Color,Vallejo Model Color: Black Violet (18ml),70.751,,18,,8429551707510,8429551707510,EAN-13,https://cdn.shopify.com/s/files/1/0627/6159/9138/files/70751-2.webp?v=1780847776,https://spraygunner.com/products/vallejo-model-color-black-violet-18ml,https://spraygunner.com/products/vallejo-model-color-black-violet-18ml,published;check_digit_valid,paint,8429551707510,,2026-10-02
Vallejo,Model Color,Vallejo Model Color: Blue (18ml),70.925,,18,,8429551709255,8429551709255,EAN-13,https://cdn.shopify.com/s/files/1/0627/6159/9138/files/70925-2.webp?v=1780933654,https://spraygunner.com/products/vallejo-model-color-blue-18ml,https://spraygunner.com/products/vallejo-model-color-blue-18ml,published;check_digit_valid,paint,8429551709255,,2026-10-02
Vallejo,Model Color,Vallejo Model Color: Blue Green (18ml),70.808,,18,,8429551708081,8429551708081,EAN-13,https://cdn.shopify.com/s/files/1/0627/6159/9138/files/70808-2.webp?v=1780852665,https://spraygunner.com/products/vallejo-model-color-blue-green-18ml,https://spraygunner.com/products/vallejo-model-color-blue-green-18ml,published;check_digit_valid,paint,8429551708081,,2026-10-02
Vallejo,Model Color,Vallejo Model Color: Blue Grey Pale (18ml),70.905,,18,,8429551709057,8429551709057,EAN-13,https://cdn.shopify.com/s/files/1/0627/6159/9138/files/70905-2.webp?v=1780928484,https://spraygunner.com/products/vallejo-model-color-blue-grey-pale-18ml,https://spraygunner.com/products/vallejo-model-color-blue-grey-pale-18ml,published;check_digit_valid,paint,8429551709057,,2026-10-02
Vallejo,Model Color,Vallejo Model Color: Blue Violet (18ml),70.811,,18,,8429551708111,8429551708111,EAN-13,https://cdn.shopify.com/s/files/1/0627/6159/9138/files/70811-2.webp?v=1780853039,https://spraygunner.com/products/vallejo-model-color-blue-violet-18ml,https://spraygunner.com/products/vallejo-model-color-blue-violet-18ml,published;check_digit_valid,paint,8429551708111,,2026-10-02
Vallejo,Model Color,Vallejo Model Color: Brass (18ml),70.801,,18,,8429551708012,8429551708012,EAN-13,https://cdn.shopify.com/s/files/1/0627/6159/9138/files/70801-2.webp?v=1780851321,https://spraygunner.com/products/vallejo-model-color-brass-18ml,https://spraygunner.com/products/vallejo-model-color-brass-18ml,published;check_digit_valid,paint,8429551708012,,2026-10-02
Vallejo,Model Color,Vallejo Model Color: Bright Green (18ml),70.758,,18,,8429551707589,8429551707589,EAN-13,https://cdn.shopify.com/s/files/1/0627/6159/9138/files/70758-2.webp?v=1780848689,https://spraygunner.com/products/vallejo-model-color-bright-green-18ml,https://spraygunner.com/products/vallejo-model-color-bright-green-18ml,published;check_digit_valid,paint,8429551707589,,2026-10-02
Vallejo,Model Color,Vallejo Model Color: Bright Orange (18ml),70.851,,18,,8429551708517,8429551708517,EAN-13,https://cdn.shopify.com/s/files/1/0627/6159/9138/files/70851-2.webp?v=1780859787,https://spraygunner.com/products/vallejo-model-color-bright-orange-18ml,https://spraygunner.com/products/vallejo-model-color-bright-orange-18ml,published;check_digit_valid,paint,8429551708517,,2026-10-02
Vallejo,Model Color,Vallejo Model Color: Bronze (18ml),70.998,,18,,8429551709989,8429551709989,EAN-13,https://cdn.shopify.com/s/files/1/0627/6159/9138/files/70998-2.webp?v=1780948763,https://spraygunner.com/products/vallejo-model-color-bronze-18ml,https://spraygunner.com/products/vallejo-model-color-bronze-18ml,published;check_digit_valid,paint,8429551709989,,2026-10-02
Vallejo,Model Color,Vallejo Model Color: Bronze Green (18ml),70.897,,18,,8429551708975,8429551708975,EAN-13,https://cdn.shopify.com/s/files/1/0627/6159/9138/files/70897-2.webp?v=1780927747,https://spraygunner.com/products/vallejo-model-color-bronze-green-18ml,https://spraygunner.com/products/vallejo-model-color-bronze-green-18ml,published;check_digit_valid,paint,8429551708975,,2026-10-02
Vallejo,Model Color,Vallejo Model Color: Brown Rose (18ml),70.803,,18,,8429551708036,8429551708036,EAN-13,https://cdn.shopify.com/s/files/1/0627/6159/9138/files/70803-2.webp?v=1780851595,https://spraygunner.com/products/vallejo-model-color-brown-rose-18ml,https://spraygunner.com/products/vallejo-model-color-brown-rose-18ml,published;check_digit_valid,paint,8429551708036,,2026-10-02
Vallejo,Model Color,Vallejo Model Color: Brown Sand (18ml),70.876,,18,,8429551708760,8429551708760,EAN-13,https://cdn.shopify.com/s/files/1/0627/6159/9138/files/70876-2.webp?v=1780862812,https://spraygunner.com/products/vallejo-model-color-brown-sand-18ml,https://spraygunner.com/products/vallejo-model-color-brown-sand-18ml,published;check_digit_valid,paint,8429551708760,,2026-10-02
Vallejo,Model Color,Vallejo Model Color: Buff (18ml),70.976,,18,,8429551709767,8429551709767,EAN-13,https://cdn.shopify.com/s/files/1/0627/6159/9138/files/70976-2.webp?v=1780942467,https://spraygunner.com/products/vallejo-model-color-buff-18ml,https://spraygunner.com/products/vallejo-model-color-buff-18ml,published;check_digit_valid,paint,8429551709767,,2026-10-02
Vallejo,Model Color,Vallejo Model Color: Burnt Red (18ml),70.814,,18,,8429551708142,8429551708142,EAN-13,https://cdn.shopify.com/s/files/1/0627/6159/9138/files/70814-2.webp?v=1780853313,https://spraygunner.com/products/vallejo-model-color-burnt-red-18ml,https://spraygunner.com/products/vallejo-model-color-burnt-red-18ml,published;check_digit_valid,paint,8429551708142,,2026-10-02
Vallejo,Model Color,Vallejo Model Color: Burnt Umber (18ml),70.941,,18,,8429551709415,8429551709415,EAN-13,https://cdn.shopify.com/s/files/1/0627/6159/9138/files/70941-2.webp?v=1780935333,https://spraygunner.com/products/vallejo-model-color-burnt-umber-18ml,https://spraygunner.com/products/vallejo-model-color-burnt-umber-18ml,published;check_digit_valid,paint,8429551709415,,2026-10-02
Vallejo,Model Color,Vallejo Model Color: Camouflage Black Brown (18ml),70.822,,18,,8429551708227,8429551708227,EAN-13,https://cdn.shopify.com/s/files/1/0627/6159/9138/files/70822-2.webp?v=1780857088,https://spraygunner.com/products/vallejo-model-color-camouflage-black-brown-18ml,https://spraygunner.com/products/vallejo-model-color-camouflage-black-brown-18ml,published;check_digit_valid,paint,8429551708227,,2026-10-02
Vallejo,Model Color,Vallejo Model Color: Camouflage Black Green (18ml),70.741,,18,,8429551707411,8429551707411,EAN-13,https://cdn.shopify.com/s/files/1/0627/6159/9138/files/70741-2.webp?v=1780845985,https://spraygunner.com/products/vallejo-model-color-camouflage-black-green-18ml,https://spraygunner.com/products/vallejo-model-color-camouflage-black-green-18ml,published;check_digit_valid,paint,8429551707411,,2026-10-02
Vallejo,Model Color,Vallejo Model Color: Camouflage Dark Green (18ml),70.979,,18,,8429551709798,8429551709798,EAN-13,https://cdn.shopify.com/s/files/1/0627/6159/9138/files/70979-2.webp?v=1780944276,https://spraygunner.com/products/vallejo-model-color-camouflage-dark-green-18ml,https://spraygunner.com/products/vallejo-model-color-camouflage-dark-green-18ml,published;check_digit_valid,paint,8429551709798,,2026-10-02
Vallejo,Model Color,Vallejo Model Color: Camouflage Middle Brown (18ml),70.740,,18,,8429551707404,8429551707404,EAN-13,https://cdn.shopify.com/s/files/1/0627/6159/9138/files/70740-2.webp?v=1780845762,https://spraygunner.com/products/vallejo-model-color-camouflage-middle-brown-18ml,https://spraygunner.com/products/vallejo-model-color-camouflage-middle-brown-18ml,published;check_digit_valid,paint,8429551707404,,2026-10-02
Vallejo,Model Color,Vallejo Model Color: Camouflage Olive Green (18ml),70.894,,18,,8429551708944,8429551708944,EAN-13,https://cdn.shopify.com/s/files/1/0627/6159/9138/files/70894-2.webp?v=1780927108,https://spraygunner.com/products/vallejo-model-color-camouflage-olive-green-18ml,https://spraygunner.com/products/vallejo-model-color-camouflage-olive-green-18ml,published;check_digit_valid,paint,8429551708944,,2026-10-02
Vallejo,Model Color,Vallejo Model Color: Canvas (18ml),70.763,,18,,8429551707633,8429551707633,EAN-13,https://cdn.shopify.com/s/files/1/0627/6159/9138/files/70763-2.webp?v=1780849322,https://spraygunner.com/products/vallejo-model-color-canvas-18ml,https://spraygunner.com/products/vallejo-model-color-canvas-18ml,published;check_digit_valid,paint,8429551707633,,2026-10-02
Vallejo,Model Color,Vallejo Model Color: Carmine Red (18ml),70.908,,18,,8429551709088,8429551709088,EAN-13,https://cdn.shopify.com/s/files/1/0627/6159/9138/files/70908-2.webp?v=1780929588,https://spraygunner.com/products/vallejo-model-color-carmine-red-18ml,https://spraygunner.com/products/vallejo-model-color-carmine-red-18ml,published;check_digit_valid,paint,8429551709088,,2026-10-02
Vallejo,Model Color,Vallejo Model Color: Cavalry Brown (18ml),70.982,,18,,8429551709828,8429551709828,EAN-13,https://cdn.shopify.com/s/files/1/0627/6159/9138/files/70982-2.webp?v=1780945866,https://spraygunner.com/products/vallejo-model-color-cavalry-brown-18ml,https://spraygunner.com/products/vallejo-model-color-cavalry-brown-18ml,published;check_digit_valid,paint,8429551709828,,2026-10-02
Vallejo,Model Color,Vallejo Model Color: Chestnut Brown (18ml),70.746,,18,,8429551707466,8429551707466,EAN-13,https://cdn.shopify.com/s/files/1/0627/6159/9138/files/70746-2.webp?v=1780846702,https://spraygunner.com/products/vallejo-model-color-chestnut-brown-18ml,https://spraygunner.com/products/vallejo-model-color-chestnut-brown-18ml,published;check_digit_valid,paint,8429551707466,,2026-10-02
Vallejo,Model Color,Vallejo Model Color: Chocolate Brown (18ml),70.872,,18,,8429551708722,8429551708722,EAN-13,https://cdn.shopify.com/s/files/1/0627/6159/9138/files/70872-2.webp?v=1780862231,https://spraygunner.com/products/vallejo-model-color-chocolate-brown-18ml,https://spraygunner.com/products/vallejo-model-color-chocolate-brown-18ml,published;check_digit_valid,paint,8429551708722,,2026-10-02
Vallejo,Model Color,Vallejo Model Color: Clear Orange (18ml),70.956,,18,,8429551709569,8429551709569,EAN-13,https://cdn.shopify.com/s/files/1/0627/6159/9138/files/70956-2.webp?v=1780937529,https://spraygunner.com/products/vallejo-model-color-clear-orange-18ml,https://spraygunner.com/products/vallejo-model-color-clear-orange-18ml,published;check_digit_valid,paint,8429551709569,,2026-10-02
Vallejo,Model Color,Vallejo Model Color: Cold White (18ml),70.919,,18,,8429551709194,8429551709194,EAN-13,https://cdn.shopify.com/s/files/1/0627/6159/9138/files/70919-2.webp?v=1780932326,https://spraygunner.com/products/vallejo-model-color-cold-white-18ml,https://spraygunner.com/products/vallejo-model-color-cold-white-18ml,published;check_digit_valid,paint,8429551709194,,2026-10-02
Vallejo,Model Color,Vallejo Model Color: Continental Blue (18ml),70.754,,18,,8429551707541,8429551707541,EAN-13,https://cdn.shopify.com/s/files/1/0627/6159/9138/files/70754-2.webp?v=1780848173,https://spraygunner.com/products/vallejo-model-color-continental-blue-18ml,https://spraygunner.com/products/vallejo-model-color-continental-blue-18ml,published;check_digit_valid,paint,8429551707541,,2026-10-02
Vallejo,Model Color,Vallejo Model Color: Copper (18ml),70.999,,18,,8429551709996,8429551709996,EAN-13,https://cdn.shopify.com/s/files/1/0627/6159/9138/files/70999-2.webp?v=1780948880,https://spraygunner.com/products/vallejo-model-color-copper-18ml,https://spraygunner.com/products/vallejo-model-color-copper-18ml,published;check_digit_valid,paint,8429551709996,,2026-10-02
Vallejo,Model Color,Vallejo Model Color: Cork Brown (18ml),70.843,,18,,8429551708432,8429551708432,EAN-13,https://cdn.shopify.com/s/files/1/0627/6159/9138/files/70843-2.webp?v=1780859003,https://spraygunner.com/products/vallejo-model-color-cork-brown-18ml,https://spraygunner.com/products/vallejo-model-color-cork-brown-18ml,published;check_digit_valid,paint,8429551708432,,2026-10-02
Vallejo,Model Color,Vallejo Model Color: Cream White (18ml),70.766,,18,,8429551707664,8429551707664,EAN-13,https://cdn.shopify.com/s/files/1/0627/6159/9138/files/70766-2.webp?v=1780849741,https://spraygunner.com/products/vallejo-model-color-cream-white-18ml,https://spraygunner.com/products/vallejo-model-color-cream-white-18ml,published;check_digit_valid,paint,8429551707664,,2026-10-02
Vallejo,Model Color,Vallejo Model Color: Dark Blue (18ml),70.930,,18,,8429551709309,8429551709309,EAN-13,https://cdn.shopify.com/s/files/1/0627/6159/9138/files/70930-2.webp?v=1780934914,https://spraygunner.com/products/vallejo-model-color-dark-blue-18ml,https://spraygunner.com/products/vallejo-model-color-dark-blue-18ml,published;check_digit_valid,paint,8429551709309,,2026-10-02
Vallejo,Model Color,Vallejo Model Color: Dark Blue Grey (18ml),70.867,,18,,8429551708678,8429551708678,EAN-13,https://cdn.shopify.com/s/files/1/0627/6159/9138/files/70867-2.webp?v=1780861422,https://spraygunner.com/products/vallejo-model-color-dark-blue-grey-18ml,https://spraygunner.com/products/vallejo-model-color-dark-blue-grey-18ml,published;check_digit_valid,paint,8429551708678,,2026-10-02
Vallejo,Model Color,Vallejo Model Color: Dark Flesh (18ml),70.927,,18,,8429551709279,8429551709279,EAN-13,https://cdn.shopify.com/s/files/1/0627/6159/9138/files/70927-2.webp?v=1780933886,https://spraygunner.com/products/vallejo-model-color-dark-flesh-18ml,https://spraygunner.com/products/vallejo-model-color-dark-flesh-18ml,published;check_digit_valid,paint,8429551709279,,2026-10-02
Vallejo,Model Color,Vallejo Model Color: Dark Grey (18ml),70.994,,18,,8429551709941,8429551709941,EAN-13,https://cdn.shopify.com/s/files/1/0627/6159/9138/files/70994-2.webp?v=1780948273,https://spraygunner.com/products/vallejo-model-color-dark-grey-18ml,https://spraygunner.com/products/vallejo-model-color-dark-grey-18ml,published;check_digit_valid,paint,8429551709941,,2026-10-02
Vallejo,Model Color,Vallejo Model Color: Dark Prussian Blue (18ml),70.899,,18,,8429551708999,8429551708999,EAN-13,https://cdn.shopify.com/s/files/1/0627/6159/9138/files/70899-2.webp?v=1780927976,https://spraygunner.com/products/vallejo-model-color-dark-prussian-blue-18ml,https://spraygunner.com/products/vallejo-model-color-dark-prussian-blue-18ml,published;check_digit_valid,paint,8429551708999,,2026-10-02
Vallejo,Model Color,Vallejo Model Color: Dark Purple (18ml),70.749,,18,,8429551707497,8429551707497,EAN-13,https://cdn.shopify.com/s/files/1/0627/6159/9138/files/70749-2.webp?v=1780847219,https://spraygunner.com/products/vallejo-model-color-dark-purple-18ml,https://spraygunner.com/products/vallejo-model-color-dark-purple-18ml,published;check_digit_valid,paint,8429551707497,,2026-10-02
Vallejo,Model Color,Vallejo Model Color: Dark Red (18ml),70.946,,18,,8429551709460,8429551709460,EAN-13,https://cdn.shopify.com/s/files/1/0627/6159/9138/files/70946-2.webp?v=1780935955,https://spraygunner.com/products/vallejo-model-color-dark-red-18ml,https://spraygunner.com/products/vallejo-model-color-dark-red-18ml,published;check_digit_valid,paint,8429551709460,,2026-10-02
Vallejo,Model Color,Vallejo Model Color: Dark Rose (18ml),70.745,,18,,8429551707459,8429551707459,EAN-13,https://cdn.shopify.com/s/files/1/0627/6159/9138/files/70745-2.webp?v=1780846128,https://spraygunner.com/products/vallejo-model-color-dark-rose-18ml,https://spraygunner.com/products/vallejo-model-color-dark-rose-18ml,published;check_digit_valid,paint,8429551707459,,2026-10-02
Vallejo,Model Color,Vallejo Model Color: Dark Rust (18ml),70.771,,18,,8429551707718,8429551707718,EAN-13,https://cdn.shopify.com/s/files/1/0627/6159/9138/files/70771-2.webp?v=1780850376,https://spraygunner.com/products/vallejo-model-color-dark-rust-18ml,https://spraygunner.com/products/vallejo-model-color-dark-rust-18ml,published;check_digit_valid,paint,8429551707718,,2026-10-02
Vallejo,Model Color,Vallejo Model Color: Dark Sand (18ml),70.847,,18,,8429551708470,8429551708470,EAN-13,https://cdn.shopify.com/s/files/1/0627/6159/9138/files/70847-2.webp?v=1780859547,https://spraygunner.com/products/vallejo-model-color-dark-sand-18ml,https://spraygunner.com/products/vallejo-model-color-dark-sand-18ml,published;check_digit_valid,paint,8429551708470,,2026-10-02
Vallejo,Model Color,Vallejo Model Color: Dark Sea Blue (18ml),70.898,,18,,8429551708982,8429551708982,EAN-13,https://cdn.shopify.com/s/files/1/0627/6159/9138/files/70898-2.webp?v=1780927862,https://spraygunner.com/products/vallejo-model-color-dark-sea-blue-18ml,https://spraygunner.com/products/vallejo-model-color-dark-sea-blue-18ml,published;check_digit_valid,paint,8429551708982,,2026-10-02
Vallejo,Model Color,Vallejo Model Color: Dark Sea Green (18ml),70.868,,18,,8429551708685,8429551708685,EAN-13,https://cdn.shopify.com/s/files/1/0627/6159/9138/files/70868-2.webp?v=1780861630,https://spraygunner.com/products/vallejo-model-color-dark-sea-green-18ml,https://spraygunner.com/products/vallejo-model-color-dark-sea-green-18ml,published;check_digit_valid,paint,8429551708685,,2026-10-02
Vallejo,Model Color,Vallejo Model Color: Dark Sea Grey (18ml),70.991,,18,,8429551709910,8429551709910,EAN-13,https://cdn.shopify.com/s/files/1/0627/6159/9138/files/70991-2.webp?v=1780947913,https://spraygunner.com/products/vallejo-model-color-dark-sea-grey-18ml,https://spraygunner.com/products/vallejo-model-color-dark-sea-grey-18ml,published;check_digit_valid,paint,8429551709910,,2026-10-02
Vallejo,Model Color,Vallejo Model Color: Dark Vermilion (18ml),70.947,,18,,8429551709477,8429551709477,EAN-13,https://cdn.shopify.com/s/files/1/0627/6159/9138/files/70947-2.webp?v=1780936145,https://spraygunner.com/products/vallejo-model-color-dark-vermilion-18ml,https://spraygunner.com/products/vallejo-model-color-dark-vermilion-18ml,published;check_digit_valid,paint,8429551709477,,2026-10-02
Vallejo,Model Color,Vallejo Model Color: Dark Yellow (18ml),70.978,,18,,8429551709781,8429551709781,EAN-13,https://cdn.shopify.com/s/files/1/0627/6159/9138/files/70978-2.webp?v=1780942711,https://spraygunner.com/products/vallejo-model-color-dark-yellow-18ml,https://spraygunner.com/products/vallejo-model-color-dark-yellow-18ml,published;check_digit_valid,paint,8429551709781,,2026-10-02
Vallejo,Model Color,Vallejo Model Color: Deck Tan (18ml),70.986,,18,,8429551709866,8429551709866,EAN-13,https://cdn.shopify.com/s/files/1/0627/6159/9138/files/70986-2.webp?v=1780947343,https://spraygunner.com/products/vallejo-model-color-deck-tan-18ml,https://spraygunner.com/products/vallejo-model-color-deck-tan-18ml,published;check_digit_valid,paint,8429551709866,,2026-10-02
Vallejo,Model Color,Vallejo Model Color: Deep Green (18ml),70.970,,18,,8429551709705,8429551709705,EAN-13,https://cdn.shopify.com/s/files/1/0627/6159/9138/files/70970-2.webp?v=1780941829,https://spraygunner.com/products/vallejo-model-color-deep-green-18ml,https://spraygunner.com/products/vallejo-model-color-deep-green-18ml,published;check_digit_valid,paint,8429551709705,,2026-10-02
Vallejo,Model Color,Vallejo Model Color: Deep Sky Blue (18ml),70.844,,18,,8429551708449,8429551708449,EAN-13,https://cdn.shopify.com/s/files/1/0627/6159/9138/files/70844-2.webp?v=1780859119,https://spraygunner.com/products/vallejo-model-color-deep-sky-blue-18ml,https://spraygunner.com/products/vallejo-model-color-deep-sky-blue-18ml,published;check_digit_valid,paint,8429551708449,,2026-10-02
Vallejo,Model Color,Vallejo Model Color: Deep Yellow (18ml),70.915,,18,,8429551709156,8429551709156,EAN-13,https://cdn.shopify.com/s/files/1/0627/6159/9138/files/70915-2.webp?v=1780930259,https://spraygunner.com/products/vallejo-model-color-deep-yellow-18ml,https://spraygunner.com/products/vallejo-model-color-deep-yellow-18ml,published;check_digit_valid,paint,8429551709156,,2026-10-02
Vallejo,Model Color,Vallejo Model Color: Desert Brown (18ml),70.767,,18,,8429551707671,8429551707671,EAN-13,https://cdn.shopify.com/s/files/1/0627/6159/9138/files/70767-2.webp?v=1780849874,https://spraygunner.com/products/vallejo-model-color-desert-brown-18ml,https://spraygunner.com/products/vallejo-model-color-desert-brown-18ml,published;check_digit_valid,paint,8429551707671,,2026-10-02
Vallejo,Model Color,Vallejo Model Color: Desert Tan (18ml),70.765,,18,,8429551707657,8429551707657,EAN-13,https://cdn.shopify.com/s/files/1/0627/6159/9138/files/70765-2.webp?v=1780849616,https://spraygunner.com/products/vallejo-model-color-desert-tan-18ml,https://spraygunner.com/products/vallejo-model-color-desert-tan-18ml,published;check_digit_valid,paint,8429551707657,,2026-10-02
Vallejo,Model Color,Vallejo Model Color: Desert Yellow (18ml),70.977,,18,,8429551709774,8429551709774,EAN-13,https://cdn.shopify.com/s/files/1/0627/6159/9138/files/70977-2.webp?v=1780942593,https://spraygunner.com/products/vallejo-model-color-desert-yellow-18ml,https://spraygunner.com/products/vallejo-model-color-desert-yellow-18ml,published;check_digit_valid,paint,8429551709774,,2026-10-02
Vallejo,Model Color,Vallejo Model Color: Emerald (18ml),70.838,,18,,8429551708388,8429551708388,EAN-13,https://cdn.shopify.com/s/files/1/0627/6159/9138/files/70838-2.webp?v=1780858625,https://spraygunner.com/products/vallejo-model-color-emerald-18ml,https://spraygunner.com/products/vallejo-model-color-emerald-18ml,published;check_digit_valid,paint,8429551708388,,2026-10-02
Vallejo,Model Color,Vallejo Model Color: English Uniform (18ml),70.921,,18,,8429551709217,8429551709217,EAN-13,https://cdn.shopify.com/s/files/1/0627/6159/9138/files/70921-2.webp?v=1780933186,https://spraygunner.com/products/vallejo-model-color-english-uniform-18ml,https://spraygunner.com/products/vallejo-model-color-english-uniform-18ml,published;check_digit_valid,paint,8429551709217,,2026-10-02
Vallejo,Model Color,Vallejo Model Color: Extra Dark Green (18ml),70.896,,18,,8429551708968,8429551708968,EAN-13,https://cdn.shopify.com/s/files/1/0627/6159/9138/files/70896-2.webp?v=1780927623,https://spraygunner.com/products/vallejo-model-color-extra-dark-green-18ml,https://spraygunner.com/products/vallejo-model-color-extra-dark-green-18ml,published;check_digit_valid,paint,8429551708968,,2026-10-02
Vallejo,Model Color,Vallejo Model Color: Faded Red (18ml),70.747,,18,,8429551707473,8429551707473,EAN-13,https://cdn.shopify.com/s/files/1/0627/6159/9138/files/70747-2.webp?v=1780846851,https://spraygunner.com/products/vallejo-model-color-faded-red-18ml,https://spraygunner.com/products/vallejo-model-color-faded-red-18ml,published;check_digit_valid,paint,8429551707473,,2026-10-02
Vallejo,Model Color,Vallejo Model Color: Fern Green (18ml),70.833,,18,,8429551708333,8429551708333,EAN-13,https://cdn.shopify.com/s/files/1/0627/6159/9138/files/70833-2.webp?v=1780858265,https://spraygunner.com/products/vallejo-model-color-fern-green-18ml,https://spraygunner.com/products/vallejo-model-color-fern-green-18ml,published;check_digit_valid,paint,8429551708333,,2026-10-02
Vallejo,Model Color,Vallejo Model Color: Field Blue (18ml),70.964,,18,,8429551709644,8429551709644,EAN-13,https://cdn.shopify.com/s/files/1/0627/6159/9138/files/70964-2.webp?v=1780940918,https://spraygunner.com/products/vallejo-model-color-field-blue-18ml,https://spraygunner.com/products/vallejo-model-color-field-blue-18ml,published;check_digit_valid,paint,8429551709644,,2026-10-02
Vallejo,Model Color,Vallejo Model Color: Flat Blue (18ml),70.962,,18,,8429551709620,8429551709620,EAN-13,https://cdn.shopify.com/s/files/1/0627/6159/9138/files/70962-2.webp?v=1780940671,https://spraygunner.com/products/vallejo-model-color-flat-blue-18ml,https://spraygunner.com/products/vallejo-model-color-flat-blue-18ml,published;check_digit_valid,paint,8429551709620,,2026-10-02
Vallejo,Model Color,Vallejo Model Color: Flat Brown (18ml),70.984,,18,,8429551709842,8429551709842,EAN-13,https://cdn.shopify.com/s/files/1/0627/6159/9138/files/70984-2.webp?v=1780947118,https://spraygunner.com/products/vallejo-model-color-flat-brown-18ml,https://spraygunner.com/products/vallejo-model-color-flat-brown-18ml,published;check_digit_valid,paint,8429551709842,,2026-10-02
Vallejo,Model Color,Vallejo Model Color: Flat Earth (18ml),70.983,,18,,8429551709835,8429551709835,EAN-13,https://cdn.shopify.com/s/files/1/0627/6159/9138/files/70983-2.webp?v=1780946079,https://spraygunner.com/products/vallejo-model-color-flat-earth-18ml,https://spraygunner.com/products/vallejo-model-color-flat-earth-18ml,published;check_digit_valid,paint,8429551709835,,2026-10-02
Vallejo,Model Color,Vallejo Model Color: Flat Flesh (18ml),70.955,,18,,8429551709552,8429551709552,EAN-13,https://cdn.shopify.com/s/files/1/0627/6159/9138/files/70955-2.webp?v=1780937360,https://spraygunner.com/products/vallejo-model-color-flat-flesh-18ml,https://spraygunner.com/products/vallejo-model-color-flat-flesh-18ml,published;check_digit_valid,paint,8429551709552,,2026-10-02
Vallejo,Model Color,Vallejo Model Color: Flat Green (18ml),70.968,,18,,8429551709682,8429551709682,EAN-13,https://cdn.shopify.com/s/files/1/0627/6159/9138/files/70968-2.webp?v=1780941407,https://spraygunner.com/products/vallejo-model-color-flat-green-18ml,https://spraygunner.com/products/vallejo-model-color-flat-green-18ml,published;check_digit_valid,paint,8429551709682,,2026-10-02
Vallejo,Model Color,Vallejo Model Color: Flat Red (18ml),70.957,,18,,8429551709576,8429551709576,EAN-13,https://cdn.shopify.com/s/files/1/0627/6159/9138/files/70957-2.webp?v=1780937639,https://spraygunner.com/products/vallejo-model-color-flat-red-18ml,https://spraygunner.com/products/vallejo-model-color-flat-red-18ml,published;check_digit_valid,paint,8429551709576,,2026-10-02
Vallejo,Model Color,Vallejo Model Color: Flat Yellow (18ml),70.953,,18,,8429551709538,8429551709538,EAN-13,https://cdn.shopify.com/s/files/1/0627/6159/9138/files/70953-2.webp?v=1780937121,https://spraygunner.com/products/vallejo-model-color-flat-yellow-18ml,https://spraygunner.com/products/vallejo-model-color-flat-yellow-18ml,published;check_digit_valid,paint,8429551709538,,2026-10-02
Vallejo,Model Color,Vallejo Model Color: German Beige WWII (18ml),70.821,,18,,8429551708210,8429551708210,EAN-13,https://cdn.shopify.com/s/files/1/0627/6159/9138/files/70821-2.webp?v=1780856963,https://spraygunner.com/products/vallejo-model-color-german-beige-wwii-18ml,https://spraygunner.com/products/vallejo-model-color-german-beige-wwii-18ml,published;check_digit_valid,paint,8429551708210,,2026-10-02
Vallejo,Model Color,Vallejo Model Color: German Fieldgrey WWII (18ml),70.830,,18,,8429551708302,8429551708302,EAN-13,https://cdn.shopify.com/s/files/1/0627/6159/9138/files/70830-2.webp?v=1780858142,https://spraygunner.com/products/vallejo-model-color-german-fieldgrey-wwii-18ml,https://spraygunner.com/products/vallejo-model-color-german-fieldgrey-wwii-18ml,published;check_digit_valid,paint,8429551708302,,2026-10-02
Vallejo,Model Color,Vallejo Model Color: German Grey (18ml),70.995,,18,,8429551709958,8429551709958,EAN-13,https://cdn.shopify.com/s/files/1/0627/6159/9138/files/70995-2.webp?v=1780948394,https://spraygunner.com/products/vallejo-model-color-german-grey-18ml,https://spraygunner.com/products/vallejo-model-color-german-grey-18ml,published;check_digit_valid,paint,8429551709958,,2026-10-02
Vallejo,Model Color,Vallejo Model Color: German Orange (18ml),70.805,,18,,8429551708050,8429551708050,EAN-13,https://cdn.shopify.com/s/files/1/0627/6159/9138/files/70805-2.webp?v=1780852305,https://spraygunner.com/products/vallejo-model-color-german-orange-18ml,https://spraygunner.com/products/vallejo-model-color-german-orange-18ml,published;check_digit_valid,paint,8429551708050,,2026-10-02
Vallejo,Model Color,Vallejo Model Color: German Tank Crew (18ml),70.759,,18,,8429551707596,8429551707596,EAN-13,https://cdn.shopify.com/s/files/1/0627/6159/9138/files/70759-2.webp?v=1780848814,https://spraygunner.com/products/vallejo-model-color-german-tank-crew-18ml,https://spraygunner.com/products/vallejo-model-color-german-tank-crew-18ml,published;check_digit_valid,paint,8429551707596,,2026-10-02
Vallejo,Model Color,Vallejo Model Color: German Uniform (18ml),70.920,,18,,8429551709200,8429551709200,EAN-13,https://cdn.shopify.com/s/files/1/0627/6159/9138/files/70920-2.webp?v=1780933049,https://spraygunner.com/products/vallejo-model-color-german-uniform-18ml,https://spraygunner.com/products/vallejo-model-color-german-uniform-18ml,published;check_digit_valid,paint,8429551709200,,2026-10-02
Vallejo,Model Color,Vallejo Model Color: German Yellow (18ml),70.806,,18,,8429551708067,8429551708067,EAN-13,https://cdn.shopify.com/s/files/1/0627/6159/9138/files/70806-2.webp?v=1780852426,https://spraygunner.com/products/vallejo-model-color-german-yellow-18ml,https://spraygunner.com/products/vallejo-model-color-german-yellow-18ml,published;check_digit_valid,paint,8429551708067,,2026-10-02
Vallejo,Model Color,Vallejo Model Color: Gloss Medium (18ml),70.470,,18,,8429551704700,8429551704700,EAN-13,https://cdn.shopify.com/s/files/1/0627/6159/9138/files/70470.webp?v=1780949373,https://spraygunner.com/products/vallejo-model-color-gloss-medium-18ml,https://spraygunner.com/products/vallejo-model-color-gloss-medium-18ml,published;check_digit_valid,medium/auxiliary,8429551704700,,2026-10-02
Vallejo,Model Color,Vallejo Model Color: Glossy Black (18ml),70.861,,18,,8429551708616,8429551708616,EAN-13,https://cdn.shopify.com/s/files/1/0627/6159/9138/files/70861-2.webp?v=1780860411,https://spraygunner.com/products/vallejo-model-color-glossy-black-18ml,https://spraygunner.com/products/vallejo-model-color-glossy-black-18ml,published;check_digit_valid,paint,8429551708616,,2026-10-02
Vallejo,Model Color,Vallejo Model Color: Gold (18ml),70.996,,18,,8429551709965,8429551709965,EAN-13,https://cdn.shopify.com/s/files/1/0627/6159/9138/files/70996-2.webp?v=1780948509,https://spraygunner.com/products/vallejo-model-color-gold-18ml,https://spraygunner.com/products/vallejo-model-color-gold-18ml,published;check_digit_valid,paint,8429551709965,,2026-10-02
Vallejo,Model Color,Vallejo Model Color: Gold Brown (18ml),70.877,,18,,8429551708777,8429551708777,EAN-13,https://cdn.shopify.com/s/files/1/0627/6159/9138/files/70877-2.webp?v=1780923842,https://spraygunner.com/products/vallejo-model-color-gold-brown-18ml,https://spraygunner.com/products/vallejo-model-color-gold-brown-18ml,published;check_digit_valid,paint,8429551708777,,2026-10-02
Vallejo,Model Color,Vallejo Model Color: Golden Yellow (18ml),70.948,,18,,8429551709484,8429551709484,EAN-13,https://cdn.shopify.com/s/files/1/0627/6159/9138/files/70948-2.webp?v=1780936278,https://spraygunner.com/products/vallejo-model-color-golden-yellow-18ml,https://spraygunner.com/products/vallejo-model-color-golden-yellow-18ml,published;check_digit_valid,paint,8429551709484,,2026-10-02
Vallejo,Model Color,Vallejo Model Color: Green Brown (18ml),70.879,,18,,8429551708791,8429551708791,EAN-13,https://cdn.shopify.com/s/files/1/0627/6159/9138/files/70879-2.webp?v=1780924096,https://spraygunner.com/products/vallejo-model-color-green-brown-18ml,https://spraygunner.com/products/vallejo-model-color-green-brown-18ml,published;check_digit_valid,paint,8429551708791,,2026-10-02
Vallejo,Model Color,Vallejo Model Color: Green Grey (18ml),70.971,,18,,8429551709712,8429551709712,EAN-13,https://cdn.shopify.com/s/files/1/0627/6159/9138/files/70971-2.webp?v=1780941998,https://spraygunner.com/products/vallejo-model-color-green-grey-18ml-1,https://spraygunner.com/products/vallejo-model-color-green-grey-18ml-1,published;check_digit_valid,paint,8429551709712,,2026-10-02
Vallejo,Model Color,Vallejo Model Color: Green Grey (18ml),70.886,,18,,8429551708869,8429551708869,EAN-13,https://cdn.shopify.com/s/files/1/0627/6159/9138/files/70886-2.webp?v=1780925294,https://spraygunner.com/products/vallejo-model-color-green-grey-18ml,https://spraygunner.com/products/vallejo-model-color-green-grey-18ml,published;check_digit_valid,paint,8429551708869,,2026-10-02
Vallejo,Model Color,Vallejo Model Color: Green Ochre (18ml),70.914,,18,,8429551709149,8429551709149,EAN-13,https://cdn.shopify.com/s/files/1/0627/6159/9138/files/70914-2.webp?v=1780930092,https://spraygunner.com/products/vallejo-model-color-green-ochre-18ml,https://spraygunner.com/products/vallejo-model-color-green-ochre-18ml,published;check_digit_valid,paint,8429551709149,,2026-10-02
Vallejo,Model Color,Vallejo Model Color: Green Sky (18ml),70.974,,18,,8429551709743,8429551709743,EAN-13,https://cdn.shopify.com/s/files/1/0627/6159/9138/files/70974-2.webp?v=1780942233,https://spraygunner.com/products/vallejo-model-color-green-sky-18ml,https://spraygunner.com/products/vallejo-model-color-green-sky-18ml,published;check_digit_valid,paint,8429551709743,,2026-10-02
Vallejo,Model Color,Vallejo Model Color: Green Yellow (18ml),70.881,,18,,8429551708814,8429551708814,EAN-13,https://cdn.shopify.com/s/files/1/0627/6159/9138/files/70881-2.webp?v=1780924392,https://spraygunner.com/products/vallejo-model-color-green-yellow-18ml,https://spraygunner.com/products/vallejo-model-color-green-yellow-18ml,published;check_digit_valid,paint,8429551708814,,2026-10-02
Vallejo,Model Color,Vallejo Model Color: Grey Blue (18ml),70.943,,18,,8429551709439,8429551709439,EAN-13,https://cdn.shopify.com/s/files/1/0627/6159/9138/files/70943-2.webp?v=1780935603,https://spraygunner.com/products/vallejo-model-color-grey-blue-18ml,https://spraygunner.com/products/vallejo-model-color-grey-blue-18ml,published;check_digit_valid,paint,8429551709439,,2026-10-02
Vallejo,Model Color,Vallejo Model Color: Grey Brown (18ml),70.762,,18,,8429551707626,8429551707626,EAN-13,https://cdn.shopify.com/s/files/1/0627/6159/9138/files/70762-2.webp?v=1780849191,https://spraygunner.com/products/vallejo-model-color-grey-brown-18ml,https://spraygunner.com/products/vallejo-model-color-grey-brown-18ml,published;check_digit_valid,paint,8429551707626,,2026-10-02
Vallejo,Model Color,Vallejo Model Color: Grey Green (18ml),70.866,,18,,8429551708661,8429551708661,EAN-13,https://cdn.shopify.com/s/files/1/0627/6159/9138/files/70866-2.webp?v=1780861295,https://spraygunner.com/products/vallejo-model-color-grey-green-18ml,https://spraygunner.com/products/vallejo-model-color-grey-green-18ml,published;check_digit_valid,paint,8429551708661,,2026-10-02
Vallejo,Model Color,Vallejo Model Color: Gunmetal (18ml),70.863,,18,,8429551708630,8429551708630,EAN-13,https://cdn.shopify.com/s/files/1/0627/6159/9138/files/70863-2.webp?v=1780860671,https://spraygunner.com/products/vallejo-model-color-gunmetal-18ml,https://spraygunner.com/products/vallejo-model-color-gunmetal-18ml,published;check_digit_valid,paint,8429551708630,,2026-10-02
Vallejo,Model Color,Vallejo Model Color: Gunmetal Blue (18ml),70.800,,18,,8429551708005,8429551708005,EAN-13,https://cdn.shopify.com/s/files/1/0627/6159/9138/files/70800-2.webp?v=1780851189,https://spraygunner.com/products/vallejo-model-color-gunmetal-blue-18ml,https://spraygunner.com/products/vallejo-model-color-gunmetal-blue-18ml,published;check_digit_valid,paint,8429551708005,,2026-10-02
Vallejo,Model Color,Vallejo Model Color: Gunship Green (18ml),70.895,,18,,8429551708951,8429551708951,EAN-13,https://cdn.shopify.com/s/files/1/0627/6159/9138/files/70895-2.webp?v=1780927487,https://spraygunner.com/products/vallejo-model-color-gunship-green-18ml,https://spraygunner.com/products/vallejo-model-color-gunship-green-18ml,published;check_digit_valid,paint,8429551708951,,2026-10-02
Vallejo,Model Color,Vallejo Model Color: Hull Red (18ml),70.985,,18,,8429551709859,8429551709859,EAN-13,https://cdn.shopify.com/s/files/1/0627/6159/9138/files/70985-2.webp?v=1780947232,https://spraygunner.com/products/vallejo-model-color-hull-red-18ml,https://spraygunner.com/products/vallejo-model-color-hull-red-18ml,published;check_digit_valid,paint,8429551709859,,2026-10-02
Vallejo,Model Color,Vallejo Model Color: Ice Yellow (18ml),70.858,,18,,8429551708586,8429551708586,EAN-13,https://cdn.shopify.com/s/files/1/0627/6159/9138/files/70858-2.webp?v=1780860025,https://spraygunner.com/products/vallejo-model-color-ice-yellow-18ml,https://spraygunner.com/products/vallejo-model-color-ice-yellow-18ml,published;check_digit_valid,paint,8429551708586,,2026-10-02
Vallejo,Model Color,Vallejo Model Color: Infantry Blue (18ml),70.752,,18,,8429551707527,8429551707527,EAN-13,https://cdn.shopify.com/s/files/1/0627/6159/9138/files/70752-2.webp?v=1780847900,https://spraygunner.com/products/vallejo-model-color-infantry-blue-18ml,https://spraygunner.com/products/vallejo-model-color-infantry-blue-18ml,published;check_digit_valid,paint,8429551707527,,2026-10-02
Vallejo,Model Color,Vallejo Model Color: Intermediate Green (18ml),70.891,,18,,8429551708913,8429551708913,EAN-13,https://cdn.shopify.com/s/files/1/0627/6159/9138/files/70891-2.webp?v=1780926711,https://spraygunner.com/products/vallejo-model-color-intermediate-green-18ml,https://spraygunner.com/products/vallejo-model-color-intermediate-green-18ml,published;check_digit_valid,paint,8429551708913,,2026-10-02
Vallejo,Model Color,Vallejo Model Color: Iraqi Sand (18ml),70.819,,18,,8429551708197,8429551708197,EAN-13,https://cdn.shopify.com/s/files/1/0627/6159/9138/files/70819-2.webp?v=1780856694,https://spraygunner.com/products/vallejo-model-color-iraqi-sand-18ml,https://spraygunner.com/products/vallejo-model-color-iraqi-sand-18ml,published;check_digit_valid,paint,8429551708197,,2026-10-02
Vallejo,Model Color,Vallejo Model Color: Ivory (18ml),70.918,,18,,8429551709187,8429551709187,EAN-13,https://cdn.shopify.com/s/files/1/0627/6159/9138/files/70918-2.webp?v=1780932213,https://spraygunner.com/products/vallejo-model-color-ivory-18ml,https://spraygunner.com/products/vallejo-model-color-ivory-18ml,published;check_digit_valid,paint,8429551709187,,2026-10-02
Vallejo,Model Color,Vallejo Model Color: Japanese Uniform WWII (18ml),70.923,,18,,8429551709231,8429551709231,EAN-13,https://cdn.shopify.com/s/files/1/0627/6159/9138/files/70923-2.webp?v=1780933413,https://spraygunner.com/products/vallejo-model-color-japanese-uniform-wwii-18ml,https://spraygunner.com/products/vallejo-model-color-japanese-uniform-wwii-18ml,published;check_digit_valid,paint,8429551709231,,2026-10-02
Vallejo,Model Color,Vallejo Model Color: Khaki (18ml),70.988,,18,,8429551709880,8429551709880,EAN-13,https://cdn.shopify.com/s/files/1/0627/6159/9138/files/70988-2.webp?v=1780947577,https://spraygunner.com/products/vallejo-model-color-khaki-18ml,https://spraygunner.com/products/vallejo-model-color-khaki-18ml,published;check_digit_valid,paint,8429551709880,,2026-10-02
Vallejo,Model Color,Vallejo Model Color: Khaki Grey (18ml),70.880,,18,,8429551708807,8429551708807,EAN-13,https://cdn.shopify.com/s/files/1/0627/6159/9138/files/70880-2.webp?v=1780924259,https://spraygunner.com/products/vallejo-model-color-khaki-grey-18ml,https://spraygunner.com/products/vallejo-model-color-khaki-grey-18ml,published;check_digit_valid,paint,8429551708807,,2026-10-02
Vallejo,Model Color,Vallejo Model Color: Lavender Grey (18ml),70.774,,18,,8429551707749,8429551707749,EAN-13,https://cdn.shopify.com/s/files/1/0627/6159/9138/files/70774-2.webp?v=1780851047,https://spraygunner.com/products/vallejo-model-color-lavender-grey-18ml,https://spraygunner.com/products/vallejo-model-color-lavender-grey-18ml,published;check_digit_valid,paint,8429551707749,,2026-10-02
Vallejo,Model Color,Vallejo Model Color: Leather Brown (18ml),70.871,,18,,8429551708715,8429551708715,EAN-13,https://cdn.shopify.com/s/files/1/0627/6159/9138/files/70871-2.webp?v=1780862109,https://spraygunner.com/products/vallejo-model-color-leather-brown-18ml,https://spraygunner.com/products/vallejo-model-color-leather-brown-18ml,published;check_digit_valid,paint,8429551708715,,2026-10-02
Vallejo,Model Color,Vallejo Model Color: Lemon Yellow (18ml),70.952,,18,,8429551709521,8429551709521,EAN-13,https://cdn.shopify.com/s/files/1/0627/6159/9138/files/70952-2.webp?v=1780936976,https://spraygunner.com/products/vallejo-model-color-lemon-yellow-18ml,https://spraygunner.com/products/vallejo-model-color-lemon-yellow-18ml,published;check_digit_valid,paint,8429551709521,,2026-10-02
Vallejo,Model Color,Vallejo Model Color: Light Blue Green (18ml),70.753,,18,,8429551707534,8429551707534,EAN-13,https://cdn.shopify.com/s/files/1/0627/6159/9138/files/70753-2.webp?v=1780848046,https://spraygunner.com/products/vallejo-model-color-light-blue-green-18ml,https://spraygunner.com/products/vallejo-model-color-light-blue-green-18ml,published;check_digit_valid,paint,8429551707534,,2026-10-02
Vallejo,Model Color,Vallejo Model Color: Light Brown (18ml),70.929,,18,,8429551709293,8429551709293,EAN-13,https://cdn.shopify.com/s/files/1/0627/6159/9138/files/70929-2.webp?v=1780934787,https://spraygunner.com/products/vallejo-model-color-light-brown-18ml,https://spraygunner.com/products/vallejo-model-color-light-brown-18ml,published;check_digit_valid,paint,8429551709293,,2026-10-02
Vallejo,Model Color,Vallejo Model Color: Light Emerald (18ml),70.755,,18,,8429551707558,8429551707558,EAN-13,https://cdn.shopify.com/s/files/1/0627/6159/9138/files/70755-2.webp?v=1780848291,https://spraygunner.com/products/vallejo-model-color-light-emerald-18ml,https://spraygunner.com/products/vallejo-model-color-light-emerald-18ml,published;check_digit_valid,paint,8429551707558,,2026-10-02
Vallejo,Model Color,Vallejo Model Color: Light Flesh (18ml),70.928,,18,,8429551709286,8429551709286,EAN-13,https://cdn.shopify.com/s/files/1/0627/6159/9138/files/70928-2.webp?v=1780934636,https://spraygunner.com/products/vallejo-model-color-light-flesh-18ml,https://spraygunner.com/products/vallejo-model-color-light-flesh-18ml,published;check_digit_valid,paint,8429551709286,,2026-10-02
Vallejo,Model Color,Vallejo Model Color: Light Green Blue (18ml),70.972,,18,,8429551709729,8429551709729,EAN-13,https://cdn.shopify.com/s/files/1/0627/6159/9138/files/70972-2.webp?v=1780942123,https://spraygunner.com/products/vallejo-model-color-light-green-blue-18ml,https://spraygunner.com/products/vallejo-model-color-light-green-blue-18ml,published;check_digit_valid,paint,8429551709729,,2026-10-02
Vallejo,Model Color,Vallejo Model Color: Light Grey (18ml),70.990,,18,,8429551709903,8429551709903,EAN-13,https://cdn.shopify.com/s/files/1/0627/6159/9138/files/70990-2.webp?v=1780947802,https://spraygunner.com/products/vallejo-model-color-light-grey-18ml,https://spraygunner.com/products/vallejo-model-color-light-grey-18ml,published;check_digit_valid,paint,8429551709903,,2026-10-02
Vallejo,Model Color,Vallejo Model Color: Light Mud (18ml),70.760,,18,,8429551707602,8429551707602,EAN-13,https://cdn.shopify.com/s/files/1/0627/6159/9138/files/70760-2.webp?v=1780848948,https://spraygunner.com/products/vallejo-model-color-light-mud-18ml,https://spraygunner.com/products/vallejo-model-color-light-mud-18ml,published;check_digit_valid,texture/effect,8429551707602,,2026-10-02
Vallejo,Model Color,Vallejo Model Color: Light Orange (18ml),70.911,,18,,8429551709118,8429551709118,EAN-13,https://cdn.shopify.com/s/files/1/0627/6159/9138/files/70911-2.webp?v=1780929834,https://spraygunner.com/products/vallejo-model-color-light-orange-18ml,https://spraygunner.com/products/vallejo-model-color-light-orange-18ml,published;check_digit_valid,paint,8429551709118,,2026-10-02
Vallejo,Model Color,Vallejo Model Color: Light Pink (18ml),70.748,,18,,8429551707480,8429551707480,EAN-13,https://cdn.shopify.com/s/files/1/0627/6159/9138/files/70748-2.webp?v=1780847083,https://spraygunner.com/products/vallejo-model-color-light-pink-18ml,https://spraygunner.com/products/vallejo-model-color-light-pink-18ml,published;check_digit_valid,paint,8429551707480,,2026-10-02
Vallejo,Model Color,Vallejo Model Color: Light Turquoise (18ml),70.840,,18,,8429551708401,8429551708401,EAN-13,https://cdn.shopify.com/s/files/1/0627/6159/9138/files/70840-2.webp?v=1780858746,https://spraygunner.com/products/vallejo-model-color-light-turquoise-18ml,https://spraygunner.com/products/vallejo-model-color-light-turquoise-18ml,published;check_digit_valid,paint,8429551708401,,2026-10-02
Vallejo,Model Color,Vallejo Model Color: Light Violet (18ml),70.750,,18,,8429551707503,8429551707503,EAN-13,https://cdn.shopify.com/s/files/1/0627/6159/9138/files/70750-2.webp?v=1780847337,https://spraygunner.com/products/vallejo-model-color-light-violet-18ml,https://spraygunner.com/products/vallejo-model-color-light-violet-18ml,published;check_digit_valid,paint,8429551707503,,2026-10-02
Vallejo,Model Color,Vallejo Model Color: Light Yellow (18ml),70.949,,18,,8429551709491,8429551709491,EAN-13,https://cdn.shopify.com/s/files/1/0627/6159/9138/files/70949-2.webp?v=1780936558,https://spraygunner.com/products/vallejo-model-color-light-yellow-18ml,https://spraygunner.com/products/vallejo-model-color-light-yellow-18ml,published;check_digit_valid,paint,8429551709491,,2026-10-02
Vallejo,Model Color,Vallejo Model Color: Lime Green (18ml),70.827,,18,,8429551708272,8429551708272,EAN-13,https://cdn.shopify.com/s/files/1/0627/6159/9138/files/70827-2.webp?v=1780857774,https://spraygunner.com/products/vallejo-model-color-lime-green-18ml,https://spraygunner.com/products/vallejo-model-color-lime-green-18ml,published;check_digit_valid,paint,8429551708272,,2026-10-02
Vallejo,Model Color,Vallejo Model Color: London Grey (18ml),70.836,,18,,8429551708364,8429551708364,EAN-13,https://cdn.shopify.com/s/files/1/0627/6159/9138/files/70836-2.webp?v=1780858504,https://spraygunner.com/products/vallejo-model-color-london-grey-18ml,https://spraygunner.com/products/vallejo-model-color-london-grey-18ml,published;check_digit_valid,paint,8429551708364,,2026-10-02
Vallejo,Model Color,Vallejo Model Color: Luftwaffe Green (18ml),70.823,,18,,8429551708234,8429551708234,EAN-13,https://cdn.shopify.com/s/files/1/0627/6159/9138/files/70823-2.webp?v=1780857235,https://spraygunner.com/products/vallejo-model-color-luftwaffe-green-18ml,https://spraygunner.com/products/vallejo-model-color-luftwaffe-green-18ml,published;check_digit_valid,paint,8429551708234,,2026-10-02
Vallejo,Model Color,Vallejo Model Color: Luftwaffe Uniform WWII (18ml),70.816,,18,,8429551708166,8429551708166,EAN-13,https://cdn.shopify.com/s/files/1/0627/6159/9138/files/70816-2.webp?v=1780856308,https://spraygunner.com/products/vallejo-model-color-luftwaffe-uniform-wwii-18ml,https://spraygunner.com/products/vallejo-model-color-luftwaffe-uniform-wwii-18ml,published;check_digit_valid,paint,8429551708166,,2026-10-02
Vallejo,Model Color,Vallejo Model Color: Magenta (18ml),70.945,,18,,8429551709453,8429551709453,EAN-13,https://cdn.shopify.com/s/files/1/0627/6159/9138/files/70945-2.webp?v=1780935827,https://spraygunner.com/products/vallejo-model-color-magenta-18ml,https://spraygunner.com/products/vallejo-model-color-magenta-18ml,published;check_digit_valid,paint,8429551709453,,2026-10-02
Vallejo,Model Color,Vallejo Model Color: Mahogany Brown (18ml),70.846,,18,,8429551708463,8429551708463,EAN-13,https://cdn.shopify.com/s/files/1/0627/6159/9138/files/70846-2.webp?v=1780859429,https://spraygunner.com/products/vallejo-model-color-mahogany-brown-18ml,https://spraygunner.com/products/vallejo-model-color-mahogany-brown-18ml,published;check_digit_valid,paint,8429551708463,,2026-10-02
Vallejo,Model Color,Vallejo Model Color: Mahogany Ink (18ml),70.828,,18,,8429551708289,8429551708289,EAN-13,https://cdn.shopify.com/s/files/1/0627/6159/9138/files/70828-2.webp?v=1780857889,https://spraygunner.com/products/vallejo-model-color-mahogany-ink-18ml,https://spraygunner.com/products/vallejo-model-color-mahogany-ink-18ml,published;check_digit_valid,paint,8429551708289,,2026-10-02
Vallejo,Model Color,Vallejo Model Color: Matt Base (18ml),70.540,,18,,8429551705400,8429551705400,EAN-13,https://cdn.shopify.com/s/files/1/0627/6159/9138/files/70540.webp?v=1780949522,https://spraygunner.com/products/vallejo-model-color-matt-base-18ml,https://spraygunner.com/products/vallejo-model-color-matt-base-18ml,published;check_digit_valid,paint,8429551705400,,2026-10-02
Vallejo,Model Color,Vallejo Model Color: Medium Blue (18ml),70.963,,18,,8429551709637,8429551709637,EAN-13,https://cdn.shopify.com/s/files/1/0627/6159/9138/files/70963-2.webp?v=1780940794,https://spraygunner.com/products/vallejo-model-color-medium-blue-18ml,https://spraygunner.com/products/vallejo-model-color-medium-blue-18ml,published;check_digit_valid,medium/auxiliary,8429551709637,,2026-10-02
Vallejo,Model Color,Vallejo Model Color: Medium Brown (18ml),70.826,,18,,8429551708265,8429551708265,EAN-13,https://cdn.shopify.com/s/files/1/0627/6159/9138/files/70826-2.webp?v=1780857618,https://spraygunner.com/products/vallejo-model-color-medium-brown-18ml,https://spraygunner.com/products/vallejo-model-color-medium-brown-18ml,published;check_digit_valid,medium/auxiliary,8429551708265,,2026-10-02
Vallejo,Model Color,Vallejo Model Color: Medium Fleshtone (18ml),70.860,,18,,8429551708609,8429551708609,EAN-13,https://cdn.shopify.com/s/files/1/0627/6159/9138/files/70860-2.webp?v=1780860292,https://spraygunner.com/products/vallejo-model-color-medium-fleshtone-18ml,https://spraygunner.com/products/vallejo-model-color-medium-fleshtone-18ml,published;check_digit_valid,medium/auxiliary,8429551708609,,2026-10-02
Vallejo,Model Color,Vallejo Model Color: Medium Grey (18ml),70.987,,18,,8429551709873,8429551709873,EAN-13,https://cdn.shopify.com/s/files/1/0627/6159/9138/files/70987-2.webp?v=1780947461,https://spraygunner.com/products/vallejo-model-color-medium-grey-18ml,https://spraygunner.com/products/vallejo-model-color-medium-grey-18ml,published;check_digit_valid,medium/auxiliary,8429551709873,,2026-10-02
Vallejo,Model Color,Vallejo Model Color: Medium Grey Blue (18ml),70.772,,18,,8429551707725,8429551707725,EAN-13,https://cdn.shopify.com/s/files/1/0627/6159/9138/files/70772-2.webp?v=1780850531,https://spraygunner.com/products/vallejo-model-color-medium-grey-blue-18ml,https://spraygunner.com/products/vallejo-model-color-medium-grey-blue-18ml,published;check_digit_valid,medium/auxiliary,8429551707725,,2026-10-02
Vallejo,Model Color,Vallejo Model Color: Medium Olive (18ml),70.850,,18,,8429551708500,8429551708500,EAN-13,https://cdn.shopify.com/s/files/1/0627/6159/9138/files/70850-2.webp?v=1780859669,https://spraygunner.com/products/vallejo-model-color-medium-olive-18ml,https://spraygunner.com/products/vallejo-model-color-medium-olive-18ml,published;check_digit_valid,medium/auxiliary,8429551708500,,2026-10-02
Vallejo,Model Color,Vallejo Model Color: Medium Sea Grey (18ml),70.870,,18,,8429551708708,8429551708708,EAN-13,https://cdn.shopify.com/s/files/1/0627/6159/9138/files/70870-2.webp?v=1780861969,https://spraygunner.com/products/vallejo-model-color-medium-sea-grey-18ml,https://spraygunner.com/products/vallejo-model-color-medium-sea-grey-18ml,published;check_digit_valid,medium/auxiliary,8429551708708,,2026-10-02
Vallejo,Model Color,Vallejo Model Color: Middle Stone (18ml),70.882,,18,,8429551708821,8429551708821,EAN-13,https://cdn.shopify.com/s/files/1/0627/6159/9138/files/70882-2.webp?v=1780924535,https://spraygunner.com/products/vallejo-model-color-middle-stone-18ml,https://spraygunner.com/products/vallejo-model-color-middle-stone-18ml,published;check_digit_valid,paint,8429551708821,,2026-10-02
Vallejo,Model Color,Vallejo Model Color: Military Green (18ml),70.975,,18,,8429551709750,8429551709750,EAN-13,https://cdn.shopify.com/s/files/1/0627/6159/9138/files/70975-2.webp?v=1780942353,https://spraygunner.com/products/vallejo-model-color-military-green-18ml,https://spraygunner.com/products/vallejo-model-color-military-green-18ml,published;check_digit_valid,paint,8429551709750,,2026-10-02
Vallejo,Model Color,Vallejo Model Color: Military Yellow (18ml),70.764,,18,,8429551707640,8429551707640,EAN-13,https://cdn.shopify.com/s/files/1/0627/6159/9138/files/70764-2.webp?v=1780849434,https://spraygunner.com/products/vallejo-model-color-military-yellow-18ml,https://spraygunner.com/products/vallejo-model-color-military-yellow-18ml,published;check_digit_valid,paint,8429551707640,,2026-10-02
Vallejo,Model Color,Vallejo Model Color: Mustard Brown (18ml),70.769,,18,,8429551707695,8429551707695,EAN-13,https://cdn.shopify.com/s/files/1/0627/6159/9138/files/70769-2.webp?v=1780850141,https://spraygunner.com/products/vallejo-model-color-mustard-brown-18ml,https://spraygunner.com/products/vallejo-model-color-mustard-brown-18ml,published;check_digit_valid,paint,8429551707695,,2026-10-02
Vallejo,Model Color,Vallejo Model Color: Natural Steel (18ml),70.864,,18,,8429551708647,8429551708647,EAN-13,https://cdn.shopify.com/s/files/1/0627/6159/9138/files/70864-2.webp?v=1780860806,https://spraygunner.com/products/vallejo-model-color-natural-steel-18ml,https://spraygunner.com/products/vallejo-model-color-natural-steel-18ml,published;check_digit_valid,paint,8429551708647,,2026-10-02
Vallejo,Model Color,Vallejo Model Color: Neutral Grey (18ml),70.992,,18,,8429551709927,8429551709927,EAN-13,https://cdn.shopify.com/s/files/1/0627/6159/9138/files/70992-2.webp?v=1780948037,https://spraygunner.com/products/vallejo-model-color-neutral-grey-18ml,https://spraygunner.com/products/vallejo-model-color-neutral-grey-18ml,published;check_digit_valid,paint,8429551709927,,2026-10-02
Vallejo,Model Color,Vallejo Model Color: New Wood (18ml),70.770,,18,,8429551707701,8429551707701,EAN-13,https://cdn.shopify.com/s/files/1/0627/6159/9138/files/70770-2.webp?v=1780850262,https://spraygunner.com/products/vallejo-model-color-new-wood-18ml,https://spraygunner.com/products/vallejo-model-color-new-wood-18ml,published;check_digit_valid,paint,8429551707701,,2026-10-02
Vallejo,Model Color,Vallejo Model Color: Ochre Brown (18ml),70.856,,18,,8429551708562,8429551708562,EAN-13,https://cdn.shopify.com/s/files/1/0627/6159/9138/files/70856-2.webp?v=1780859904,https://spraygunner.com/products/vallejo-model-color-ochre-brown-18ml,https://spraygunner.com/products/vallejo-model-color-ochre-brown-18ml,published;check_digit_valid,paint,8429551708562,,2026-10-02
Vallejo,Model Color,Vallejo Model Color: Off-White (18ml),70.820,,18,,8429551708203,8429551708203,EAN-13,https://cdn.shopify.com/s/files/1/0627/6159/9138/files/70820-2.webp?v=1780856834,https://spraygunner.com/products/vallejo-model-color-off-white-18ml,https://spraygunner.com/products/vallejo-model-color-off-white-18ml,published;check_digit_valid,paint,8429551708203,,2026-10-02
Vallejo,Model Color,Vallejo Model Color: Oily Steel (18ml),70.865,,18,,8429551708654,8429551708654,EAN-13,https://cdn.shopify.com/s/files/1/0627/6159/9138/files/70865-2.webp?v=1780860927,https://spraygunner.com/products/vallejo-model-color-oily-steel-18ml,https://spraygunner.com/products/vallejo-model-color-oily-steel-18ml,published;check_digit_valid,paint,8429551708654,,2026-10-02
Vallejo,Model Color,Vallejo Model Color: Old Gold (18ml),70.878,,18,,8429551708784,8429551708784,EAN-13,https://cdn.shopify.com/s/files/1/0627/6159/9138/files/70878-2.webp?v=1780923969,https://spraygunner.com/products/vallejo-model-color-old-gold-18ml,https://spraygunner.com/products/vallejo-model-color-old-gold-18ml,published;check_digit_valid,paint,8429551708784,,2026-10-02
Vallejo,Model Color,Vallejo Model Color: Old Rose (18ml),70.944,,18,,8429551709446,8429551709446,EAN-13,https://cdn.shopify.com/s/files/1/0627/6159/9138/files/70944-2.webp?v=1780935716,https://spraygunner.com/products/vallejo-model-color-old-rose-18ml,https://spraygunner.com/products/vallejo-model-color-old-rose-18ml,published;check_digit_valid,paint,8429551709446,,2026-10-02
Vallejo,Model Color,Vallejo Model Color: Old Wood (18ml),70.761,,18,,8429551707619,8429551707619,EAN-13,https://cdn.shopify.com/s/files/1/0627/6159/9138/files/70761-2.webp?v=1780849077,https://spraygunner.com/products/vallejo-model-color-old-wood-18ml,https://spraygunner.com/products/vallejo-model-color-old-wood-18ml,published;check_digit_valid,paint,8429551707619,,2026-10-02
Vallejo,Model Color,Vallejo Model Color: Olive Brown (18ml),70.889,,18,,8429551708890,8429551708890,EAN-13,https://cdn.shopify.com/s/files/1/0627/6159/9138/files/70889-2.webp?v=1780926458,https://spraygunner.com/products/vallejo-model-color-olive-brown-18ml,https://spraygunner.com/products/vallejo-model-color-olive-brown-18ml,published;check_digit_valid,paint,8429551708890,,2026-10-02
Vallejo,Model Color,Vallejo Model Color: Olive Green (18ml),70.967,,18,,8429551709675,8429551709675,EAN-13,https://cdn.shopify.com/s/files/1/0627/6159/9138/files/70967-2.webp?v=1780941279,https://spraygunner.com/products/vallejo-model-color-olive-green-18ml,https://spraygunner.com/products/vallejo-model-color-olive-green-18ml,published;check_digit_valid,paint,8429551709675,,2026-10-02
Vallejo,Model Color,Vallejo Model Color: Olive Grey (18ml),70.888,,18,,8429551708883,8429551708883,EAN-13,https://cdn.shopify.com/s/files/1/0627/6159/9138/files/70888-2.webp?v=1780926335,https://spraygunner.com/products/vallejo-model-color-olive-grey-18ml,https://spraygunner.com/products/vallejo-model-color-olive-grey-18ml,published;check_digit_valid,paint,8429551708883,,2026-10-02
Vallejo,Model Color,Vallejo Model Color: Orange Brown (18ml),70.981,,18,,8429551709811,8429551709811,EAN-13,https://cdn.shopify.com/s/files/1/0627/6159/9138/files/70981-2.webp?v=1780945720,https://spraygunner.com/products/vallejo-model-color-orange-brown-18ml,https://spraygunner.com/products/vallejo-model-color-orange-brown-18ml,published;check_digit_valid,paint,8429551709811,,2026-10-02
Vallejo,Model Color,Vallejo Model Color: Orange Ochre (18ml),70.824,,18,,8429551708241,8429551708241,EAN-13,https://cdn.shopify.com/s/files/1/0627/6159/9138/files/70824-2.webp?v=1780857359,https://spraygunner.com/products/vallejo-model-color-orange-ochre-18ml,https://spraygunner.com/products/vallejo-model-color-orange-ochre-18ml,published;check_digit_valid,paint,8429551708241,,2026-10-02
Vallejo,Model Color,Vallejo Model Color: Oxford Blue (18ml),70.807,,18,,8429551708074,8429551708074,EAN-13,https://cdn.shopify.com/s/files/1/0627/6159/9138/files/70807-2.webp?v=1780852542,https://spraygunner.com/products/vallejo-model-color-oxford-blue-18ml,https://spraygunner.com/products/vallejo-model-color-oxford-blue-18ml,published;check_digit_valid,paint,8429551708074,,2026-10-02
Vallejo,Model Color,Vallejo Model Color: Pacific Green (18ml),70.757,,18,,8429551707572,8429551707572,EAN-13,https://cdn.shopify.com/s/files/1/0627/6159/9138/files/70757-2.webp?v=1780848556,https://spraygunner.com/products/vallejo-model-color-pacific-green-18ml,https://spraygunner.com/products/vallejo-model-color-pacific-green-18ml,published;check_digit_valid,paint,8429551707572,,2026-10-02
Vallejo,Model Color,Vallejo Model Color: Pale Blue (18ml),70.906,,18,,8429551709064,8429551709064,EAN-13,https://cdn.shopify.com/s/files/1/0627/6159/9138/files/70906-2.webp?v=1780929113,https://spraygunner.com/products/vallejo-model-color-pale-blue-18ml,https://spraygunner.com/products/vallejo-model-color-pale-blue-18ml,published;check_digit_valid,paint,8429551709064,,2026-10-02
Vallejo,Model Color,Vallejo Model Color: Pale Brown (18ml),70.825,,18,,8429551708258,8429551708258,EAN-13,https://cdn.shopify.com/s/files/1/0627/6159/9138/files/70825-2.webp?v=1780857489,https://spraygunner.com/products/vallejo-model-color-pale-brown-18ml,https://spraygunner.com/products/vallejo-model-color-pale-brown-18ml,published;check_digit_valid,paint,8429551708258,,2026-10-02
Vallejo,Model Color,Vallejo Model Color: Pale Grey Blue (18ml),70.907,,18,,8429551709071,8429551709071,EAN-13,https://cdn.shopify.com/s/files/1/0627/6159/9138/files/70907-2.webp?v=1780929241,https://spraygunner.com/products/vallejo-model-color-pale-grey-blue-18ml,https://spraygunner.com/products/vallejo-model-color-pale-grey-blue-18ml,published;check_digit_valid,paint,8429551709071,,2026-10-02
Vallejo,Model Color,Vallejo Model Color: Pale Sand 022 (18ml),70.837,,18,,8429551708371,8429551708371,EAN-13,https://cdn.shopify.com/s/files/1/0627/6159/9138/files/70837.webp?v=1758572432,https://spraygunner.com/products/vallejo-model-color-pale-sand-022-18ml,https://spraygunner.com/products/vallejo-model-color-pale-sand-022-18ml,published;check_digit_valid,paint,8429551708371,,2026-10-02
Vallejo,Model Color,Vallejo Model Color: Park Green Flat (18ml),70.969,,18,,8429551709699,8429551709699,EAN-13,https://cdn.shopify.com/s/files/1/0627/6159/9138/files/70969-2.webp?v=1780941559,https://spraygunner.com/products/vallejo-model-color-park-green-flat-18ml,https://spraygunner.com/products/vallejo-model-color-park-green-flat-18ml,published;check_digit_valid,paint,8429551709699,,2026-10-02
Vallejo,Model Color,Vallejo Model Color: Pastel Blue (18ml),70.901,,18,,8429551709019,8429551709019,EAN-13,https://cdn.shopify.com/s/files/1/0627/6159/9138/files/70901-2.webp?v=1780928093,https://spraygunner.com/products/vallejo-model-color-pastel-blue-18ml,https://spraygunner.com/products/vallejo-model-color-pastel-blue-18ml,published;check_digit_valid,paint,8429551709019,,2026-10-02
Vallejo,Model Color,Vallejo Model Color: Pastel Green (18ml),70.885,,18,,8429551708852,8429551708852,EAN-13,https://cdn.shopify.com/s/files/1/0627/6159/9138/files/70885-2.webp?v=1780925149,https://spraygunner.com/products/vallejo-model-color-pastel-green-18ml,https://spraygunner.com/products/vallejo-model-color-pastel-green-18ml,published;check_digit_valid,paint,8429551708852,,2026-10-02
Vallejo,Model Color,Vallejo Model Color: Pink (18ml),70.958,,18,,8429551709583,8429551709583,EAN-13,https://cdn.shopify.com/s/files/1/0627/6159/9138/files/70958-2.webp?v=1780937775,https://spraygunner.com/products/vallejo-model-color-pink-18ml,https://spraygunner.com/products/vallejo-model-color-pink-18ml,published;check_digit_valid,paint,8429551709583,,2026-10-02
Vallejo,Model Color,Vallejo Model Color: Plastic Putty (18ml),70.400,,18,,8429551704007,8429551704007,EAN-13,https://cdn.shopify.com/s/files/1/0627/6159/9138/files/70400.webp?v=1780949272,https://spraygunner.com/products/vallejo-model-color-plastic-putty-18ml,https://spraygunner.com/products/vallejo-model-color-plastic-putty-18ml,published;check_digit_valid,medium/auxiliary,8429551704007,,2026-10-02
Vallejo,Model Color,Vallejo Model Color: Prussian Blue (18ml),70.965,,18,,8429551709651,8429551709651,EAN-13,https://cdn.shopify.com/s/files/1/0627/6159/9138/files/70965-2.webp?v=1780941048,https://spraygunner.com/products/vallejo-model-color-prussian-blue-18ml,https://spraygunner.com/products/vallejo-model-color-prussian-blue-18ml,published;check_digit_valid,paint,8429551709651,,2026-10-02
Vallejo,Model Color,Vallejo Model Color: Purple (18ml),70.959,,18,,8429551709590,8429551709590,EAN-13,https://cdn.shopify.com/s/files/1/0627/6159/9138/files/70959-2.webp?v=1780937887,https://spraygunner.com/products/vallejo-model-color-purple-18ml,https://spraygunner.com/products/vallejo-model-color-purple-18ml,published;check_digit_valid,paint,8429551709590,,2026-10-02
Vallejo,Model Color,Vallejo Model Color: Red (18ml),70.926,,18,,8429551709262,8429551709262,EAN-13,https://cdn.shopify.com/s/files/1/0627/6159/9138/files/70926-2.webp?v=1780933770,https://spraygunner.com/products/vallejo-model-color-red-18ml,https://spraygunner.com/products/vallejo-model-color-red-18ml,published;check_digit_valid,paint,8429551709262,,2026-10-02
Vallejo,Model Color,Vallejo Model Color: Red Leather (18ml),70.818,,18,,8429551708180,8429551708180,EAN-13,https://cdn.shopify.com/s/files/1/0627/6159/9138/files/70818-2.webp?v=1780856559,https://spraygunner.com/products/vallejo-model-color-red-leather-18ml,https://spraygunner.com/products/vallejo-model-color-red-leather-18ml,published;check_digit_valid,paint,8429551708180,,2026-10-02
Vallejo,Model Color,Vallejo Model Color: Refractive Green (18ml),70.890,,18,,8429551708906,8429551708906,EAN-13,https://cdn.shopify.com/s/files/1/0627/6159/9138/files/70890-2.webp?v=1780926586,https://spraygunner.com/products/vallejo-model-color-refractive-green-18ml,https://spraygunner.com/products/vallejo-model-color-refractive-green-18ml,published;check_digit_valid,paint,8429551708906,,2026-10-02
Vallejo,Model Color,Vallejo Model Color: Retarder Medium (18ml),70.597,,18,,8429551705974,8429551705974,EAN-13,https://cdn.shopify.com/s/files/1/0627/6159/9138/files/70597.webp?v=1780949641,https://spraygunner.com/products/vallejo-model-color-retarder-medium-18ml,https://spraygunner.com/products/vallejo-model-color-retarder-medium-18ml,published;check_digit_valid,medium/auxiliary,8429551705974,,2026-10-02
Vallejo,Model Color,Vallejo Model Color: Royal Blue (18ml),70.809,,18,,8429551708098,8429551708098,EAN-13,https://cdn.shopify.com/s/files/1/0627/6159/9138/files/70809-2.webp?v=1780852789,https://spraygunner.com/products/vallejo-model-color-royal-blue-18ml,https://spraygunner.com/products/vallejo-model-color-royal-blue-18ml,published;check_digit_valid,paint,8429551708098,,2026-10-02
Vallejo,Model Color,Vallejo Model Color: Royal Purple (18ml),70.810,,18,,8429551708104,8429551708104,EAN-13,https://cdn.shopify.com/s/files/1/0627/6159/9138/files/70810-2.webp?v=1780852919,https://spraygunner.com/products/vallejo-model-color-royal-purple-18ml,https://spraygunner.com/products/vallejo-model-color-royal-purple-18ml,published;check_digit_valid,paint,8429551708104,,2026-10-02
Vallejo,Model Color,Vallejo Model Color: Russian Uniform WWII (18ml),70.924,,18,,8429551709248,8429551709248,EAN-13,https://cdn.shopify.com/s/files/1/0627/6159/9138/files/70924-2.webp?v=1780933535,https://spraygunner.com/products/vallejo-model-color-russian-uniform-wwii-18ml,https://spraygunner.com/products/vallejo-model-color-russian-uniform-wwii-18ml,published;check_digit_valid,paint,8429551709248,,2026-10-02
Vallejo,Model Color,Vallejo Model Color: Saddle Brown (18ml),70.940,,18,,8429551709408,8429551709408,EAN-13,https://cdn.shopify.com/s/files/1/0627/6159/9138/files/70940-2.webp?v=1780935156,https://spraygunner.com/products/vallejo-model-color-saddle-brown-18ml,https://spraygunner.com/products/vallejo-model-color-saddle-brown-18ml,published;check_digit_valid,paint,8429551709408,,2026-10-02
Vallejo,Model Color,Vallejo Model Color: Salmon Rose (18ml),70.835,,18,,8429551708357,8429551708357,EAN-13,https://cdn.shopify.com/s/files/1/0627/6159/9138/files/70835-2.webp?v=1780858384,https://spraygunner.com/products/vallejo-model-color-salmon-rose-18ml,https://spraygunner.com/products/vallejo-model-color-salmon-rose-18ml,published;check_digit_valid,paint,8429551708357,,2026-10-02
Vallejo,Model Color,Vallejo Model Color: Sand Yellow (18ml),70.916,,18,,8429551709163,8429551709163,EAN-13,https://cdn.shopify.com/s/files/1/0627/6159/9138/files/70916-2.webp?v=1780930386,https://spraygunner.com/products/vallejo-model-color-sand-yellow-18ml,https://spraygunner.com/products/vallejo-model-color-sand-yellow-18ml,published;check_digit_valid,paint,8429551709163,,2026-10-02
Vallejo,Model Color,Vallejo Model Color: Scarlet (18ml),70.817,,18,,8429551708173,8429551708173,EAN-13,https://cdn.shopify.com/s/files/1/0627/6159/9138/files/70817-2.webp?v=1780856432,https://spraygunner.com/products/vallejo-model-color-scarlet-18ml,https://spraygunner.com/products/vallejo-model-color-scarlet-18ml,published;check_digit_valid,paint,8429551708173,,2026-10-02
Vallejo,Model Color,Vallejo Model Color: Silver (18ml),70.997,,18,,8429551709972,8429551709972,EAN-13,https://cdn.shopify.com/s/files/1/0627/6159/9138/files/70997-2.webp?v=1780948643,https://spraygunner.com/products/vallejo-model-color-silver-18ml,https://spraygunner.com/products/vallejo-model-color-silver-18ml,published;check_digit_valid,paint,8429551709972,,2026-10-02
Vallejo,Model Color,Vallejo Model Color: Silver Grey (18ml),70.883,,18,,8429551708838,8429551708838,EAN-13,https://cdn.shopify.com/s/files/1/0627/6159/9138/files/70883-2.webp?v=1780924668,https://spraygunner.com/products/vallejo-model-color-silver-grey-18ml,https://spraygunner.com/products/vallejo-model-color-silver-grey-18ml,published;check_digit_valid,paint,8429551708838,,2026-10-02
Vallejo,Model Color,Vallejo Model Color: Sky Blue (18ml),70.961,,18,,8429551709613,8429551709613,EAN-13,https://cdn.shopify.com/s/files/1/0627/6159/9138/files/70961-2.webp?v=1780940502,https://spraygunner.com/products/vallejo-model-color-sky-blue-18ml,https://spraygunner.com/products/vallejo-model-color-sky-blue-18ml,published;check_digit_valid,paint,8429551709613,,2026-10-02
Vallejo,Model Color,Vallejo Model Color: Sky Grey (18ml),70.989,,18,,8429551709897,8429551709897,EAN-13,https://cdn.shopify.com/s/files/1/0627/6159/9138/files/70989-2.webp?v=1780947692,https://spraygunner.com/products/vallejo-model-color-sky-grey-18ml,https://spraygunner.com/products/vallejo-model-color-sky-grey-18ml,published;check_digit_valid,paint,8429551709897,,2026-10-02
Vallejo,Model Color,Vallejo Model Color: Smoke Ink (18ml),70.939,,18,,8429551709392,8429551709392,EAN-13,https://cdn.shopify.com/s/files/1/0627/6159/9138/files/70939-2.webp?v=1780935031,https://spraygunner.com/products/vallejo-model-color-smoke-ink-18ml,https://spraygunner.com/products/vallejo-model-color-smoke-ink-18ml,published;check_digit_valid,paint,8429551709392,,2026-10-02
Vallejo,Model Color,Vallejo Model Color: Splinter Green (18ml),70.756,,18,,8429551707565,8429551707565,EAN-13,https://cdn.shopify.com/s/files/1/0627/6159/9138/files/70756-2.webp?v=1780848428,https://spraygunner.com/products/vallejo-model-color-splinter-green-18ml,https://spraygunner.com/products/vallejo-model-color-splinter-green-18ml,published;check_digit_valid,paint,8429551707565,,2026-10-02
Vallejo,Model Color,Vallejo Model Color: Stone Grey (18ml),70.884,,18,,8429551708845,8429551708845,EAN-13,https://cdn.shopify.com/s/files/1/0627/6159/9138/files/70884-2.webp?v=1780924787,https://spraygunner.com/products/vallejo-model-color-stone-grey-18ml,https://spraygunner.com/products/vallejo-model-color-stone-grey-18ml,published;check_digit_valid,paint,8429551708845,,2026-10-02
Vallejo,Model Color,Vallejo Model Color: Sunny Skin Tone (18ml),70.845,,18,,8429551708456,8429551708456,EAN-13,https://cdn.shopify.com/s/files/1/0627/6159/9138/files/70845-2.webp?v=1780859306,https://spraygunner.com/products/vallejo-model-color-sunny-skin-tone-18ml,https://spraygunner.com/products/vallejo-model-color-sunny-skin-tone-18ml,published;check_digit_valid,paint,8429551708456,,2026-10-02
Vallejo,Model Color,Vallejo Model Color: Sunset Red (18ml),70.802,,18,,8429551708029,8429551708029,EAN-13,https://cdn.shopify.com/s/files/1/0627/6159/9138/files/70802-2.webp?v=1780851456,https://spraygunner.com/products/vallejo-model-color-sunset-red-18ml,https://spraygunner.com/products/vallejo-model-color-sunset-red-18ml,published;check_digit_valid,paint,8429551708029,,2026-10-02
Vallejo,Model Color,Vallejo Model Color: Tan Earth (18ml),70.874,,18,,8429551708746,8429551708746,EAN-13,https://cdn.shopify.com/s/files/1/0627/6159/9138/files/70874-2.webp?v=1780862545,https://spraygunner.com/products/vallejo-model-color-tan-earth-18ml,https://spraygunner.com/products/vallejo-model-color-tan-earth-18ml,published;check_digit_valid,paint,8429551708746,,2026-10-02
Vallejo,Model Color,Vallejo Model Color: Thinner Medium (18ml),70.524,,18,,8429551705240,8429551705240,EAN-13,https://cdn.shopify.com/s/files/1/0627/6159/9138/files/70524.webp?v=1758572929,https://spraygunner.com/products/vallejo-model-color-thinner-medium-18ml,https://spraygunner.com/products/vallejo-model-color-thinner-medium-18ml,published;check_digit_valid,medium/auxiliary,8429551705240,,2026-10-02
Vallejo,Model Color,Vallejo Model Color: Turquoise (18ml),70.966,,18,,8429551709668,8429551709668,EAN-13,https://cdn.shopify.com/s/files/1/0627/6159/9138/files/70966-2.webp?v=1780941160,https://spraygunner.com/products/vallejo-model-color-turquoise-18ml,https://spraygunner.com/products/vallejo-model-color-turquoise-18ml,published;check_digit_valid,paint,8429551709668,,2026-10-02
Vallejo,Model Color,Vallejo Model Color: US Dark Green (18ml),70.893,,18,,8429551708937,8429551708937,EAN-13,https://cdn.shopify.com/s/files/1/0627/6159/9138/files/70893-2.webp?v=1780926980,https://spraygunner.com/products/vallejo-model-color-us-dark-green-18ml,https://spraygunner.com/products/vallejo-model-color-us-dark-green-18ml,published;check_digit_valid,paint,8429551708937,,2026-10-02
Vallejo,Model Color,Vallejo Model Color: US Field Drab (18ml),70.873,,18,,8429551708739,8429551708739,EAN-13,https://cdn.shopify.com/s/files/1/0627/6159/9138/files/70873-2.webp?v=1780862379,https://spraygunner.com/products/vallejo-model-color-us-field-drab-18ml,https://spraygunner.com/products/vallejo-model-color-us-field-drab-18ml,published;check_digit_valid,paint,8429551708739,,2026-10-02
Vallejo,Model Color,Vallejo Model Color: US Olive Drab (18ml),70.887,,18,,8429551708876,8429551708876,EAN-13,https://cdn.shopify.com/s/files/1/0627/6159/9138/files/70887-2.webp?v=1780925419,https://spraygunner.com/products/vallejo-model-color-us-olive-drab-18ml,https://spraygunner.com/products/vallejo-model-color-us-olive-drab-18ml,published;check_digit_valid,paint,8429551708876,,2026-10-02
Vallejo,Model Color,Vallejo Model Color: Uniform Green (18ml),70.922,,18,,8429551709224,8429551709224,EAN-13,https://cdn.shopify.com/s/files/1/0627/6159/9138/files/70922-2.webp?v=1780933296,https://spraygunner.com/products/vallejo-model-color-uniform-green-18ml,https://spraygunner.com/products/vallejo-model-color-uniform-green-18ml,published;check_digit_valid,paint,8429551709224,,2026-10-02
Vallejo,Model Color,Vallejo Model Color: Vermilion (18ml),70.909,,18,,8429551709095,8429551709095,EAN-13,https://cdn.shopify.com/s/files/1/0627/6159/9138/files/70909-2.webp?v=1780929708,https://spraygunner.com/products/vallejo-model-color-vermilion-18ml,https://spraygunner.com/products/vallejo-model-color-vermilion-18ml,published;check_digit_valid,paint,8429551709095,,2026-10-02
Vallejo,Model Color,Vallejo Model Color: Violet (18ml),70.960,,18,,8429551709606,8429551709606,EAN-13,https://cdn.shopify.com/s/files/1/0627/6159/9138/files/70960-2.webp?v=1780938004,https://spraygunner.com/products/vallejo-model-color-violet-18ml,https://spraygunner.com/products/vallejo-model-color-violet-18ml,published;check_digit_valid,paint,8429551709606,,2026-10-02
Vallejo,Model Color,Vallejo Model Color: Violet Grey (18ml),70.773,,18,,8429551707732,8429551707732,EAN-13,https://cdn.shopify.com/s/files/1/0627/6159/9138/files/70773-2.webp?v=1780850670,https://spraygunner.com/products/vallejo-model-color-violet-grey-18ml,https://spraygunner.com/products/vallejo-model-color-violet-grey-18ml,published;check_digit_valid,paint,8429551707732,,2026-10-02
Vallejo,Model Color,Vallejo Model Color: Violet Red (18ml),70.812,,18,,8429551708128,8429551708128,EAN-13,https://cdn.shopify.com/s/files/1/0627/6159/9138/files/70812-2.webp?v=1780853177,https://spraygunner.com/products/vallejo-model-color-violet-red-18ml,https://spraygunner.com/products/vallejo-model-color-violet-red-18ml,published;check_digit_valid,paint,8429551708128,,2026-10-02
Vallejo,Model Color,Vallejo Model Color: White (18ml),70.951,,18,,8429551709514,8429551709514,EAN-13,https://cdn.shopify.com/s/files/1/0627/6159/9138/files/70951-2.webp?v=1780936834,https://spraygunner.com/products/vallejo-model-color-white-18ml,https://spraygunner.com/products/vallejo-model-color-white-18ml,published;check_digit_valid,paint,8429551709514,,2026-10-02
Vallejo,Model Color,Vallejo Model Color: White Grey (18ml),70.993,,18,,8429551709934,8429551709934,EAN-13,https://cdn.shopify.com/s/files/1/0627/6159/9138/files/70993-2.webp?v=1780948154,https://spraygunner.com/products/vallejo-model-color-white-grey-18ml,https://spraygunner.com/products/vallejo-model-color-white-grey-18ml,published;check_digit_valid,paint,8429551709934,,2026-10-02
Vallejo,Model Color,Vallejo Model Color: Yellow Green (18ml),70.954,,18,,8429551709545,8429551709545,EAN-13,https://cdn.shopify.com/s/files/1/0627/6159/9138/files/70954-2.webp?v=1780937234,https://spraygunner.com/products/vallejo-model-color-yellow-green-18ml,https://spraygunner.com/products/vallejo-model-color-yellow-green-18ml,published;check_digit_valid,paint,8429551709545,,2026-10-02
Vallejo,Model Color,Vallejo Model Color: Yellow Ochre (18ml),70.913,,18,,8429551709132,8429551709132,EAN-13,https://cdn.shopify.com/s/files/1/0627/6159/9138/files/70913-2.webp?v=1780929954,https://spraygunner.com/products/vallejo-model-color-yellow-ochre-18ml,https://spraygunner.com/products/vallejo-model-color-yellow-ochre-18ml,published;check_digit_valid,paint,8429551709132,,2026-10-02
Vallejo,Model Color,Vallejo Model Color: Yellow Olive (18ml),70.892,,18,,8429551708920,8429551708920,EAN-13,https://cdn.shopify.com/s/files/1/0627/6159/9138/files/70892-2.webp?v=1780926842,https://spraygunner.com/products/vallejo-model-color-yellow-olive-18ml,https://spraygunner.com/products/vallejo-model-color-yellow-olive-18ml,published;check_digit_valid,paint,8429551708920,,2026-10-02
Vallejo,Surface Primer,Vallejo Primers: Black 200ml (74602),74.602,,200,,8429551746021,8429551746021,EAN-13,https://cdn.shopify.com/s/files/1/0059/7481/8934/files/vallejo-primers-200ml-74602.jpg?v=1726284436,https://gnomishbazaar.com/products/vallejo-surface-primer-black-200ml-74602,https://gnomishbazaar.com/products/vallejo-surface-primer-black-200ml-74602,published;check_digit_valid,primer,8429551746021,,2026-10-02
Vallejo,Surface Primer,Vallejo Primers: Black 60ml (73602),73.602,,60,,8429551736022,8429551736022,EAN-13,https://cdn.shopify.com/s/files/1/0059/7481/8934/files/vallejo-primers-60ml-73602.jpg?v=1726284408,https://gnomishbazaar.com/products/vallejo-surface-primer-black-60ml-73602,https://gnomishbazaar.com/products/vallejo-surface-primer-black-60ml-73602,published;check_digit_valid,primer,8429551736022,,2026-10-02
Vallejo,Surface Primer,Vallejo Primers: Grey 200ml (74601),74.601,,200,,8429551746014,8429551746014,EAN-13,https://cdn.shopify.com/s/files/1/0059/7481/8934/files/vallejo-primers-200ml-70601.jpg?v=1727833389,https://gnomishbazaar.com/products/vallejo-primers-gret-200ml-74601,https://gnomishbazaar.com/products/vallejo-primers-gret-200ml-74601,published;check_digit_valid,primer,8429551746014,,2026-10-02
Vallejo,Surface Primer,Vallejo Primers: Grey 60ml (73601),73.601,,60,,8429551736015,8429551736015,EAN-13,https://cdn.shopify.com/s/files/1/0059/7481/8934/files/vallejo-primers-60ml-73601.jpg?v=1726284380,https://gnomishbazaar.com/products/vallejo-surface-primer-grey-60ml-73601,https://gnomishbazaar.com/products/vallejo-surface-primer-grey-60ml-73601,published;check_digit_valid,primer,8429551736015,,2026-10-02
Vallejo,Surface Primer,Vallejo Primers: White 200ml (74600),74.600,,200,,8429551746007,8429551746007,EAN-13,https://cdn.shopify.com/s/files/1/0059/7481/8934/files/vallejo-primers-200ml-74600.jpg?v=1726284342,https://gnomishbazaar.com/products/vallejo-surface-primer-white-200ml-74600,https://gnomishbazaar.com/products/vallejo-surface-primer-white-200ml-74600,published;check_digit_valid,primer,8429551746007,,2026-10-02
Vallejo,Surface Primer,Vallejo Primers: White 60ml (73600),73.600,,60,,8429551736008,8429551736008,EAN-13,https://cdn.shopify.com/s/files/1/0059/7481/8934/files/vallejo-primers-60ml-73600.jpg?v=1726284296,https://gnomishbazaar.com/products/vallejo-surface-primer-white-60ml-73600,https://gnomishbazaar.com/products/vallejo-surface-primer-white-60ml-73600,published;check_digit_valid,primer,8429551736008,,2026-10-02
Vallejo,Thinner,Vallejo Airbrush Thinner 061,71.261,18mL,18,,8429551712613,8429551712613,EAN-13,https://cdn.shopify.com/s/files/1/0627/6159/9138/files/71261.webp?v=1762448330,https://spraygunner.com/products/vallejo-airbrush-thinner-061,https://spraygunner.com/products/vallejo-airbrush-thinner-061,published;check_digit_valid,medium/auxiliary,8429551712613,,2026-10-02
Vallejo,Thinner,Vallejo Airbrush Thinner 061,71.161,200mL,200,,8429551711616,8429551711616,EAN-13,https://cdn.shopify.com/s/files/1/0627/6159/9138/files/71161.webp?v=1747853567,https://spraygunner.com/products/vallejo-airbrush-thinner-061,https://spraygunner.com/products/vallejo-airbrush-thinner-061,published;check_digit_valid,medium/auxiliary,8429551711616,,2026-10-02
Vallejo,Thinner,Vallejo Airbrush Thinner 061,71.061,32mL,32,,8429551710619,8429551710619,EAN-13,https://cdn.shopify.com/s/files/1/0627/6159/9138/files/71061.webp?v=1747853567,https://spraygunner.com/products/vallejo-airbrush-thinner-061,https://spraygunner.com/products/vallejo-airbrush-thinner-061,published;check_digit_valid,medium/auxiliary,8429551710619,,2026-10-02
Vallejo,Thinner,Vallejo Airbrush Thinner 061,71.361,60mL,60,,8429551713610,8429551713610,EAN-13,https://cdn.shopify.com/s/files/1/0627/6159/9138/files/71361.webp?v=1747853567,https://spraygunner.com/products/vallejo-airbrush-thinner-061,https://spraygunner.com/products/vallejo-airbrush-thinner-061,published;check_digit_valid,medium/auxiliary,8429551713610,,2026-10-02
Vallejo,True Metallic Metal,Vallejo True Metallic Metal Airbrush Color: Aged Metal (18ml),77.179,,18,,8429551771795,8429551771795,EAN-13,https://cdn.shopify.com/s/files/1/0627/6159/9138/files/77179-1.webp?v=1762197217,https://spraygunner.com/products/vallejo-true-metallic-metal-airbrush-color-aged-metal-18ml,https://spraygunner.com/products/vallejo-true-metallic-metal-airbrush-color-aged-metal-18ml,published;check_digit_valid,paint,8429551771795,,2026-10-02
Vallejo,True Metallic Metal,Vallejo True Metallic Metal Airbrush Color: Amber Green (18ml),77.175,,18,,8429551771757,8429551771757,EAN-13,https://cdn.shopify.com/s/files/1/0627/6159/9138/files/77175-1.webp?v=1762197364,https://spraygunner.com/products/vallejo-true-metallic-metal-airbrush-color-amber-green-18ml,https://spraygunner.com/products/vallejo-true-metallic-metal-airbrush-color-amber-green-18ml,published;check_digit_valid,paint,8429551771757,,2026-10-02
Vallejo,True Metallic Metal,Vallejo True Metallic Metal Airbrush Color: Amethyst Purple (18ml),77.168,,18,,8429551771689,8429551771689,EAN-13,https://cdn.shopify.com/s/files/1/0627/6159/9138/files/77168-1.webp?v=1762192176,https://spraygunner.com/products/vallejo-true-metallic-metal-airbrush-color-amethyst-purple-18ml,https://spraygunner.com/products/vallejo-true-metallic-metal-airbrush-color-amethyst-purple-18ml,published;check_digit_valid,paint,8429551771689,,2026-10-02
Vallejo,True Metallic Metal,Vallejo True Metallic Metal Airbrush Color: Ancient Copper (18ml),77.164,,18,,8429551771641,8429551771641,EAN-13,https://cdn.shopify.com/s/files/1/0627/6159/9138/files/77164-1.webp?v=1762191768,https://spraygunner.com/products/vallejo-true-metallic-metal-airbrush-color-ancient-copper-18ml,https://spraygunner.com/products/vallejo-true-metallic-metal-airbrush-color-ancient-copper-18ml,published;check_digit_valid,paint,8429551771641,,2026-10-02
Vallejo,True Metallic Metal,Vallejo True Metallic Metal Airbrush Color: Arcane Gold (18ml),77.177,,18,,8429551771771,8429551771771,EAN-13,https://cdn.shopify.com/s/files/1/0627/6159/9138/files/77177-1.webp?v=1762196855,https://spraygunner.com/products/vallejo-true-metallic-metal-airbrush-color-arcane-gold-18ml,https://spraygunner.com/products/vallejo-true-metallic-metal-airbrush-color-arcane-gold-18ml,published;check_digit_valid,paint,8429551771771,,2026-10-02
Vallejo,True Metallic Metal,Vallejo True Metallic Metal Airbrush Color: Beetle Green (18ml),77.173,,18,,8429551771733,8429551771733,EAN-13,https://cdn.shopify.com/s/files/1/0627/6159/9138/files/77173-1.webp?v=1762196041,https://spraygunner.com/products/vallejo-true-metallic-metal-airbrush-color-beetle-green-18ml,https://spraygunner.com/products/vallejo-true-metallic-metal-airbrush-color-beetle-green-18ml,published;check_digit_valid,paint,8429551771733,,2026-10-02
Vallejo,True Metallic Metal,Vallejo True Metallic Metal Airbrush Color: Celestial Violet (18ml),77.169,,18,,8429551771696,8429551771696,EAN-13,https://cdn.shopify.com/s/files/1/0627/6159/9138/files/77169-1.webp?v=1762192285,https://spraygunner.com/products/vallejo-true-metallic-metal-airbrush-color-celestial-violet-18ml,https://spraygunner.com/products/vallejo-true-metallic-metal-airbrush-color-celestial-violet-18ml,published;check_digit_valid,paint,8429551771696,,2026-10-02
Vallejo,True Metallic Metal,Vallejo True Metallic Metal Airbrush Color: Crimson Magenta (18ml),77.167,,18,,8429551771672,8429551771672,EAN-13,https://cdn.shopify.com/s/files/1/0627/6159/9138/files/77167-1.webp?v=1762192066,https://spraygunner.com/products/vallejo-true-metallic-metal-airbrush-color-crimson-magenta-18ml,https://spraygunner.com/products/vallejo-true-metallic-metal-airbrush-color-crimson-magenta-18ml,published;check_digit_valid,paint,8429551771672,,2026-10-02
Vallejo,True Metallic Metal,Vallejo True Metallic Metal Airbrush Color: Dusken Green (18ml),77.174,,18,,8429551771740,8429551771740,EAN-13,https://cdn.shopify.com/s/files/1/0627/6159/9138/files/77174-1.webp?v=1762196208,https://spraygunner.com/products/vallejo-true-metallic-metal-airbrush-color-dusken-green-18ml,https://spraygunner.com/products/vallejo-true-metallic-metal-airbrush-color-dusken-green-18ml,published;check_digit_valid,paint,8429551771740,,2026-10-02
Vallejo,True Metallic Metal,Vallejo True Metallic Metal Airbrush Color: Forged Red (18ml),77.165,,18,,8429551771658,8429551771658,EAN-13,https://cdn.shopify.com/s/files/1/0627/6159/9138/files/77165-1.webp?v=1762191863,https://spraygunner.com/products/vallejo-true-metallic-metal-airbrush-color-forged-red-18ml,https://spraygunner.com/products/vallejo-true-metallic-metal-airbrush-color-forged-red-18ml,published;check_digit_valid,paint,8429551771658,,2026-10-02
Vallejo,True Metallic Metal,Vallejo True Metallic Metal Airbrush Color: Greenish Gold (18ml),77.176,,18,,8429551771764,8429551771764,EAN-13,https://cdn.shopify.com/s/files/1/0627/6159/9138/files/77176-1.webp?v=1762196743,https://spraygunner.com/products/vallejo-true-metallic-metal-airbrush-color-greenish-gold-18ml,https://spraygunner.com/products/vallejo-true-metallic-metal-airbrush-color-greenish-gold-18ml,published;check_digit_valid,paint,8429551771764,,2026-10-02
Vallejo,True Metallic Metal,Vallejo True Metallic Metal Airbrush Color: Hydra Turquoise (18ml),77.172,,18,,8429551771726,8429551771726,EAN-13,https://cdn.shopify.com/s/files/1/0627/6159/9138/files/77172-1.webp?v=1762195917,https://spraygunner.com/products/vallejo-true-metallic-metal-airbrush-color-hydra-turquoise-18ml,https://spraygunner.com/products/vallejo-true-metallic-metal-airbrush-color-hydra-turquoise-18ml,published;check_digit_valid,paint,8429551771726,,2026-10-02
Vallejo,True Metallic Metal,Vallejo True Metallic Metal Airbrush Color: Imperial Gold (18ml),77.163,,18,,8429551771634,8429551771634,EAN-13,https://cdn.shopify.com/s/files/1/0627/6159/9138/files/77163-1.webp?v=1762191653,https://spraygunner.com/products/vallejo-true-metallic-metal-airbrush-color-imperial-gold-18ml,https://spraygunner.com/products/vallejo-true-metallic-metal-airbrush-color-imperial-gold-18ml,published;check_digit_valid,paint,8429551771634,,2026-10-02
Vallejo,True Metallic Metal,Vallejo True Metallic Metal Airbrush Color: Obsidian Black (18ml),77.180,,18,,8429551771801,8429551771801,EAN-13,https://cdn.shopify.com/s/files/1/0627/6159/9138/files/77180-1.webp?v=1762197320,https://spraygunner.com/products/vallejo-true-metallic-metal-airbrush-color-obsidian-black-18ml,https://spraygunner.com/products/vallejo-true-metallic-metal-airbrush-color-obsidian-black-18ml,published;check_digit_valid,paint,8429551771801,,2026-10-02
Vallejo,True Metallic Metal,Vallejo True Metallic Metal Airbrush Color: Radiant Yellow (18ml),77.162,,18,,8429551771627,8429551771627,EAN-13,https://cdn.shopify.com/s/files/1/0627/6159/9138/files/77162-1.webp?v=1762191521,https://spraygunner.com/products/vallejo-true-metallic-metal-airbrush-color-radiant-yellow-18ml,https://spraygunner.com/products/vallejo-true-metallic-metal-airbrush-color-radiant-yellow-18ml,published;check_digit_valid,paint,8429551771627,,2026-10-02
Vallejo,True Metallic Metal,Vallejo True Metallic Metal Airbrush Color: Ruby Red (18ml),77.166,,18,,8429551771665,8429551771665,EAN-13,https://cdn.shopify.com/s/files/1/0627/6159/9138/files/77166-1.webp?v=1762191962,https://spraygunner.com/products/vallejo-true-metallic-metal-airbrush-color-ruby-red-18ml,https://spraygunner.com/products/vallejo-true-metallic-metal-airbrush-color-ruby-red-18ml,published;check_digit_valid,paint,8429551771665,,2026-10-02
Vallejo,True Metallic Metal,Vallejo True Metallic Metal Airbrush Color: Rusty Metal (18ml),77.178,,18,,8429551771788,8429551771788,EAN-13,https://cdn.shopify.com/s/files/1/0627/6159/9138/files/77178-1.webp?v=1762197099,https://spraygunner.com/products/vallejo-true-metallic-metal-airbrush-color-rusty-metal-18ml,https://spraygunner.com/products/vallejo-true-metallic-metal-airbrush-color-rusty-metal-18ml,published;check_digit_valid,paint,8429551771788,,2026-10-02
Vallejo,True Metallic Metal,Vallejo True Metallic Metal Airbrush Color: Sapphire Blue (18ml),77.171,,18,,8429551771719,8429551771719,EAN-13,https://cdn.shopify.com/s/files/1/0627/6159/9138/files/77171-1.webp?v=1762195778,https://spraygunner.com/products/vallejo-true-metallic-metal-airbrush-color-sapphire-blue-18ml,https://spraygunner.com/products/vallejo-true-metallic-metal-airbrush-color-sapphire-blue-18ml,published;check_digit_valid,paint,8429551771719,,2026-10-02
Vallejo,True Metallic Metal,Vallejo True Metallic Metal Airbrush Color: Sterling Silver (18ml),77.161,,18,,8429551771610,8429551771610,EAN-13,https://cdn.shopify.com/s/files/1/0627/6159/9138/files/77161-1.webp?v=1762191419,https://spraygunner.com/products/vallejo-true-metallic-metal-airbrush-color-sterling-silver-18ml,https://spraygunner.com/products/vallejo-true-metallic-metal-airbrush-color-sterling-silver-18ml,published;check_digit_valid,paint,8429551771610,,2026-10-02
Vallejo,True Metallic Metal,Vallejo True Metallic Metal Airbrush Color: Ultramarine Blue (18ml),77.170,,18,,8429551771702,8429551771702,EAN-13,https://cdn.shopify.com/s/files/1/0627/6159/9138/files/77170-1.webp?v=1762192712,https://spraygunner.com/products/vallejo-true-metallic-metal-airbrush-color-ultramarine-blue-18ml,https://spraygunner.com/products/vallejo-true-metallic-metal-airbrush-color-ultramarine-blue-18ml,published;check_digit_valid,paint,8429551771702,,2026-10-02
Vallejo,True Metallic Metal,Vallejo True Metallic Metal Base: Aged Metal (18ml),77.139,,18,,8429551771399,8429551771399,EAN-13,https://cdn.shopify.com/s/files/1/0627/6159/9138/files/77139-1.webp?v=1762186953,https://spraygunner.com/products/vallejo-true-metallic-metal-base-aged-metal-18ml,https://spraygunner.com/products/vallejo-true-metallic-metal-base-aged-metal-18ml,published;check_digit_valid,paint,8429551771399,,2026-10-02
Vallejo,True Metallic Metal,Vallejo True Metallic Metal Base: Amber Green (18ml),77.135,,18,,8429551771351,8429551771351,EAN-13,https://cdn.shopify.com/s/files/1/0627/6159/9138/files/77135-1.webp?v=1762186362,https://spraygunner.com/products/vallejo-true-metallic-metal-base-amber-green-18ml,https://spraygunner.com/products/vallejo-true-metallic-metal-base-amber-green-18ml,published;check_digit_valid,paint,8429551771351,,2026-10-02
Vallejo,True Metallic Metal,Vallejo True Metallic Metal Base: Amethyst Purple (18ml),77.128,,18,,8429551771283,8429551771283,EAN-13,https://cdn.shopify.com/s/files/1/0627/6159/9138/files/77128-1.webp?v=1762185545,https://spraygunner.com/products/vallejo-true-metallic-metal-base-amethyst-purple-18ml,https://spraygunner.com/products/vallejo-true-metallic-metal-base-amethyst-purple-18ml,published;check_digit_valid,paint,8429551771283,,2026-10-02
Vallejo,True Metallic Metal,Vallejo True Metallic Metal Base: Ancient Copper (18ml),77.124,,18,,8429551771245,8429551771245,EAN-13,https://cdn.shopify.com/s/files/1/0627/6159/9138/files/77124-1.webp?v=1762185115,https://spraygunner.com/products/vallejo-true-metallic-metal-base-ancient-copper-18ml,https://spraygunner.com/products/vallejo-true-metallic-metal-base-ancient-copper-18ml,published;check_digit_valid,paint,8429551771245,,2026-10-02
Vallejo,True Metallic Metal,Vallejo True Metallic Metal Base: Arcane Gold (18ml),77.137,,18,,8429551771375,8429551771375,EAN-13,https://cdn.shopify.com/s/files/1/0627/6159/9138/files/77137-1.webp?v=1762186697,https://spraygunner.com/products/vallejo-true-metallic-metal-base-arcane-gold-18ml,https://spraygunner.com/products/vallejo-true-metallic-metal-base-arcane-gold-18ml,published;check_digit_valid,paint,8429551771375,,2026-10-02
Vallejo,True Metallic Metal,Vallejo True Metallic Metal Base: Beetle Green (18ml),77.133,,18,,8429551771337,8429551771337,EAN-13,https://cdn.shopify.com/s/files/1/0627/6159/9138/files/77133-1.webp?v=1762186134,https://spraygunner.com/products/vallejo-true-metallic-metal-base-beetle-green-18ml,https://spraygunner.com/products/vallejo-true-metallic-metal-base-beetle-green-18ml,published;check_digit_valid,paint,8429551771337,,2026-10-02
Vallejo,True Metallic Metal,Vallejo True Metallic Metal Base: Celestial Violet (18ml),77.129,,18,,8429551771290,8429551771290,EAN-13,https://cdn.shopify.com/s/files/1/0627/6159/9138/files/77129-1.webp?v=1762185659,https://spraygunner.com/products/vallejo-true-metallic-metal-base-celestial-violet-18ml,https://spraygunner.com/products/vallejo-true-metallic-metal-base-celestial-violet-18ml,published;check_digit_valid,paint,8429551771290,,2026-10-02
Vallejo,True Metallic Metal,Vallejo True Metallic Metal Base: Crimson Magenta (18ml),77.127,,18,,8429551771276,8429551771276,EAN-13,https://cdn.shopify.com/s/files/1/0627/6159/9138/files/77127-1.webp?v=1762185427,https://spraygunner.com/products/vallejo-true-metallic-metal-base-crimson-magenta-18ml,https://spraygunner.com/products/vallejo-true-metallic-metal-base-crimson-magenta-18ml,published;check_digit_valid,paint,8429551771276,,2026-10-02
Vallejo,True Metallic Metal,Vallejo True Metallic Metal Base: Dusken Green (18ml),77.134,,18,,8429551771344,8429551771344,EAN-13,https://cdn.shopify.com/s/files/1/0627/6159/9138/files/77134-1.webp?v=1762186244,https://spraygunner.com/products/vallejo-true-metallic-metal-base-dusken-green-18ml,https://spraygunner.com/products/vallejo-true-metallic-metal-base-dusken-green-18ml,published;check_digit_valid,paint,8429551771344,,2026-10-02
Vallejo,True Metallic Metal,Vallejo True Metallic Metal Base: Forged Red (18ml),77.125,,18,,8429551771252,8429551771252,EAN-13,https://cdn.shopify.com/s/files/1/0627/6159/9138/files/77125-1.webp?v=1762185228,https://spraygunner.com/products/vallejo-true-metallic-metal-base-forged-red-18ml,https://spraygunner.com/products/vallejo-true-metallic-metal-base-forged-red-18ml,published;check_digit_valid,paint,8429551771252,,2026-10-02
Vallejo,True Metallic Metal,Vallejo True Metallic Metal Base: Greenish Gold (18ml),77.136,,18,,8429551771368,8429551771368,EAN-13,https://cdn.shopify.com/s/files/1/0627/6159/9138/files/77136-1.webp?v=1762186465,https://spraygunner.com/products/vallejo-true-metallic-metal-base-greenish-gold-18ml,https://spraygunner.com/products/vallejo-true-metallic-metal-base-greenish-gold-18ml,published;check_digit_valid,paint,8429551771368,,2026-10-02
Vallejo,True Metallic Metal,Vallejo True Metallic Metal Base: Hydra Turquoise (18ml),77.132,,18,,8429551771320,8429551771320,EAN-13,https://cdn.shopify.com/s/files/1/0627/6159/9138/files/77132-1.webp?v=1762186025,https://spraygunner.com/products/vallejo-true-metallic-metal-base-hydra-turquoise-18ml,https://spraygunner.com/products/vallejo-true-metallic-metal-base-hydra-turquoise-18ml,published;check_digit_valid,paint,8429551771320,,2026-10-02
Vallejo,True Metallic Metal,Vallejo True Metallic Metal Base: Imperial Gold (18ml),77.123,,18,,8429551771238,8429551771238,EAN-13,https://cdn.shopify.com/s/files/1/0627/6159/9138/files/77123-1.webp?v=1762185013,https://spraygunner.com/products/vallejo-true-metallic-metal-base-imperial-gold-18ml,https://spraygunner.com/products/vallejo-true-metallic-metal-base-imperial-gold-18ml,published;check_digit_valid,paint,8429551771238,,2026-10-02
Vallejo,True Metallic Metal,Vallejo True Metallic Metal Base: Obsidian Black (18ml),77.140,,18,,8429551771405,8429551771405,EAN-13,https://cdn.shopify.com/s/files/1/0627/6159/9138/files/77140-1.webp?v=1762187072,https://spraygunner.com/products/vallejo-true-metallic-metal-base-obsidian-black-18ml,https://spraygunner.com/products/vallejo-true-metallic-metal-base-obsidian-black-18ml,published;check_digit_valid,paint,8429551771405,,2026-10-02
Vallejo,True Metallic Metal,Vallejo True Metallic Metal Base: Radiant Yellow (18ml),77.122,,18,,8429551771221,8429551771221,EAN-13,https://cdn.shopify.com/s/files/1/0627/6159/9138/files/77122-1.webp?v=1762184900,https://spraygunner.com/products/vallejo-true-metallic-metal-base-radiant-yellow-18ml,https://spraygunner.com/products/vallejo-true-metallic-metal-base-radiant-yellow-18ml,published;check_digit_valid,paint,8429551771221,,2026-10-02
Vallejo,True Metallic Metal,Vallejo True Metallic Metal Base: Ruby Red (18ml),77.126,,18,,8429551771269,8429551771269,EAN-13,https://cdn.shopify.com/s/files/1/0627/6159/9138/files/77126-1.webp?v=1762185325,https://spraygunner.com/products/vallejo-true-metallic-metal-base-ruby-red-18ml,https://spraygunner.com/products/vallejo-true-metallic-metal-base-ruby-red-18ml,published;check_digit_valid,paint,8429551771269,,2026-10-02
Vallejo,True Metallic Metal,Vallejo True Metallic Metal Base: Rusty Metal (18ml),77.138,,18,,8429551771382,8429551771382,EAN-13,https://cdn.shopify.com/s/files/1/0627/6159/9138/files/77138-1.webp?v=1762186834,https://spraygunner.com/products/vallejo-true-metallic-metal-base-rusty-metal-18ml,https://spraygunner.com/products/vallejo-true-metallic-metal-base-rusty-metal-18ml,published;check_digit_valid,paint,8429551771382,,2026-10-02
Vallejo,True Metallic Metal,Vallejo True Metallic Metal Base: Sapphire Blue (18ml),77.131,,18,,8429551771313,8429551771313,EAN-13,https://cdn.shopify.com/s/files/1/0627/6159/9138/files/77131-1.webp?v=1762185913,https://spraygunner.com/products/vallejo-true-metallic-metal-base-sapphire-blue-18ml,https://spraygunner.com/products/vallejo-true-metallic-metal-base-sapphire-blue-18ml,published;check_digit_valid,paint,8429551771313,,2026-10-02
Vallejo,True Metallic Metal,Vallejo True Metallic Metal Base: Sterling Silver (18ml),77.121,,18,,8429551771214,8429551771214,EAN-13,https://cdn.shopify.com/s/files/1/0627/6159/9138/files/77121-1.webp?v=1762184774,https://spraygunner.com/products/vallejo-true-metallic-metal-base-sterling-silver-18ml,https://spraygunner.com/products/vallejo-true-metallic-metal-base-sterling-silver-18ml,published;check_digit_valid,paint,8429551771214,,2026-10-02
Vallejo,True Metallic Metal,Vallejo True Metallic Metal Base: Ultramarine Blue (18ml),77.130,,18,,8429551771306,8429551771306,EAN-13,https://cdn.shopify.com/s/files/1/0627/6159/9138/files/77130-1.webp?v=1762185781,https://spraygunner.com/products/vallejo-true-metallic-metal-base-ultramarine-blue-18ml,https://spraygunner.com/products/vallejo-true-metallic-metal-base-ultramarine-blue-18ml,published;check_digit_valid,paint,8429551771306,,2026-10-02
Vallejo,True Metallic Metal,Vallejo True Metallic Metal Light: Aged Metal (18ml),77.119,,18,,8429551771191,8429551771191,EAN-13,https://cdn.shopify.com/s/files/1/0627/6159/9138/files/77119.webp?v=1762119326,https://spraygunner.com/products/vallejo-true-metallic-metal-light-aged-metal-18ml,https://spraygunner.com/products/vallejo-true-metallic-metal-light-aged-metal-18ml,published;check_digit_valid,paint,8429551771191,,2026-10-02
Vallejo,True Metallic Metal,Vallejo True Metallic Metal Light: Amber Green (18ml),77.115,,18,,8429551771153,8429551771153,EAN-13,https://cdn.shopify.com/s/files/1/0627/6159/9138/files/77115.webp?v=1762118967,https://spraygunner.com/products/vallejo-true-metallic-metal-light-amber-green-18ml,https://spraygunner.com/products/vallejo-true-metallic-metal-light-amber-green-18ml,published;check_digit_valid,paint,8429551771153,,2026-10-02
Vallejo,True Metallic Metal,Vallejo True Metallic Metal Light: Amethyst Purple (18ml),77.108,,18,,8429551771085,8429551771085,EAN-13,https://cdn.shopify.com/s/files/1/0627/6159/9138/files/77108.webp?v=1762118214,https://spraygunner.com/products/vallejo-true-metallic-metal-light-amethyst-purple-18ml,https://spraygunner.com/products/vallejo-true-metallic-metal-light-amethyst-purple-18ml,published;check_digit_valid,paint,8429551771085,,2026-10-02
Vallejo,True Metallic Metal,Vallejo True Metallic Metal Light: Ancient Copper (18ml),77.104,,18,,8429551771047,8429551771047,EAN-13,https://cdn.shopify.com/s/files/1/0627/6159/9138/files/77104.webp?v=1762117792,https://spraygunner.com/products/vallejo-true-metallic-metal-light-ancient-copper-18ml,https://spraygunner.com/products/vallejo-true-metallic-metal-light-ancient-copper-18ml,published;check_digit_valid,paint,8429551771047,,2026-10-02
Vallejo,True Metallic Metal,Vallejo True Metallic Metal Light: Arcane Gold (18ml),77.117,,18,,8429551771177,8429551771177,EAN-13,https://cdn.shopify.com/s/files/1/0627/6159/9138/files/77117.webp?v=1762119162,https://spraygunner.com/products/vallejo-true-metallic-metal-light-arcane-gold-18ml,https://spraygunner.com/products/vallejo-true-metallic-metal-light-arcane-gold-18ml,published;check_digit_valid,paint,8429551771177,,2026-10-02
Vallejo,True Metallic Metal,Vallejo True Metallic Metal Light: Beetle Green (18ml),77.113,,18,,8429551771139,8429551771139,EAN-13,https://cdn.shopify.com/s/files/1/0627/6159/9138/files/77113.webp?v=1762118770,https://spraygunner.com/products/vallejo-true-metallic-metal-light-beetle-green-18ml,https://spraygunner.com/products/vallejo-true-metallic-metal-light-beetle-green-18ml,published;check_digit_valid,paint,8429551771139,,2026-10-02
Vallejo,True Metallic Metal,Vallejo True Metallic Metal Light: Celestial Violet (18ml),77.109,,18,,8429551771092,8429551771092,EAN-13,https://cdn.shopify.com/s/files/1/0627/6159/9138/files/77109.webp?v=1762118329,https://spraygunner.com/products/vallejo-true-metallic-metal-light-celestial-violet-18ml,https://spraygunner.com/products/vallejo-true-metallic-metal-light-celestial-violet-18ml,published;check_digit_valid,paint,8429551771092,,2026-10-02
Vallejo,True Metallic Metal,Vallejo True Metallic Metal Light: Crimson Magenta (18ml),77.107,,18,,8429551771078,8429551771078,EAN-13,https://cdn.shopify.com/s/files/1/0627/6159/9138/files/77107.webp?v=1762118118,https://spraygunner.com/products/vallejo-true-metallic-metal-light-crimson-magenta-18ml,https://spraygunner.com/products/vallejo-true-metallic-metal-light-crimson-magenta-18ml,published;check_digit_valid,paint,8429551771078,,2026-10-02
Vallejo,True Metallic Metal,Vallejo True Metallic Metal Light: Dusken Green (18ml),77.114,,18,,8429551771146,8429551771146,EAN-13,https://cdn.shopify.com/s/files/1/0627/6159/9138/files/77114.webp?v=1762118844,https://spraygunner.com/products/vallejo-true-metallic-metal-light-dusken-green-18ml,https://spraygunner.com/products/vallejo-true-metallic-metal-light-dusken-green-18ml,published;check_digit_valid,paint,8429551771146,,2026-10-02
Vallejo,True Metallic Metal,Vallejo True Metallic Metal Light: Forged Red (18ml),77.105,,18,,8429551771054,8429551771054,EAN-13,https://cdn.shopify.com/s/files/1/0627/6159/9138/files/77105.webp?v=1762117882,https://spraygunner.com/products/vallejo-true-metallic-metal-light-forged-red-18ml,https://spraygunner.com/products/vallejo-true-metallic-metal-light-forged-red-18ml,published;check_digit_valid,paint,8429551771054,,2026-10-02
Vallejo,True Metallic Metal,Vallejo True Metallic Metal Light: Greenish Gold (18ml),77.116,,18,,8429551771160,8429551771160,EAN-13,https://cdn.shopify.com/s/files/1/0627/6159/9138/files/77116.webp?v=1762119069,https://spraygunner.com/products/vallejo-true-metallic-metal-light-greenish-gold-18ml,https://spraygunner.com/products/vallejo-true-metallic-metal-light-greenish-gold-18ml,published;check_digit_valid,paint,8429551771160,,2026-10-02
Vallejo,True Metallic Metal,Vallejo True Metallic Metal Light: Hydra Turquoise (18ml),77.112,,18,,8429551771122,8429551771122,EAN-13,https://cdn.shopify.com/s/files/1/0627/6159/9138/files/77112.webp?v=1762118675,https://spraygunner.com/products/vallejo-true-metallic-metal-light-hydra-turquoise-18ml,https://spraygunner.com/products/vallejo-true-metallic-metal-light-hydra-turquoise-18ml,published;check_digit_valid,paint,8429551771122,,2026-10-02
Vallejo,True Metallic Metal,Vallejo True Metallic Metal Light: Imperial Gold (18ml),77.103,,18,,8429551771030,8429551771030,EAN-13,https://cdn.shopify.com/s/files/1/0627/6159/9138/files/77103.webp?v=1762117711,https://spraygunner.com/products/vallejo-true-metallic-metal-light-imperial-gold-18ml,https://spraygunner.com/products/vallejo-true-metallic-metal-light-imperial-gold-18ml,published;check_digit_valid,paint,8429551771030,,2026-10-02
Vallejo,True Metallic Metal,Vallejo True Metallic Metal Light: Obsidian Black (18ml),77.120,,18,,8429551771207,8429551771207,EAN-13,https://cdn.shopify.com/s/files/1/0627/6159/9138/files/77120.webp?v=1762119408,https://spraygunner.com/products/vallejo-true-metallic-metal-light-obsidian-black-18ml,https://spraygunner.com/products/vallejo-true-metallic-metal-light-obsidian-black-18ml,published;check_digit_valid,paint,8429551771207,,2026-10-02
Vallejo,True Metallic Metal,Vallejo True Metallic Metal Light: Radiant Yellow (18ml),77.102,,18,,8429551771023,8429551771023,EAN-13,https://cdn.shopify.com/s/files/1/0627/6159/9138/files/77102.webp?v=1762117632,https://spraygunner.com/products/vallejo-true-metallic-metal-light-radiant-yellow-18ml,https://spraygunner.com/products/vallejo-true-metallic-metal-light-radiant-yellow-18ml,published;check_digit_valid,paint,8429551771023,,2026-10-02
Vallejo,True Metallic Metal,Vallejo True Metallic Metal Light: Ruby Red (18ml),77.106,,18,,8429551771061,8429551771061,EAN-13,https://cdn.shopify.com/s/files/1/0627/6159/9138/files/77106.webp?v=1762117992,https://spraygunner.com/products/vallejo-true-metallic-metal-light-ruby-red-18ml,https://spraygunner.com/products/vallejo-true-metallic-metal-light-ruby-red-18ml,published;check_digit_valid,paint,8429551771061,,2026-10-02
Vallejo,True Metallic Metal,Vallejo True Metallic Metal Light: Rusty Metal (18ml),77.118,,18,,8429551771184,8429551771184,EAN-13,https://cdn.shopify.com/s/files/1/0627/6159/9138/files/77118.webp?v=1762119239,https://spraygunner.com/products/vallejo-true-metallic-metal-light-rusty-metal-18ml,https://spraygunner.com/products/vallejo-true-metallic-metal-light-rusty-metal-18ml,published;check_digit_valid,paint,8429551771184,,2026-10-02
Vallejo,True Metallic Metal,Vallejo True Metallic Metal Light: Sapphire Blue (18ml),77.111,,18,,8429551771115,8429551771115,EAN-13,https://cdn.shopify.com/s/files/1/0627/6159/9138/files/77111.webp?v=1762118587,https://spraygunner.com/products/vallejo-true-metallic-metal-light-sapphire-blue-18ml,https://spraygunner.com/products/vallejo-true-metallic-metal-light-sapphire-blue-18ml,published;check_digit_valid,paint,8429551771115,,2026-10-02
Vallejo,True Metallic Metal,Vallejo True Metallic Metal Light: Sterling Silver (18ml),77.101,,18,,8429551771016,8429551771016,EAN-13,https://cdn.shopify.com/s/files/1/0627/6159/9138/files/77101.webp?v=1762117535,https://spraygunner.com/products/vallejo-true-metallic-metal-light-sterling-silver-18ml,https://spraygunner.com/products/vallejo-true-metallic-metal-light-sterling-silver-18ml,published;check_digit_valid,paint,8429551771016,,2026-10-02
Vallejo,True Metallic Metal,Vallejo True Metallic Metal Light: Ultramarine Blue (18ml),77.110,,18,,8429551771108,8429551771108,EAN-13,https://cdn.shopify.com/s/files/1/0627/6159/9138/files/77110.webp?v=1762118433,https://spraygunner.com/products/vallejo-true-metallic-metal-light-ultramarine-blue-18ml,https://spraygunner.com/products/vallejo-true-metallic-metal-light-ultramarine-blue-18ml,published;check_digit_valid,paint,8429551771108,,2026-10-02
Vallejo,True Metallic Metal,Vallejo True Metallic Metal Shade: Aged Metal (18ml),77.159,,18,,8429551771597,8429551771597,EAN-13,https://cdn.shopify.com/s/files/1/0627/6159/9138/files/77159-1.webp?v=1762190537,https://spraygunner.com/products/vallejo-true-metallic-metal-shade-aged-metal-18ml,https://spraygunner.com/products/vallejo-true-metallic-metal-shade-aged-metal-18ml,published;check_digit_valid,paint,8429551771597,,2026-10-02
Vallejo,True Metallic Metal,Vallejo True Metallic Metal Shade: Amber Green (18ml),77.155,,18,,8429551771559,8429551771559,EAN-13,https://cdn.shopify.com/s/files/1/0627/6159/9138/files/77155-1.webp?v=1762189601,https://spraygunner.com/products/vallejo-true-metallic-metal-shade-amber-green-18ml,https://spraygunner.com/products/vallejo-true-metallic-metal-shade-amber-green-18ml,published;check_digit_valid,paint,8429551771559,,2026-10-02
Vallejo,True Metallic Metal,Vallejo True Metallic Metal Shade: Amethyst Purple (18ml),77.148,,18,,8429551771481,8429551771481,EAN-13,https://cdn.shopify.com/s/files/1/0627/6159/9138/files/77148-1.webp?v=1762188224,https://spraygunner.com/products/vallejo-true-metallic-metal-shade-amethyst-purple-18ml,https://spraygunner.com/products/vallejo-true-metallic-metal-shade-amethyst-purple-18ml,published;check_digit_valid,paint,8429551771481,,2026-10-02
Vallejo,True Metallic Metal,Vallejo True Metallic Metal Shade: Ancient Copper (18ml),77.144,,18,,8429551771443,8429551771443,EAN-13,https://cdn.shopify.com/s/files/1/0627/6159/9138/files/77144-1.webp?v=1762187813,https://spraygunner.com/products/vallejo-true-metallic-metal-shade-ancient-copper-18ml,https://spraygunner.com/products/vallejo-true-metallic-metal-shade-ancient-copper-18ml,published;check_digit_valid,paint,8429551771443,,2026-10-02
Vallejo,True Metallic Metal,Vallejo True Metallic Metal Shade: Arcane Gold (18ml),77.157,,18,,8429551771573,8429551771573,EAN-13,https://cdn.shopify.com/s/files/1/0627/6159/9138/files/77157-1.webp?v=1762190343,https://spraygunner.com/products/vallejo-true-metallic-metal-shade-arcane-gold-18ml,https://spraygunner.com/products/vallejo-true-metallic-metal-shade-arcane-gold-18ml,published;check_digit_valid,paint,8429551771573,,2026-10-02
Vallejo,True Metallic Metal,Vallejo True Metallic Metal Shade: Beetle Green (18ml),77.153,,18,,8429551771535,8429551771535,EAN-13,https://cdn.shopify.com/s/files/1/0627/6159/9138/files/77153-1.webp?v=1762189374,https://spraygunner.com/products/vallejo-true-metallic-metal-shade-beetle-green-18ml,https://spraygunner.com/products/vallejo-true-metallic-metal-shade-beetle-green-18ml,published;check_digit_valid,paint,8429551771535,,2026-10-02
Vallejo,True Metallic Metal,Vallejo True Metallic Metal Shade: Celestial Violet (18ml),77.149,,18,,8429551771498,8429551771498,EAN-13,https://cdn.shopify.com/s/files/1/0627/6159/9138/files/77149-1.webp?v=1762188330,https://spraygunner.com/products/vallejo-true-metallic-metal-shade-celestial-violet-18ml,https://spraygunner.com/products/vallejo-true-metallic-metal-shade-celestial-violet-18ml,published;check_digit_valid,paint,8429551771498,,2026-10-02
Vallejo,True Metallic Metal,Vallejo True Metallic Metal Shade: Crimson Magenta (18ml),77.147,,18,,8429551771474,8429551771474,EAN-13,https://cdn.shopify.com/s/files/1/0627/6159/9138/files/77147-1.webp?v=1762188118,https://spraygunner.com/products/vallejo-true-metallic-metal-shade-crimson-magenta-18ml,https://spraygunner.com/products/vallejo-true-metallic-metal-shade-crimson-magenta-18ml,published;check_digit_valid,paint,8429551771474,,2026-10-02
Vallejo,True Metallic Metal,Vallejo True Metallic Metal Shade: Dusken Green (18ml),77.154,,18,,8429551771542,8429551771542,EAN-13,https://cdn.shopify.com/s/files/1/0627/6159/9138/files/77154-1.webp?v=1762189473,https://spraygunner.com/products/vallejo-true-metallic-metal-shade-dusken-green-18ml,https://spraygunner.com/products/vallejo-true-metallic-metal-shade-dusken-green-18ml,published;check_digit_valid,paint,8429551771542,,2026-10-02
Vallejo,True Metallic Metal,Vallejo True Metallic Metal Shade: Forged Red (18ml),77.145,,18,,8429551771450,8429551771450,EAN-13,https://cdn.shopify.com/s/files/1/0627/6159/9138/files/77145-1.webp?v=1762449290,https://spraygunner.com/products/vallejo-true-metallic-metal-shade-forged-red-18ml,https://spraygunner.com/products/vallejo-true-metallic-metal-shade-forged-red-18ml,published;check_digit_valid,paint,8429551771450,,2026-10-02
Vallejo,True Metallic Metal,Vallejo True Metallic Metal Shade: Greenish Gold (18ml),77.156,,18,,8429551771566,8429551771566,EAN-13,https://cdn.shopify.com/s/files/1/0627/6159/9138/files/77156-1.webp?v=1762189730,https://spraygunner.com/products/vallejo-true-metallic-metal-shade-greenish-gold-18ml,https://spraygunner.com/products/vallejo-true-metallic-metal-shade-greenish-gold-18ml,published;check_digit_valid,paint,8429551771566,,2026-10-02
Vallejo,True Metallic Metal,Vallejo True Metallic Metal Shade: Hydra Turquoise (18ml),77.152,,18,,8429551771528,8429551771528,EAN-13,https://cdn.shopify.com/s/files/1/0627/6159/9138/files/77152-1.webp?v=1762189297,https://spraygunner.com/products/vallejo-true-metallic-metal-shade-hydra-turquoise-18ml,https://spraygunner.com/products/vallejo-true-metallic-metal-shade-hydra-turquoise-18ml,published;check_digit_valid,paint,8429551771528,,2026-10-02
Vallejo,True Metallic Metal,Vallejo True Metallic Metal Shade: Imperial Gold (18ml),77.143,,18,,8429551771436,8429551771436,EAN-13,https://cdn.shopify.com/s/files/1/0627/6159/9138/files/77143-1.webp?v=1762187700,https://spraygunner.com/products/vallejo-true-metallic-metal-shade-imperial-gold-18ml,https://spraygunner.com/products/vallejo-true-metallic-metal-shade-imperial-gold-18ml,published;check_digit_valid,paint,8429551771436,,2026-10-02
Vallejo,True Metallic Metal,Vallejo True Metallic Metal Shade: Obsidian Black (18ml),77.160,,18,,8429551771603,8429551771603,EAN-13,https://cdn.shopify.com/s/files/1/0627/6159/9138/files/77160-1.webp?v=1762190645,https://spraygunner.com/products/vallejo-true-metallic-metal-shade-obsidian-black-18ml,https://spraygunner.com/products/vallejo-true-metallic-metal-shade-obsidian-black-18ml,published;check_digit_valid,paint,8429551771603,,2026-10-02
Vallejo,True Metallic Metal,Vallejo True Metallic Metal Shade: Radiant Yellow (18ml),77.142,,18,,8429551771429,8429551771429,EAN-13,https://cdn.shopify.com/s/files/1/0627/6159/9138/files/77142-1.webp?v=1762187492,https://spraygunner.com/products/vallejo-true-metallic-metal-shade-radiant-yellow-18ml,https://spraygunner.com/products/vallejo-true-metallic-metal-shade-radiant-yellow-18ml,published;check_digit_valid,paint,8429551771429,,2026-10-02
Vallejo,True Metallic Metal,Vallejo True Metallic Metal Shade: Ruby Red (18ml),77.146,,18,,8429551771467,8429551771467,EAN-13,https://cdn.shopify.com/s/files/1/0627/6159/9138/files/77146-1.webp?v=1762188007,https://spraygunner.com/products/vallejo-true-metallic-metal-shade-ruby-red-18ml,https://spraygunner.com/products/vallejo-true-metallic-metal-shade-ruby-red-18ml,published;check_digit_valid,paint,8429551771467,,2026-10-02
Vallejo,True Metallic Metal,Vallejo True Metallic Metal Shade: Rusty Metal (18ml),77.158,,18,,8429551771580,8429551771580,EAN-13,https://cdn.shopify.com/s/files/1/0627/6159/9138/files/77158-1.webp?v=1762190426,https://spraygunner.com/products/vallejo-true-metallic-metal-shade-rusty-metal-18ml,https://spraygunner.com/products/vallejo-true-metallic-metal-shade-rusty-metal-18ml,published;check_digit_valid,paint,8429551771580,,2026-10-02
Vallejo,True Metallic Metal,Vallejo True Metallic Metal Shade: Sapphire Blue (18ml),77.151,,18,,8429551771511,8429551771511,EAN-13,https://cdn.shopify.com/s/files/1/0627/6159/9138/files/77151-1.webp?v=1762189197,https://spraygunner.com/products/vallejo-true-metallic-metal-shade-sapphire-blue-18ml,https://spraygunner.com/products/vallejo-true-metallic-metal-shade-sapphire-blue-18ml,published;check_digit_valid,paint,8429551771511,,2026-10-02
Vallejo,True Metallic Metal,Vallejo True Metallic Metal Shade: Sterling Silver (18ml),77.141,,18,,8429551771412,8429551771412,EAN-13,https://cdn.shopify.com/s/files/1/0627/6159/9138/files/77141-1.webp?v=1762187380,https://spraygunner.com/products/vallejo-true-metallic-metal-shade-sterling-silver-18ml,https://spraygunner.com/products/vallejo-true-metallic-metal-shade-sterling-silver-18ml,published;check_digit_valid,paint,8429551771412,,2026-10-02
Vallejo,True Metallic Metal,Vallejo True Metallic Metal Shade: Ultramarine Blue (18ml),77.150,,18,,8429551771504,8429551771504,EAN-13,https://cdn.shopify.com/s/files/1/0627/6159/9138/files/77150-1.webp?v=1762188462,https://spraygunner.com/products/vallejo-true-metallic-metal-shade-ultramarine-blue-18ml,https://spraygunner.com/products/vallejo-true-metallic-metal-shade-ultramarine-blue-18ml,published;check_digit_valid,paint,8429551771504,,2026-10-02
Vallejo,Washes,Vallejo Wash FX: Black (76.518),76.518,,35,,8429551765183,8429551765183,EAN-13,https://cdn.shopify.com/s/files/1/0059/7481/8934/files/vallejo-wash-fx-76518.jpg?v=1745183196,https://gnomishbazaar.com/products/vallejo-wash-fx-black-76-518,https://gnomishbazaar.com/products/vallejo-wash-fx-black-76-518,published;check_digit_valid,paint,8429551765183,,2026-10-02
Vallejo,Washes,Vallejo Wash FX: Blue Grey (76.524),76.524,,35,,8429551765244,8429551765244,EAN-13,https://cdn.shopify.com/s/files/1/0059/7481/8934/files/vallejo-wash-fx-76524.jpg?v=1745183834,https://gnomishbazaar.com/products/vallejo-wash-fx-blue-grey-76-524,https://gnomishbazaar.com/products/vallejo-wash-fx-blue-grey-76-524,published;check_digit_valid,paint,8429551765244,,2026-10-02
Vallejo,Washes,Vallejo Wash FX: Brown (76.513),76.513,,35,,8429551765138,8429551765138,EAN-13,https://cdn.shopify.com/s/files/1/0059/7481/8934/files/vallejo-wash-fx-76513.jpg?v=1745182722,https://gnomishbazaar.com/products/vallejo-wash-fx-brown-76-513,https://gnomishbazaar.com/products/vallejo-wash-fx-brown-76-513,published;check_digit_valid,paint,8429551765138,,2026-10-02
Vallejo,Washes,Vallejo Wash FX: Dark Brown (76.514),76.514,,35,,8429551765145,8429551765145,EAN-13,https://cdn.shopify.com/s/files/1/0059/7481/8934/files/vallejo-wash-fx-76514.jpg?v=1745182841,https://gnomishbazaar.com/products/vallejo-wash-fx-dark-brown-76-514,https://gnomishbazaar.com/products/vallejo-wash-fx-dark-brown-76-514,published;check_digit_valid,paint,8429551765145,,2026-10-02
Vallejo,Washes,Vallejo Wash FX: Dark Green (76.512),76.512,,35,,8429551765121,8429551765121,EAN-13,https://cdn.shopify.com/s/files/1/0059/7481/8934/files/vallejo-wash-fx-76512.jpg?v=1745182619,https://gnomishbazaar.com/products/vallejo-wash-fx-dark-green-76-512,https://gnomishbazaar.com/products/vallejo-wash-fx-dark-green-76-512,published;check_digit_valid,paint,8429551765121,,2026-10-02
Vallejo,Washes,Vallejo Wash FX: Dark Grey (76.517),76.517,,35,,8429551765176,8429551765176,EAN-13,https://cdn.shopify.com/s/files/1/0059/7481/8934/files/vallejo-wash-fx-76517.jpg?v=1745183087,https://gnomishbazaar.com/products/vallejo-wash-fx-dark-grey-76-517,https://gnomishbazaar.com/products/vallejo-wash-fx-dark-grey-76-517,published;check_digit_valid,paint,8429551765176,,2026-10-02
Vallejo,Washes,Vallejo Wash FX: Dark Khaki Green (76.520),76.520,,35,,8429551765206,8429551765206,EAN-13,https://cdn.shopify.com/s/files/1/0059/7481/8934/files/vallejo-wash-fx-76520.jpg?v=1745183371,https://gnomishbazaar.com/products/vallejo-wash-fx-dark-khaki-green-76-520,https://gnomishbazaar.com/products/vallejo-wash-fx-dark-khaki-green-76-520,published;check_digit_valid,paint,8429551765206,,2026-10-02
Vallejo,Washes,Vallejo Wash FX: Dark Rust (76.507),76.507,,35,,8429551765077,8429551765077,EAN-13,https://cdn.shopify.com/s/files/1/0059/7481/8934/files/vallejo-wash-fx-76507.jpg?v=1745182524,https://gnomishbazaar.com/products/vallejo-wash-fx-dark-rust-76-507,https://gnomishbazaar.com/products/vallejo-wash-fx-dark-rust-76-507,published;check_digit_valid,paint,8429551765077,,2026-10-02
Vallejo,Washes,Vallejo Wash FX: Dark Yellow (76.503),76.503,,35,,8429551765039,8429551765039,EAN-13,https://cdn.shopify.com/s/files/1/0059/7481/8934/files/vallejo-wash-fx-76503.jpg?v=1745182109,https://gnomishbazaar.com/products/vallejo-wash-fx-dark-yellow-76-503,https://gnomishbazaar.com/products/vallejo-wash-fx-dark-yellow-76-503,published;check_digit_valid,paint,8429551765039,,2026-10-02
Vallejo,Washes,Vallejo Wash FX: Desert Dust (76.522),76.522,,35,,8429551765220,8429551765220,EAN-13,https://cdn.shopify.com/s/files/1/0059/7481/8934/files/vallejo-wash-fx-76522.jpg?v=1745183619,https://gnomishbazaar.com/products/vallejo-wash-fx-desert-dust-76-522,https://gnomishbazaar.com/products/vallejo-wash-fx-desert-dust-76-522,published;check_digit_valid,paint,8429551765220,,2026-10-02
Vallejo,Washes,Vallejo Wash FX: European Dust (76.523),76.523,,35,,8429551765237,8429551765237,EAN-13,https://cdn.shopify.com/s/files/1/0059/7481/8934/files/vallejo-wash-fx-76523.jpg?v=1745183728,https://gnomishbazaar.com/products/vallejo-wash-fx-european-dust-76-523,https://gnomishbazaar.com/products/vallejo-wash-fx-european-dust-76-523,published;check_digit_valid,paint,8429551765237,,2026-10-02
Vallejo,Washes,Vallejo Wash FX: Light Grey (76.515),76.515,,35,,8429551765152,8429551765152,EAN-13,https://cdn.shopify.com/s/files/1/0059/7481/8934/files/vallejo-wash-fx-76515.jpg?v=1745182909,https://gnomishbazaar.com/products/vallejo-wash-fx-light-grey-76-515,https://gnomishbazaar.com/products/vallejo-wash-fx-light-grey-76-515,published;check_digit_valid,paint,8429551765152,,2026-10-02
Vallejo,Washes,Vallejo Wash FX: Light Rust (76.505),76.505,,35,,8429551765053,8429551765053,EAN-13,https://cdn.shopify.com/s/files/1/0059/7481/8934/files/vallejo-wash-fx-76505.jpg?v=1745182253,https://gnomishbazaar.com/products/vallejo-wash-fx-light-rust-76-505,https://gnomishbazaar.com/products/vallejo-wash-fx-light-rust-76-505,published;check_digit_valid,paint,8429551765053,,2026-10-02
Vallejo,Washes,Vallejo Wash FX: Off-Grey (76.516),76.516,,35,,8429551765169,8429551765169,EAN-13,https://cdn.shopify.com/s/files/1/0059/7481/8934/files/vallejo-wash-fx-76516.jpg?v=1745183009,https://gnomishbazaar.com/products/vallejo-wash-fx-off-grey-76-516,https://gnomishbazaar.com/products/vallejo-wash-fx-off-grey-76-516,published;check_digit_valid,paint,8429551765169,,2026-10-02
Vallejo,Washes,Vallejo Wash FX: Oiled Earth (76.521),76.521,,35,,8429551765213,8429551765213,EAN-13,https://cdn.shopify.com/s/files/1/0059/7481/8934/files/vallejo-wash-fx-76521.jpg?v=1745183499,https://gnomishbazaar.com/products/vallejo-wash-fx-oiled-earth-76-521,https://gnomishbazaar.com/products/vallejo-wash-fx-oiled-earth-76-521,published;check_digit_valid,paint,8429551765213,,2026-10-02
Vallejo,Washes,Vallejo Wash FX: Olive Green (76.519),76.519,,35,,8429551765190,8429551765190,EAN-13,https://cdn.shopify.com/s/files/1/0059/7481/8934/files/vallejo-wash-fx-76519.jpg?v=1745183277,https://gnomishbazaar.com/products/vallejo-wash-fx-olive-green-76-519,https://gnomishbazaar.com/products/vallejo-wash-fx-olive-green-76-519,published;check_digit_valid,paint,8429551765190,,2026-10-02
Vallejo,Washes,Vallejo Wash FX: Rust (76.506),76.506,,35,,8429551765060,8429551765060,EAN-13,https://cdn.shopify.com/s/files/1/0059/7481/8934/files/vallejo-wash-fx-76506.jpg?v=1745182413,https://gnomishbazaar.com/products/vallejo-wash-fx-rust-76-506,https://gnomishbazaar.com/products/vallejo-wash-fx-rust-76-506,published;check_digit_valid,paint,8429551765060,,2026-10-02
Vallejo,Washes,Vallejo Wash FX: White (76.501),76.501,,35,,8429551765015,8429551765015,EAN-13,https://cdn.shopify.com/s/files/1/0059/7481/8934/files/vallejo-wash-fx-76501.jpg?v=1745181440,https://gnomishbazaar.com/products/vallejo-wash-fx-white-76-501,https://gnomishbazaar.com/products/vallejo-wash-fx-white-76-501,published;check_digit_valid,paint,8429551765015,,2026-10-02
Vallejo,Xpress Color,Vallejo Game Xpress Color Intense: Dreadnought Yellow (18ml),72.477,,18,,8429551724777,8429551724777,EAN-13,https://cdn.shopify.com/s/files/1/0627/6159/9138/files/72477.webp?v=1758556256,https://spraygunner.com/products/vallejo-game-xpress-color-intense-dreadnought-yellow-18ml,https://spraygunner.com/products/vallejo-game-xpress-color-intense-dreadnought-yellow-18ml,published;check_digit_valid,paint,8429551724777,,2026-10-02
Vallejo,Xpress Color,Vallejo Game Xpress Color Intense: Heretic Turquoise (18ml),72.481,,18,,8429551724814,8429551724814,EAN-13,https://cdn.shopify.com/s/files/1/0627/6159/9138/files/72481.webp?v=1758556644,https://spraygunner.com/products/vallejo-game-xpress-color-intense-heretic-turquoise-18ml,https://spraygunner.com/products/vallejo-game-xpress-color-intense-heretic-turquoise-18ml,published;check_digit_valid,paint,8429551724814,,2026-10-02
Vallejo,Xpress Color,Vallejo Game Xpress Color Intense: Hospitallier Black (18ml),72.484,,18,,8429551724845,8429551724845,EAN-13,https://cdn.shopify.com/s/files/1/0627/6159/9138/files/72484.webp?v=1758556896,https://spraygunner.com/products/vallejo-game-xpress-color-intense-hospitallier-black-18ml,https://spraygunner.com/products/vallejo-game-xpress-color-intense-hospitallier-black-18ml,published;check_digit_valid,paint,8429551724845,,2026-10-02
Vallejo,Xpress Color,Vallejo Game Xpress Color Intense: Legacy Blue (18ml),72.480,,18,,8429551724807,8429551724807,EAN-13,https://cdn.shopify.com/s/files/1/0627/6159/9138/files/72480.webp?v=1758556564,https://spraygunner.com/products/vallejo-game-xpress-color-intense-legacy-blue-18ml,https://spraygunner.com/products/vallejo-game-xpress-color-intense-legacy-blue-18ml,published;check_digit_valid,paint,8429551724807,,2026-10-02
Vallejo,Xpress Color,Vallejo Game Xpress Color Intense: Monastic Green (18ml),72.482,,18,,8429551724821,8429551724821,EAN-13,https://cdn.shopify.com/s/files/1/0627/6159/9138/files/72482.webp?v=1758556720,https://spraygunner.com/products/vallejo-game-xpress-color-intense-monastic-green-18ml,https://spraygunner.com/products/vallejo-game-xpress-color-intense-monastic-green-18ml,published;check_digit_valid,paint,8429551724821,,2026-10-02
Vallejo,Xpress Color,Vallejo Game Xpress Color Intense: Phoenix Orange (18ml),72.478,,18,,8429551724784,8429551724784,EAN-13,https://cdn.shopify.com/s/files/1/0627/6159/9138/files/72478.webp?v=1758556372,https://spraygunner.com/products/vallejo-game-xpress-color-intense-phoenix-orange-18ml,https://spraygunner.com/products/vallejo-game-xpress-color-intense-phoenix-orange-18ml,published;check_digit_valid,paint,8429551724784,,2026-10-02
Vallejo,Xpress Color,Vallejo Game Xpress Color Intense: Seraph Red (18ml),72.479,,18,,8429551724791,8429551724791,EAN-13,https://cdn.shopify.com/s/files/1/0627/6159/9138/files/72479.webp?v=1758556451,https://spraygunner.com/products/vallejo-game-xpress-color-intense-seraph-red-18ml,https://spraygunner.com/products/vallejo-game-xpress-color-intense-seraph-red-18ml,published;check_digit_valid,paint,8429551724791,,2026-10-02
Vallejo,Xpress Color,Vallejo Game Xpress Color Intense: Viking Grey (18ml),72.483,,18,,8429551724838,8429551724838,EAN-13,https://cdn.shopify.com/s/files/1/0627/6159/9138/files/72483.webp?v=1758556812,https://spraygunner.com/products/vallejo-game-xpress-color-intense-viking-grey-18ml,https://spraygunner.com/products/vallejo-game-xpress-color-intense-viking-grey-18ml,published;check_digit_valid,paint,8429551724838,,2026-10-02
Vallejo,Xpress Color,Vallejo Game Xpress Color: Armor Green (18ml),72.466,,18,,8429551724661,8429551724661,EAN-13,https://cdn.shopify.com/s/files/1/0627/6159/9138/files/72466.webp?v=1758555357,https://spraygunner.com/products/vallejo-game-xpress-color-armor-green-18ml,https://spraygunner.com/products/vallejo-game-xpress-color-armor-green-18ml,published;check_digit_valid,paint,8429551724661,,2026-10-02
Vallejo,Xpress Color,Vallejo Game Xpress Color: Bag of Bones (18ml),72.450,,18,,8429551724500,8429551724500,EAN-13,https://cdn.shopify.com/s/files/1/0627/6159/9138/files/72450.webp?v=1758553668,https://spraygunner.com/products/vallejo-game-xpress-color-bag-of-bones-18ml,https://spraygunner.com/products/vallejo-game-xpress-color-bag-of-bones-18ml,published;check_digit_valid,paint,8429551724500,,2026-10-02
Vallejo,Xpress Color,Vallejo Game Xpress Color: Battledress Brown (18ml),72.473,,18,,8429551724739,8429551724739,EAN-13,https://cdn.shopify.com/s/files/1/0627/6159/9138/files/72473.webp?v=1758555915,https://spraygunner.com/products/vallejo-game-xpress-color-battledress-brown-18ml,https://spraygunner.com/products/vallejo-game-xpress-color-battledress-brown-18ml,published;check_digit_valid,paint,8429551724739,,2026-10-02
Vallejo,Xpress Color,Vallejo Game Xpress Color: Black Lotus (18ml),72.423,,18,,8429551724234,8429551724234,EAN-13,https://cdn.shopify.com/s/files/1/0627/6159/9138/files/72423.webp?v=1758553407,https://spraygunner.com/products/vallejo-game-xpress-color-black-lotus-18ml,https://spraygunner.com/products/vallejo-game-xpress-color-black-lotus-18ml,published;check_digit_valid,paint,8429551724234,,2026-10-02
Vallejo,Xpress Color,Vallejo Game Xpress Color: Camouflage Green (18ml),72.467,,18,,8429551724678,8429551724678,EAN-13,https://cdn.shopify.com/s/files/1/0627/6159/9138/files/72467.webp?v=1758555439,https://spraygunner.com/products/vallejo-game-xpress-color-camouflage-green-18ml,https://spraygunner.com/products/vallejo-game-xpress-color-camouflage-green-18ml,published;check_digit_valid,paint,8429551724678,,2026-10-02
Vallejo,Xpress Color,Vallejo Game Xpress Color: Cardinal Purple (18ml),72.408,,18,,8429551724081,8429551724081,EAN-13,https://cdn.shopify.com/s/files/1/0627/6159/9138/files/72408.webp?v=1758551171,https://spraygunner.com/products/vallejo-game-xpress-color-cardinal-purple-18ml,https://spraygunner.com/products/vallejo-game-xpress-color-cardinal-purple-18ml,published;check_digit_valid,paint,8429551724081,,2026-10-02
Vallejo,Xpress Color,Vallejo Game Xpress Color: Caribbean Turquoise (18ml),72.414,,18,,8429551724142,8429551724142,EAN-13,https://cdn.shopify.com/s/files/1/0627/6159/9138/files/72414.webp?v=1758552310,https://spraygunner.com/products/vallejo-game-xpress-color-caribbean-turquoise-18ml,https://spraygunner.com/products/vallejo-game-xpress-color-caribbean-turquoise-18ml,published;check_digit_valid,paint,8429551724142,,2026-10-02
Vallejo,Xpress Color,Vallejo Game Xpress Color: Chameleon Orange (18ml),72.455,,18,,8429551724555,8429551724555,EAN-13,https://cdn.shopify.com/s/files/1/0627/6159/9138/files/72455.webp?v=1758554096,https://spraygunner.com/products/vallejo-game-xpress-color-chameleon-orange-18ml,https://spraygunner.com/products/vallejo-game-xpress-color-chameleon-orange-18ml,published;check_digit_valid,paint,8429551724555,,2026-10-02
Vallejo,Xpress Color,Vallejo Game Xpress Color: Commando Green (18ml),72.468,,18,,8429551724685,8429551724685,EAN-13,https://cdn.shopify.com/s/files/1/0627/6159/9138/files/72468.webp?v=1758555527,https://spraygunner.com/products/vallejo-game-xpress-color-commando-green-18ml,https://spraygunner.com/products/vallejo-game-xpress-color-commando-green-18ml,published;check_digit_valid,paint,8429551724685,,2026-10-02
Vallejo,Xpress Color,Vallejo Game Xpress Color: Copper Brown (18ml),72.421,,18,,8429551724210,8429551724210,EAN-13,https://cdn.shopify.com/s/files/1/0627/6159/9138/files/72421.webp?v=1758553231,https://spraygunner.com/products/vallejo-game-xpress-color-copper-brown-18ml,https://spraygunner.com/products/vallejo-game-xpress-color-copper-brown-18ml,published;check_digit_valid,paint,8429551724210,,2026-10-02
Vallejo,Xpress Color,Vallejo Game Xpress Color: Deep Purple (18ml),72.409,,18,,8429551724098,8429551724098,EAN-13,https://cdn.shopify.com/s/files/1/0627/6159/9138/files/72409.webp?v=1758551362,https://spraygunner.com/products/vallejo-game-xpress-color-deep-purple-18ml,https://spraygunner.com/products/vallejo-game-xpress-color-deep-purple-18ml,published;check_digit_valid,paint,8429551724098,,2026-10-02
Vallejo,Xpress Color,Vallejo Game Xpress Color: Demonic Skin (18ml),72.458,,18,,8429551724586,8429551724586,EAN-13,https://cdn.shopify.com/s/files/1/0627/6159/9138/files/72458.webp?v=1758554330,https://spraygunner.com/products/vallejo-game-xpress-color-demonic-skin-18ml,https://spraygunner.com/products/vallejo-game-xpress-color-demonic-skin-18ml,published;check_digit_valid,paint,8429551724586,,2026-10-02
Vallejo,Xpress Color,Vallejo Game Xpress Color: Desert Ochre (18ml),72.454,,18,,8429551724548,8429551724548,EAN-13,https://cdn.shopify.com/s/files/1/0627/6159/9138/files/72454.webp?v=1758554017,https://spraygunner.com/products/vallejo-game-xpress-color-desert-ochre-18ml,https://spraygunner.com/products/vallejo-game-xpress-color-desert-ochre-18ml,published;check_digit_valid,paint,8429551724548,,2026-10-02
Vallejo,Xpress Color,Vallejo Game Xpress Color: Dwarf Skin (18ml),72.402,,18,,8429551724029,8429551724029,EAN-13,https://cdn.shopify.com/s/files/1/0627/6159/9138/files/72402.webp?v=1758548745,https://spraygunner.com/products/vallejo-game-xpress-color-dwarf-skin-18ml,https://spraygunner.com/products/vallejo-game-xpress-color-dwarf-skin-18ml,published;check_digit_valid,paint,8429551724029,,2026-10-02
Vallejo,Xpress Color,Vallejo Game Xpress Color: Fairy Skin (18ml),72.457,,18,,8429551724579,8429551724579,EAN-13,https://cdn.shopify.com/s/files/1/0627/6159/9138/files/72457.webp?v=1758554258,https://spraygunner.com/products/vallejo-game-xpress-color-fairy-skin-18ml,https://spraygunner.com/products/vallejo-game-xpress-color-fairy-skin-18ml,published;check_digit_valid,paint,8429551724579,,2026-10-02
Vallejo,Xpress Color,Vallejo Game Xpress Color: Fluid Pink (18ml),72.459,,18,,8429551724593,8429551724593,EAN-13,https://cdn.shopify.com/s/files/1/0627/6159/9138/files/72459.webp?v=1758554420,https://spraygunner.com/products/vallejo-game-xpress-color-fluid-pink-18ml,https://spraygunner.com/products/vallejo-game-xpress-color-fluid-pink-18ml,published;check_digit_valid,paint,8429551724593,,2026-10-02
Vallejo,Xpress Color,Vallejo Game Xpress Color: Forest Green (18ml),72.465,,18,,8429551724654,8429551724654,EAN-13,https://cdn.shopify.com/s/files/1/0627/6159/9138/files/72465.webp?v=1758555283,https://spraygunner.com/products/vallejo-game-xpress-color-forest-green-18ml,https://spraygunner.com/products/vallejo-game-xpress-color-forest-green-18ml,published;check_digit_valid,paint,8429551724654,,2026-10-02
Vallejo,Xpress Color,Vallejo Game Xpress Color: Gloomy Violet (18ml),72.410,,18,,8429551724104,8429551724104,EAN-13,https://cdn.shopify.com/s/files/1/0627/6159/9138/files/72410.webp?v=1758551454,https://spraygunner.com/products/vallejo-game-xpress-color-gloomy-violet-18ml,https://spraygunner.com/products/vallejo-game-xpress-color-gloomy-violet-18ml,published;check_digit_valid,paint,8429551724104,,2026-10-02
Vallejo,Xpress Color,Vallejo Game Xpress Color: Greasy Black (18ml),72.476,,18,,8429551724760,8429551724760,EAN-13,https://cdn.shopify.com/s/files/1/0627/6159/9138/files/72476.webp?v=1758556151,https://spraygunner.com/products/vallejo-game-xpress-color-greasy-black-18ml,https://spraygunner.com/products/vallejo-game-xpress-color-greasy-black-18ml,published;check_digit_valid,paint,8429551724760,,2026-10-02
Vallejo,Xpress Color,Vallejo Game Xpress Color: Iceberg Grey (18ml),72.463,,18,,8429551724630,8429551724630,EAN-13,https://cdn.shopify.com/s/files/1/0627/6159/9138/files/72463.webp?v=1758555087,https://spraygunner.com/products/vallejo-game-xpress-color-iceberg-grey-18ml,https://spraygunner.com/products/vallejo-game-xpress-color-iceberg-grey-18ml,published;check_digit_valid,paint,8429551724630,,2026-10-02
Vallejo,Xpress Color,Vallejo Game Xpress Color: Imperial Yellow (18ml),72.403,,18,,8429551724036,8429551724036,EAN-13,https://cdn.shopify.com/s/files/1/0627/6159/9138/files/72403.webp?v=1758548881,https://spraygunner.com/products/vallejo-game-xpress-color-imperial-yellow-18ml,https://spraygunner.com/products/vallejo-game-xpress-color-imperial-yellow-18ml,published;check_digit_valid,paint,8429551724036,,2026-10-02
Vallejo,Xpress Color,Vallejo Game Xpress Color: Khaki Drill (18ml),72.451,,18,,8429551724517,8429551724517,EAN-13,https://cdn.shopify.com/s/files/1/0627/6159/9138/files/72451.webp?v=1758553767,https://spraygunner.com/products/vallejo-game-xpress-color-khaki-drill-18ml,https://spraygunner.com/products/vallejo-game-xpress-color-khaki-drill-18ml,published;check_digit_valid,paint,8429551724517,,2026-10-02
Vallejo,Xpress Color,Vallejo Game Xpress Color: Landser Grey (18ml),72.469,,18,,8429551724692,8429551724692,EAN-13,https://cdn.shopify.com/s/files/1/0627/6159/9138/files/72469.webp?v=1758555607,https://spraygunner.com/products/vallejo-game-xpress-color-landser-grey-18ml,https://spraygunner.com/products/vallejo-game-xpress-color-landser-grey-18ml,published;check_digit_valid,paint,8429551724692,,2026-10-02
Vallejo,Xpress Color,Vallejo Game Xpress Color: Lizard Green (18ml),72.418,,18,,8429551724180,8429551724180,EAN-13,https://cdn.shopify.com/s/files/1/0627/6159/9138/files/72418.webp?v=1777009599,https://spraygunner.com/products/vallejo-game-xpress-color-lizard-green-18ml,https://spraygunner.com/products/vallejo-game-xpress-color-lizard-green-18ml,published;check_digit_valid,paint,8429551724180,,2026-10-02
Vallejo,Xpress Color,Vallejo Game Xpress Color: Mahogany (18ml),72.472,,18,,8429551724722,8429551724722,EAN-13,https://cdn.shopify.com/s/files/1/0627/6159/9138/files/72472.webp?v=1758555840,https://spraygunner.com/products/vallejo-game-xpress-color-mahogany-18ml,https://spraygunner.com/products/vallejo-game-xpress-color-mahogany-18ml,published;check_digit_valid,paint,8429551724722,,2026-10-02
Vallejo,Xpress Color,Vallejo Game Xpress Color: Martian Orange (18ml),72.405,,18,,8429551724050,8429551724050,EAN-13,https://cdn.shopify.com/s/files/1/0627/6159/9138/files/72405.webp?v=1758550848,https://spraygunner.com/products/vallejo-game-xpress-color-martian-orange-18ml,https://spraygunner.com/products/vallejo-game-xpress-color-martian-orange-18ml,published;check_digit_valid,texture/effect,8429551724050,,2026-10-02
Vallejo,Xpress Color,Vallejo Game Xpress Color: Military Yellow (18ml),72.453,,18,,8429551724531,8429551724531,EAN-13,https://cdn.shopify.com/s/files/1/0627/6159/9138/files/72453.webp?v=1758553932,https://spraygunner.com/products/vallejo-game-xpress-color-military-yellow-18ml,https://spraygunner.com/products/vallejo-game-xpress-color-military-yellow-18ml,published;check_digit_valid,paint,8429551724531,,2026-10-02
Vallejo,Xpress Color,Vallejo Game Xpress Color: Muddy Ground (18ml),72.475,,18,,8429551724753,8429551724753,EAN-13,https://cdn.shopify.com/s/files/1/0627/6159/9138/files/72475.webp?v=1758556068,https://spraygunner.com/products/vallejo-game-xpress-color-muddy-ground-18ml,https://spraygunner.com/products/vallejo-game-xpress-color-muddy-ground-18ml,published;check_digit_valid,texture/effect,8429551724753,,2026-10-02
Vallejo,Xpress Color,Vallejo Game Xpress Color: Mummy White (18ml),72.449,,18,,8429551724494,8429551724494,EAN-13,https://cdn.shopify.com/s/files/1/0627/6159/9138/files/72449.webp?v=1758553588,https://spraygunner.com/products/vallejo-game-xpress-color-mummy-white-18ml,https://spraygunner.com/products/vallejo-game-xpress-color-mummy-white-18ml,published;check_digit_valid,paint,8429551724494,,2026-10-02
Vallejo,Xpress Color,Vallejo Game Xpress Color: Mystic Blue (18ml),72.411,,18,,8429551724111,8429551724111,EAN-13,https://cdn.shopify.com/s/files/1/0627/6159/9138/files/72411.webp?v=1758551540,https://spraygunner.com/products/vallejo-game-xpress-color-mystic-blue-18ml,https://spraygunner.com/products/vallejo-game-xpress-color-mystic-blue-18ml,published;check_digit_valid,paint,8429551724111,,2026-10-02
Vallejo,Xpress Color,Vallejo Game Xpress Color: Nuclear Yellow (18ml),72.404,,18,,8429551724043,8429551724043,EAN-13,https://cdn.shopify.com/s/files/1/0627/6159/9138/files/72404.webp?v=1758548961,https://spraygunner.com/products/vallejo-game-xpress-color-nuclear-yellow-18ml,https://spraygunner.com/products/vallejo-game-xpress-color-nuclear-yellow-18ml,published;check_digit_valid,paint,8429551724043,,2026-10-02
Vallejo,Xpress Color,Vallejo Game Xpress Color: Omega Blue (18ml),72.413,,18,,8429551724135,8429551724135,EAN-13,https://cdn.shopify.com/s/files/1/0627/6159/9138/files/72413.webp?v=1758552104,https://spraygunner.com/products/vallejo-game-xpress-color-omega-blue-18ml,https://spraygunner.com/products/vallejo-game-xpress-color-omega-blue-18ml,published;check_digit_valid,paint,8429551724135,,2026-10-02
Vallejo,Xpress Color,Vallejo Game Xpress Color: Orc Skin (18ml),72.415,,18,,8429551724159,8429551724159,EAN-13,https://cdn.shopify.com/s/files/1/0627/6159/9138/files/72415.webp?v=1758552390,https://spraygunner.com/products/vallejo-game-xpress-color-orc-skin-18ml,https://spraygunner.com/products/vallejo-game-xpress-color-orc-skin-18ml,published;check_digit_valid,paint,8429551724159,,2026-10-02
Vallejo,Xpress Color,Vallejo Game Xpress Color: Plague Green (18ml),72.419,,18,,8429551724197,8429551724197,EAN-13,https://cdn.shopify.com/s/files/1/0627/6159/9138/files/72419.webp?v=1758552977,https://spraygunner.com/products/vallejo-game-xpress-color-plague-green-18ml,https://spraygunner.com/products/vallejo-game-xpress-color-plague-green-18ml,published;check_digit_valid,paint,8429551724197,,2026-10-02
Vallejo,Xpress Color,Vallejo Game Xpress Color: Rotten Flesh (18ml),72.452,,18,,8429551724524,8429551724524,EAN-13,https://cdn.shopify.com/s/files/1/0627/6159/9138/files/72452.webp?v=1758553847,https://spraygunner.com/products/vallejo-game-xpress-color-rotten-flesh-18ml,https://spraygunner.com/products/vallejo-game-xpress-color-rotten-flesh-18ml,published;check_digit_valid,paint,8429551724524,,2026-10-02
Vallejo,Xpress Color,Vallejo Game Xpress Color: Snake Green (18ml),72.417,,18,,8429551724173,8429551724173,EAN-13,https://cdn.shopify.com/s/files/1/0627/6159/9138/files/72417.webp?v=1758552803,https://spraygunner.com/products/vallejo-game-xpress-color-snake-green-18ml,https://spraygunner.com/products/vallejo-game-xpress-color-snake-green-18ml,published;check_digit_valid,paint,8429551724173,,2026-10-02
Vallejo,Xpress Color,Vallejo Game Xpress Color: Space Grey (18ml),72.422,,18,,8429551724227,8429551724227,EAN-13,https://cdn.shopify.com/s/files/1/0627/6159/9138/files/72422.webp?v=1777144066,https://spraygunner.com/products/vallejo-game-xpress-color-space-grey-18ml,https://spraygunner.com/products/vallejo-game-xpress-color-space-grey-18ml,published;check_digit_valid,paint,8429551724227,,2026-10-02
Vallejo,Xpress Color,Vallejo Game Xpress Color: Starship Steel (18ml),72.462,,18,,8429551724623,8429551724623,EAN-13,https://cdn.shopify.com/s/files/1/0627/6159/9138/files/72462.webp?v=1758554671,https://spraygunner.com/products/vallejo-game-xpress-color-starship-steel-18ml,https://spraygunner.com/products/vallejo-game-xpress-color-starship-steel-18ml,published;check_digit_valid,paint,8429551724623,,2026-10-02
Vallejo,Xpress Color,Vallejo Game Xpress Color: Storm Blue (18ml),72.412,,18,,8429551724128,8429551724128,EAN-13,https://cdn.shopify.com/s/files/1/0627/6159/9138/files/72412.webp?v=1758551668,https://spraygunner.com/products/vallejo-game-xpress-color-storm-blue-18ml,https://spraygunner.com/products/vallejo-game-xpress-color-storm-blue-18ml,published;check_digit_valid,paint,8429551724128,,2026-10-02
Vallejo,Xpress Color,Vallejo Game Xpress Color: Tanned Skin (18ml),72.471,,18,,8429551724715,8429551724715,EAN-13,https://cdn.shopify.com/s/files/1/0627/6159/9138/files/72471.webp?v=1758555766,https://spraygunner.com/products/vallejo-game-xpress-color-tanned-skin-18ml,https://spraygunner.com/products/vallejo-game-xpress-color-tanned-skin-18ml,published;check_digit_valid,paint,8429551724715,,2026-10-02
Vallejo,Xpress Color,Vallejo Game Xpress Color: Templar White (18ml),72.401,,18,,8429551724012,8429551724012,EAN-13,https://cdn.shopify.com/s/files/1/0627/6159/9138/files/72401.webp?v=1758548595,https://spraygunner.com/products/vallejo-game-xpress-color-templar-white-18ml,https://spraygunner.com/products/vallejo-game-xpress-color-templar-white-18ml,published;check_digit_valid,paint,8429551724012,,2026-10-02
Vallejo,Xpress Color,Vallejo Game Xpress Color: Troll Green (18ml),72.416,,18,,8429551724166,8429551724166,EAN-13,https://cdn.shopify.com/s/files/1/0627/6159/9138/files/72416.webp?v=1758552494,https://spraygunner.com/products/vallejo-game-xpress-color-troll-green-18ml,https://spraygunner.com/products/vallejo-game-xpress-color-troll-green-18ml,published;check_digit_valid,paint,8429551724166,,2026-10-02
Vallejo,Xpress Color,Vallejo Game Xpress Color: Twilight Rose (18ml),72.460,,18,,8429551724609,8429551724609,EAN-13,https://cdn.shopify.com/s/files/1/0627/6159/9138/files/72460.webp?v=1758554499,https://spraygunner.com/products/vallejo-game-xpress-color-twilight-rose-18ml,https://spraygunner.com/products/vallejo-game-xpress-color-twilight-rose-18ml,published;check_digit_valid,paint,8429551724609,,2026-10-02
Vallejo,Xpress Color,Vallejo Game Xpress Color: Vampiric Purple (18ml),72.461,,18,,8429551724616,8429551724616,EAN-13,https://cdn.shopify.com/s/files/1/0627/6159/9138/files/72461.webp?v=1758554574,https://spraygunner.com/products/vallejo-game-xpress-color-vampiric-purple-18ml,https://spraygunner.com/products/vallejo-game-xpress-color-vampiric-purple-18ml,published;check_digit_valid,paint,8429551724616,,2026-10-02
Vallejo,Xpress Color,Vallejo Game Xpress Color: Velvet Red (18ml),72.407,,18,,8429551724074,8429551724074,EAN-13,https://cdn.shopify.com/s/files/1/0627/6159/9138/files/72407.webp?v=1758551017,https://spraygunner.com/products/vallejo-game-xpress-color-velvet-red-18ml,https://spraygunner.com/products/vallejo-game-xpress-color-velvet-red-18ml,published;check_digit_valid,paint,8429551724074,,2026-10-02
Vallejo,Xpress Color,Vallejo Game Xpress Color: Wagram Blue (18ml),72.464,,18,,8429551724647,8429551724647,EAN-13,https://cdn.shopify.com/s/files/1/0627/6159/9138/files/72464.webp?v=1758555209,https://spraygunner.com/products/vallejo-game-xpress-color-wagram-blue-18ml,https://spraygunner.com/products/vallejo-game-xpress-color-wagram-blue-18ml,published;check_digit_valid,paint,8429551724647,,2026-10-02
Vallejo,Xpress Color,Vallejo Game Xpress Color: Wasteland Brown (18ml),72.420,,18,,8429551724203,8429551724203,EAN-13,https://cdn.shopify.com/s/files/1/0627/6159/9138/files/72420.webp?v=1758553079,https://spraygunner.com/products/vallejo-game-xpress-color-wasteland-brown-18ml,https://spraygunner.com/products/vallejo-game-xpress-color-wasteland-brown-18ml,published;check_digit_valid,paint,8429551724203,,2026-10-02
Vallejo,Xpress Color,Vallejo Game Xpress Color: Wicked Purple (18ml),72.456,,18,,8429551724562,8429551724562,EAN-13,https://cdn.shopify.com/s/files/1/0627/6159/9138/files/72456.webp?v=1758554178,https://spraygunner.com/products/vallejo-game-xpress-color-wicked-purple-18ml,https://spraygunner.com/products/vallejo-game-xpress-color-wicked-purple-18ml,published;check_digit_valid,paint,8429551724562,,2026-10-02
Vallejo,Xpress Color,Vallejo Game Xpress Color: Willow Bark (18ml),72.474,,18,,8429551724746,8429551724746,EAN-13,https://cdn.shopify.com/s/files/1/0627/6159/9138/files/72474.webp?v=1758555986,https://spraygunner.com/products/vallejo-game-xpress-color-willow-bark-18ml,https://spraygunner.com/products/vallejo-game-xpress-color-willow-bark-18ml,published;check_digit_valid,paint,8429551724746,,2026-10-02
Vallejo,Xpress Color,Vallejo Game Xpress Color: Xpress Medium (18ml),72.448,,18,,8429551724487,8429551724487,EAN-13,https://cdn.shopify.com/s/files/1/0627/6159/9138/files/72448.webp?v=1758553507,https://spraygunner.com/products/vallejo-game-xpress-color-xpress-medium-18ml,https://spraygunner.com/products/vallejo-game-xpress-color-xpress-medium-18ml,published;check_digit_valid,medium/auxiliary,8429551724487,,2026-10-02
Vallejo,Xpress Color,Vallejo Game Xpress Color: Zombie Flesh (18ml),72.470,,18,,8429551724708,8429551724708,EAN-13,https://cdn.shopify.com/s/files/1/0627/6159/9138/files/72470.webp?v=1758555688,https://spraygunner.com/products/vallejo-game-xpress-color-zombie-flesh-18ml,https://spraygunner.com/products/vallejo-game-xpress-color-zombie-flesh-18ml,published;check_digit_valid,paint,8429551724708,,2026-10-02
Vallejo,Xpress Color,Vallejo Game Xpress Plasma Red 72.406 (18ml),72.406,,18,,8429551724067,8429551724067,EAN-13,https://cdn.shopify.com/s/files/1/0627/6159/9138/files/72406.webp?v=1777346297,https://spraygunner.com/products/vallejo-game-xpress-color-plasma-red-18ml,https://spraygunner.com/products/vallejo-game-xpress-color-plasma-red-18ml,published;check_digit_valid,paint,8429551724067,,2026-10-02
Vallejo,airbrush medium,Vallejo Airbrush Flow Improver,71.262,18 mL,18,,8429551712620,8429551712620,EAN-13,https://cdn.shopify.com/s/files/1/0627/6159/9138/files/71262-1.webp?v=1762448376,https://spraygunner.com/products/vallejo-airbrush-flow-improver,https://spraygunner.com/products/vallejo-airbrush-flow-improver,published;check_digit_valid,medium/auxiliary,8429551712620,,2026-10-02
Vallejo,airbrush medium,Vallejo Airbrush Flow Improver,71.562,200 mL,200,,8429551715621,8429551715621,EAN-13,https://cdn.shopify.com/s/files/1/0627/6159/9138/files/71262-4.webp?v=1748444501,https://spraygunner.com/products/vallejo-airbrush-flow-improver,https://spraygunner.com/products/vallejo-airbrush-flow-improver,published;check_digit_valid,medium/auxiliary,8429551715621,,2026-10-02
Vallejo,airbrush medium,Vallejo Airbrush Flow Improver,71.362,32 mL,32,,8429551713627,8429551713627,EAN-13,https://cdn.shopify.com/s/files/1/0627/6159/9138/files/71262-2.webp?v=1748444501,https://spraygunner.com/products/vallejo-airbrush-flow-improver,https://spraygunner.com/products/vallejo-airbrush-flow-improver,published;check_digit_valid,medium/auxiliary,8429551713627,,2026-10-02
Vallejo,airbrush medium,Vallejo Airbrush Flow Improver,71.462,60 mL,60,,8429551714624,8429551714624,EAN-13,https://cdn.shopify.com/s/files/1/0627/6159/9138/files/71262-3.webp?v=1748444501,https://spraygunner.com/products/vallejo-airbrush-flow-improver,https://spraygunner.com/products/vallejo-airbrush-flow-improver,published;check_digit_valid,medium/auxiliary,8429551714624,,2026-10-02
